region,window_start,window_end,ndvi,evi,precip_mm_lag0,pet_mm_lag0,tmean_c_lag0,dewpoint_c_lag0,soil_moist_layer1_lag0,lai_high_lag0,tmax_c_lag0,tmin_c_lag0,precip_mm_lag1,pet_mm_lag1,tmean_c_lag1,dewpoint_c_lag1,soil_moist_layer1_lag1,lai_high_lag1,tmax_c_lag1,tmin_c_lag1,precip_mm_lag2,pet_mm_lag2,tmean_c_lag2,dewpoint_c_lag2,soil_moist_layer1_lag2,lai_high_lag2,tmax_c_lag2,tmin_c_lag2,precip_mm_roll32,et_mm_lag0,et_mm_lag1,et_resolution,deficit_hidrico,soil_moist_anomaly
Cauca,2000-03-21,2000-04-06,0.4791042634217974,0.3152943501664279,308.8381697331398,78.50295504139976,17.42945830263815,15.398229370006849,0.44857938751207616,3.960731135590456,22.274933925973134,13.857899678450991,256.2906962057291,89.9805108818854,17.642153260874295,15.505040835172839,0.44637229659745775,3.9538856527964246,22.763726644926617,14.10730091694365,249.28754326478474,74.2585575933681,17.287234875485275,15.46234617054673,0.44984158876911573,3.9671307103022357,21.42541959574621,14.169213542733209,565.1288659388689,3.418989262136443,,monthly,230.33521469174005,0.003449048085027606
Cauca,2000-04-06,2000-04-22,0.5433457242207216,0.3506040097127702,306.59830190080083,72.49862155632863,17.7474670715242,15.811758297270515,0.44949269536087083,3.971305345026644,22.115116956388498,15.032311215666857,308.8381697331398,78.50295504139976,17.42945830263815,15.398229370006849,0.44857938751207616,3.960731135590456,22.274933925973134,13.857899678450991,256.2906962057291,89.9805108818854,17.642153260874295,15.505040835172839,0.44637229659745775,3.9538856527964246,22.763726644926617,14.10730091694365,615.4364716339406,3.5650692039805114,3.418989262136443,monthly,234.0996803444722,0.0036349071943800326
Cauca,2000-04-22,2000-05-08,0.480094747356064,0.3241534834160665,394.7807987776822,69.53863802187352,17.90032565178482,16.012230501019587,0.45012940390762146,3.961116572732836,22.003388049965444,14.863646692344172,306.59830190080083,72.49862155632863,17.7474670715242,15.811758297270515,0.44949269536087083,3.971305345026644,22.115116956388498,15.032311215666857,308.8381697331398,78.50295504139976,17.42945830263815,15.398229370006849,0.44857938751207616,3.960731135590456,22.274933925973134,13.857899678450991,701.379100678483,3.5650692039805114,3.418989262136443,monthly,325.2421607558087,0.003289970517576457
Cauca,2000-05-08,2000-05-24,0.4173889333660236,0.2661996375395795,402.759070447924,65.12135407695716,17.766221324491738,15.949440888302117,0.45090561635121434,3.95065241617293,21.649495498829445,15.125960387153336,394.7807987776822,69.53863802187352,17.90032565178482,16.012230501019587,0.45012940390762146,3.961116572732836,22.003388049965444,14.863646692344172,306.59830190080083,72.49862155632863,17.7474670715242,15.811758297270515,0.44949269536087083,3.971305345026644,22.115116956388498,15.032311215666857,797.5398692256063,3.5287043415097195,3.5650692039805114,monthly,337.6377163709668,0.004899921000116991
Cauca,2000-05-24,2000-06-09,0.591181052177926,0.3581344935815967,331.7270914585979,68.32826113242885,17.66649631268856,15.628235530226844,0.4485620311046849,3.965457085132247,21.76469842188062,14.752223208172666,402.759070447924,65.12135407695716,17.766221324491738,15.949440888302117,0.45090561635121434,3.95065241617293,21.649495498829445,15.125960387153336,394.7807987776822,69.53863802187352,17.90032565178482,16.012230501019587,0.45012940390762146,3.961116572732836,22.003388049965444,14.863646692344172,734.4861619065218,3.5287043415097195,3.5650692039805114,monthly,263.39883032616905,0.0028620335824672827
Cauca,2000-06-09,2000-06-25,0.5491302092831258,0.3648263281413305,349.48874735871004,67.26563986056993,17.41201944643522,15.44349856366593,0.4472687312202308,3.9796353668121807,21.63116804175286,14.19263594668432,331.7270914585979,68.32826113242885,17.66649631268856,15.628235530226844,0.4485620311046849,3.965457085132247,21.76469842188062,14.752223208172666,402.759070447924,65.12135407695716,17.766221324491738,15.949440888302117,0.45090561635121434,3.95065241617293,21.649495498829445,15.125960387153336,681.2158388173079,3.627669258666594,3.5287043415097195,monthly,282.2231074981401,0.004830229688492116
Cauca,2000-06-25,2000-07-11,0.5381006135808827,0.3402070415508754,305.8742837382113,71.90164429754927,17.515912694661687,15.150987823806496,0.44208296703964883,3.9752765559901717,22.454491841292405,13.587147234642844,349.48874735871004,67.26563986056993,17.41201944643522,15.44349856366593,0.4472687312202308,3.9796353668121807,21.63116804175286,14.19263594668432,331.7270914585979,68.32826113242885,17.66649631268856,15.628235530226844,0.4485620311046849,3.965457085132247,21.76469842188062,14.752223208172666,655.3630310969213,3.627669258666594,3.5287043415097195,monthly,233.97263944066205,0.004627396352709534
Cauca,2000-07-11,2000-07-27,0.5530252075055754,0.3416838602498249,375.06772165889805,71.51763916064523,17.171829434060793,15.03751633265765,0.44410845134035914,3.962177083011067,21.87303149221652,13.879157428223987,305.8742837382113,71.90164429754927,17.515912694661687,15.150987823806496,0.44208296703964883,3.9752765559901717,22.454491841292405,13.587147234642844,349.48874735871004,67.26563986056993,17.41201944643522,15.44349856366593,0.4472687312202308,3.9796353668121807,21.63116804175286,14.19263594668432,680.9420053971094,3.71040277921328,3.627669258666594,monthly,303.55008249825283,0.009841897566710889
Cauca,2000-07-27,2000-08-12,0.5074112098574751,0.3474541245658519,327.6742162246598,83.29186538112376,17.068229159998943,14.523481036379675,0.4433381055849155,3.930752155954042,22.94744027696873,13.449201931696283,375.06772165889805,71.51763916064523,17.171829434060793,15.03751633265765,0.44410845134035914,3.962177083011067,21.87303149221652,13.879157428223987,305.8742837382113,71.90164429754927,17.515912694661687,15.150987823806496,0.44208296703964883,3.9752765559901717,22.454491841292405,13.587147234642844,702.7419378835579,3.71040277921328,3.627669258666594,monthly,244.38235084353605,0.016104382603237877
Cauca,2000-08-12,2000-08-28,0.4619856836494205,0.291195305868551,264.3810974604698,101.89875635533858,17.79724897584477,14.500295697072449,0.42054322926904775,3.9074397029357404,22.696728630015183,13.522474542988451,327.6742162246598,83.29186538112376,17.068229159998943,14.523481036379675,0.4433381055849155,3.930752155954042,22.94744027696873,13.449201931696283,375.06772165889805,71.51763916064523,17.171829434060793,15.03751633265765,0.44410845134035914,3.962177083011067,21.87303149221652,13.879157428223987,592.0553136851296,3.723394021604889,3.71040277921328,monthly,162.4823411051312,-0.004918030089916314
Cauca,2000-08-28,2000-09-13,0.5948200820031105,0.3953894886581051,366.29331035574444,89.13556205562264,17.750284383689795,15.240863954130848,0.43733159886690215,3.9044845074065018,22.720778436922348,14.175065841101164,264.3810974604698,101.89875635533858,17.79724897584477,14.500295697072449,0.42054322926904775,3.9074397029357404,22.696728630015183,13.522474542988451,327.6742162246598,83.29186538112376,17.068229159998943,14.523481036379675,0.4433381055849155,3.930752155954042,22.94744027696873,13.449201931696283,630.6744078162142,3.723394021604889,3.71040277921328,monthly,277.1577483001218,0.01259098456139307
Cauca,2000-09-13,2000-09-29,0.480249867789628,0.3213522298638538,359.1942917356166,87.36145148074078,17.488725614341362,15.095943886041592,0.443560891794368,3.9056181417496507,22.627428829862243,13.928194300427664,366.29331035574444,89.13556205562264,17.750284383689795,15.240863954130848,0.43733159886690215,3.9044845074065018,22.720778436922348,14.175065841101164,264.3810974604698,101.89875635533858,17.79724897584477,14.500295697072449,0.42054322926904775,3.9074397029357404,22.696728630015183,13.522474542988451,725.487602091361,3.504823360961528,3.723394021604889,monthly,271.8328402548758,0.014781260815416308
Cauca,2000-09-29,2000-10-15,0.5151445192022912,0.3459851547232064,348.94408866014203,87.63669804885944,17.529669396099585,15.05445705312829,0.4412268841700425,3.9127967267113832,22.155076017012075,14.164082486216463,359.1942917356166,87.36145148074078,17.488725614341362,15.095943886041592,0.443560891794368,3.9056181417496507,22.627428829862243,13.928194300427664,366.29331035574444,89.13556205562264,17.750284383689795,15.240863954130848,0.43733159886690215,3.9044845074065018,22.720778436922348,14.175065841101164,708.1383803957586,3.504823360961528,3.723394021604889,monthly,261.3073906112826,0.0030012076133417165
Cauca,2000-10-15,2000-10-31,0.4733975575933398,0.3115676912063887,411.78300074203804,68.1530448985236,17.740235429844617,15.743219723609013,0.44183952951318595,3.9241031378291034,22.710880788396533,14.896489781503336,348.94408866014203,87.63669804885944,17.529669396099585,15.05445705312829,0.4412268841700425,3.9127967267113832,22.155076017012075,14.164082486216463,359.1942917356166,87.36145148074078,17.488725614341362,15.095943886041592,0.443560891794368,3.9056181417496507,22.627428829862243,13.928194300427664,760.7270894021801,3.874303178883212,3.504823360961528,monthly,343.62995584351444,-0.002264259590270823
Cauca,2000-10-31,2000-11-16,0.5702179073887131,0.3560362292095096,244.829335851054,68.90215714535788,17.471653870083838,15.690584307802824,0.4475718021603386,3.9399913440992833,21.970164671920728,14.871555621126957,411.78300074203804,68.1530448985236,17.740235429844617,15.743219723609013,0.44183952951318595,3.9241031378291034,22.710880788396533,14.896489781503336,348.94408866014203,87.63669804885944,17.529669396099585,15.05445705312829,0.4412268841700425,3.9127967267113832,22.155076017012075,14.164082486216463,656.6123365930921,3.874303178883212,3.504823360961528,monthly,175.92717870569612,0.0008985730732763431
Cauca,2000-11-16,2000-12-02,0.4543227706845671,0.2835363769200615,298.9787539287097,71.07276059848968,17.465511309488182,15.57348406108841,0.44583738065778017,3.936746673059302,21.5347378985492,14.32993299069112,244.829335851054,68.90215714535788,17.471653870083838,15.690584307802824,0.4475718021603386,3.9399913440992833,21.970164671920728,14.871555621126957,411.78300074203804,68.1530448985236,17.740235429844617,15.743219723609013,0.44183952951318595,3.9241031378291034,22.710880788396533,14.896489781503336,543.8080897797637,4.216610783749903,3.874303178883212,monthly,227.90599333022,-0.0011884426867756481
Cauca,2000-12-02,2000-12-18,0.6074227691580646,0.3759715937146335,297.07162232156077,74.00243630099388,17.58651377973554,15.757633360549137,0.44614054638482237,3.9174885857707493,22.194433313336223,14.575990669835631,298.9787539287097,71.07276059848968,17.465511309488182,15.57348406108841,0.44583738065778017,3.936746673059302,21.5347378985492,14.32993299069112,244.829335851054,68.90215714535788,17.471653870083838,15.690584307802824,0.4475718021603386,3.9399913440992833,21.970164671920728,14.871555621126957,596.0503762502705,4.012949605881914,4.216610783749903,monthly,223.0691860205669,0.0013886975778928945
Cauca,2000-12-18,2001-01-01,0.591949162452792,0.3836541844196157,230.50889421271486,63.84996892111162,17.41427610933608,15.397841764580296,0.44477177834491904,3.952056897762947,21.81210927353883,14.012337880871216,297.07162232156077,74.00243630099388,17.58651377973554,15.757633360549137,0.44614054638482237,3.9174885857707493,22.194433313336223,14.575990669835631,298.9787539287097,71.07276059848968,17.465511309488182,15.57348406108841,0.44583738065778017,3.936746673059302,21.5347378985492,14.32993299069112,527.5805165342756,4.012949605881914,4.216610783749903,monthly,166.65892529160325,0.001499827257938513
Cauca,2001-01-01,2001-01-17,0.6074906134273987,0.3688861589612421,323.1132000815396,83.69730839053938,17.38189195732658,15.082180822422522,0.44002434185954764,4.019294821879716,22.092536165577297,13.827276799433555,230.50889421271486,63.84996892111162,17.41427610933608,15.397841764580296,0.44477177834491904,3.952056897762947,21.81210927353883,14.012337880871216,297.07162232156077,74.00243630099388,17.58651377973554,15.757633360549137,0.44614054638482237,3.9174885857707493,22.194433313336223,14.575990669835631,553.6220942942545,3.746342102775248,4.012949605881914,monthly,239.41589169100024,0.002697052785747278
Cauca,2001-01-17,2001-02-02,0.6361723132219044,0.373194256386733,292.33848248275433,85.40443605906995,17.07102028019231,14.795840930516441,0.4392814733843998,4.027123229487458,22.005673462889323,13.298540431535097,323.1132000815396,83.69730839053938,17.38189195732658,15.082180822422522,0.44002434185954764,4.019294821879716,22.092536165577297,13.827276799433555,230.50889421271486,63.84996892111162,17.41427610933608,15.397841764580296,0.44477177834491904,3.952056897762947,21.81210927353883,14.012337880871216,615.451682564294,3.746342102775248,4.012949605881914,monthly,206.93404642368438,0.002700296581982564
Cauca,2001-02-02,2001-02-18,0.5915950242230731,0.3705814744613656,163.31846269872273,106.48440016554866,17.94197601629696,14.797012421385901,0.4204616167928833,3.990023639261449,23.22528293229916,13.220479583381051,292.33848248275433,85.40443605906995,17.07102028019231,14.795840930516441,0.4392814733843998,4.027123229487458,22.005673462889323,13.298540431535097,323.1132000815396,83.69730839053938,17.38189195732658,15.082180822422522,0.44002434185954764,4.019294821879716,22.092536165577297,13.827276799433555,455.65694518147706,4.006144948328578,3.746342102775248,monthly,56.83406253317406,-0.016350316506058393
Cauca,2001-02-18,2001-03-06,0.5172021242217925,0.3477099732302356,239.8233217480938,88.3578274403,17.8130877900362,15.652263607348075,0.43851843171256505,3.9667838865098206,22.529503120930453,13.807717577825825,163.31846269872273,106.48440016554866,17.94197601629696,14.797012421385901,0.4204616167928833,3.990023639261449,23.22528293229916,13.220479583381051,292.33848248275433,85.40443605906995,17.07102028019231,14.795840930516441,0.4392814733843998,4.027123229487458,22.005673462889323,13.298540431535097,403.14178444681653,4.006144948328578,3.746342102775248,monthly,151.4654943077938,-0.003506989348873002
Cauca,2001-03-06,2001-03-22,0.629524790409383,0.3770438739663508,351.1913014680096,82.94376289072687,17.804690820546874,15.66022486498954,0.4438319643866001,3.9536970600673036,23.40115047645337,13.806579576258072,239.8233217480938,88.3578274403,17.8130877900362,15.652263607348075,0.43851843171256505,3.9667838865098206,22.529503120930453,13.807717577825825,163.31846269872273,106.48440016554866,17.94197601629696,14.797012421385901,0.4204616167928833,3.990023639261449,23.22528293229916,13.220479583381051,591.0146232161035,3.637633833950477,4.006144948328578,monthly,268.24753857728274,0.00011577325891298784
Cauca,2001-03-22,2001-04-07,0.580906172261462,0.390552222094019,238.5505677554148,95.36527246561462,18.084636016080687,15.595790687775937,0.442163554845222,3.961533772785018,22.929604182123427,13.868720244119691,351.1913014680096,82.94376289072687,17.804690820546874,15.66022486498954,0.4438319643866001,3.9536970600673036,23.40115047645337,13.806579576258072,239.8233217480938,88.3578274403,17.8130877900362,15.652263607348075,0.43851843171256505,3.9667838865098206,22.529503120930453,13.807717577825825,589.7418692234244,3.637633833950477,4.006144948328578,monthly,143.18529528980017,-0.0029667845818265315
Cauca,2001-04-07,2001-04-23,0.6572317685041481,0.4079828613655369,316.2613187158546,88.63254167884955,18.227927595322193,15.767056927864997,0.4404587728634237,3.9713473534227983,23.01091455618109,14.877087588561144,238.5505677554148,95.36527246561462,18.084636016080687,15.595790687775937,0.442163554845222,3.961533772785018,22.929604182123427,13.868720244119691,351.1913014680096,82.94376289072687,17.804690820546874,15.66022486498954,0.4438319643866001,3.9536970600673036,23.40115047645337,13.806579576258072,554.8118864712694,3.934236866284416,3.637633833950477,monthly,227.62877703700505,-0.0053990153030670784
Cauca,2001-04-23,2001-05-09,0.5848302010597404,0.3611267403544777,334.68787305739494,75.04496019219214,18.248865640159444,16.187223014493746,0.44586397823306545,3.960168594048689,22.707888843649872,14.300537265917448,316.2613187158546,88.63254167884955,18.227927595322193,15.767056927864997,0.4404587728634237,3.9713473534227983,23.01091455618109,14.877087588561144,238.5505677554148,95.36527246561462,18.084636016080687,15.595790687775937,0.442163554845222,3.961533772785018,22.929604182123427,13.868720244119691,650.9491917732496,3.934236866284416,3.637633833950477,monthly,259.6429128652028,-0.0009754551569795544
Cauca,2001-05-09,2001-05-25,0.620818648145949,0.3756369282838047,296.36634904069695,73.05872781237292,18.087026466137388,16.076424764136235,0.44578439491909794,3.950884538241548,22.595928507573493,14.74966218112675,334.68787305739494,75.04496019219214,18.248865640159444,16.187223014493746,0.44586397823306545,3.960168594048689,22.707888843649872,14.300537265917448,316.2613187158546,88.63254167884955,18.227927595322193,15.767056927864997,0.4404587728634237,3.9713473534227983,23.01091455618109,14.877087588561144,631.0542220980919,3.802777520139181,3.934236866284416,monthly,223.30762122832402,-0.00022130043199941607
Cauca,2001-05-25,2001-06-10,0.6272781925427423,0.375999313782234,300.73682695238824,76.3750207553148,17.384858320012178,15.135496846613485,0.44467948399705354,3.9666149707618157,21.638737982970508,12.822981385770484,296.36634904069695,73.05872781237292,18.087026466137388,16.076424764136235,0.44578439491909794,3.950884538241548,22.595928507573493,14.74966218112675,334.68787305739494,75.04496019219214,18.248865640159444,16.187223014493746,0.44586397823306545,3.960168594048689,22.707888843649872,14.300537265917448,597.1031759930852,3.802777520139181,3.934236866284416,monthly,224.36180619707346,-0.0010205135251640796
Cauca,2001-06-10,2001-06-26,0.4465146422201749,0.2966969723987696,284.8773547462625,77.17567481203868,17.487635193494206,14.81139461924036,0.4386345845896369,3.9798227446678176,22.583912949263727,13.602011714333596,300.73682695238824,76.3750207553148,17.384858320012178,15.135496846613485,0.44467948399705354,3.9666149707618157,21.638737982970508,12.822981385770484,296.36634904069695,73.05872781237292,18.087026466137388,16.076424764136235,0.44578439491909794,3.950884538241548,22.595928507573493,14.74966218112675,585.6141816986508,3.823481062733597,3.802777520139181,monthly,207.70167993422382,-0.0038039169421018038
Cauca,2001-06-26,2001-07-12,0.4582602781991607,0.2837935439094781,241.66626854466256,80.65538500883905,17.968390179265548,15.200087422082373,0.4280406643156943,3.974873941209179,22.75815538815769,15.058515040768924,284.8773547462625,77.17567481203868,17.487635193494206,14.81139461924036,0.4386345845896369,3.9798227446678176,22.583912949263727,13.602011714333596,300.73682695238824,76.3750207553148,17.384858320012178,15.135496846613485,0.44467948399705354,3.9666149707618157,21.638737982970508,12.822981385770484,526.5436232909251,3.823481062733597,3.802777520139181,monthly,161.0108835358235,-0.00941490637124498
Cauca,2001-07-12,2001-07-28,0.593957014454042,0.3743933335639808,282.82478884860143,85.78392390383756,17.314727052659638,14.653296075269214,0.4363176348655532,3.9605592569871906,21.838811279952,13.295423500492255,241.66626854466256,80.65538500883905,17.968390179265548,15.200087422082373,0.4280406643156943,3.974873941209179,22.75815538815769,15.058515040768924,284.8773547462625,77.17567481203868,17.487635193494206,14.81139461924036,0.4386345845896369,3.9798227446678176,22.583912949263727,13.602011714333596,524.491057393264,3.680389545178594,3.823481062733597,monthly,197.04086494476388,0.0020510810919049383
Cauca,2001-07-28,2001-08-13,0.480530809946307,0.3038936533192741,236.66623493635183,96.39247774696234,17.679956892458,14.348067229564958,0.42877281611144813,3.928723427683921,22.66458783589348,13.65075134151743,282.82478884860143,85.78392390383756,17.314727052659638,14.653296075269214,0.4363176348655532,3.9605592569871906,21.838811279952,13.295423500492255,241.66626854466256,80.65538500883905,17.968390179265548,15.200087422082373,0.4280406643156943,3.974873941209179,22.75815538815769,15.058515040768924,519.4910237849533,3.680389545178594,3.823481062733597,monthly,140.27375718938947,0.001539093129770519
Cauca,2001-08-13,2001-08-29,0.5679479376946284,0.3557105004984395,191.2073631147186,104.58651058606404,18.37871159206746,14.81862170965497,0.40756888068587716,3.9069408336301445,23.40229752846771,14.25175766744982,236.66623493635183,96.39247774696234,17.679956892458,14.348067229564958,0.42877281611144813,3.928723427683921,22.66458783589348,13.65075134151743,282.82478884860143,85.78392390383756,17.314727052659638,14.653296075269214,0.4363176348655532,3.9605592569871906,21.838811279952,13.295423500492255,427.8735980510704,3.704875008048752,3.680389545178594,monthly,86.62085252865455,-0.017892378673086906
Cauca,2001-08-29,2001-09-14,0.5982730003383765,0.3436531115209433,383.6526749856337,92.29817257914087,17.761861849704253,14.976629168147639,0.42429411779240034,3.904345525960367,22.97971965614389,13.75256879687305,191.2073631147186,104.58651058606404,18.37871159206746,14.81862170965497,0.40756888068587716,3.9069408336301445,23.40229752846771,14.25175766744982,236.66623493635183,96.39247774696234,17.679956892458,14.348067229564958,0.42877281611144813,3.928723427683921,22.66458783589348,13.65075134151743,574.8600381003523,3.704875008048752,3.680389545178594,monthly,291.3545024064929,-0.0004464965131087406
Cauca,2001-09-14,2001-09-30,0.5918142864208247,0.358220183838625,382.89498654621474,88.44509836519632,17.619842982626217,15.158567851007891,0.4422244059797903,3.905997852224383,23.21132938505633,13.319291126861238,383.6526749856337,92.29817257914087,17.761861849704253,14.976629168147639,0.42429411779240034,3.904345525960367,22.97971965614389,13.75256879687305,191.2073631147186,104.58651058606404,18.37871159206746,14.81862170965497,0.40756888068587716,3.9069408336301445,23.40229752846771,14.25175766744982,766.5476615318485,3.582080106414047,3.704875008048752,monthly,294.4498881810184,0.013444775000838627
Cauca,2001-09-30,2001-10-16,0.5105128869950485,0.3243355724118035,246.34448078725978,97.58620732057747,18.168707948810937,15.390485368332445,0.4321322533300834,3.913252467418305,23.05764238878991,13.207603813787925,382.89498654621474,88.44509836519632,17.619842982626217,15.158567851007891,0.4422244059797903,3.905997852224383,23.21132938505633,13.319291126861238,383.6526749856337,92.29817257914087,17.761861849704253,14.976629168147639,0.42429411779240034,3.904345525960367,22.97971965614389,13.75256879687305,629.2394673334745,3.582080106414047,3.704875008048752,monthly,148.7582734666823,-0.006093423226617378
Cauca,2001-10-16,2001-11-01,0.5315536555986767,0.3422124359586216,298.30694843655476,81.30389192468348,17.98987345165324,15.931277503223352,0.4450283876022117,3.925094907039089,22.97862564141713,14.515812125294516,246.34448078725978,97.58620732057747,18.168707948810937,15.390485368332445,0.4321322533300834,3.913252467418305,23.05764238878991,13.207603813787925,382.89498654621474,88.44509836519632,17.619842982626217,15.158567851007891,0.4422244059797903,3.905997852224383,23.21132938505633,13.319291126861238,544.6514292238146,4.098883074482614,3.582080106414047,monthly,217.00305651187128,0.000924598498754925
Cauca,2001-11-01,2001-11-17,0.63089291886033,0.3948452779713551,267.43881339467043,82.26562482064813,17.811876402299042,15.6169535771588,0.4436526301018734,3.9408495048496714,22.22877759579086,14.22141906841708,298.30694843655476,81.30389192468348,17.98987345165324,15.931277503223352,0.4450283876022117,3.925094907039089,22.97862564141713,14.515812125294516,246.34448078725978,97.58620732057747,18.168707948810937,15.390485368332445,0.4321322533300834,3.913252467418305,23.05764238878991,13.207603813787925,565.7457618312252,4.107379960238825,4.098883074482614,monthly,185.1731885740223,-0.0030205989851888604
Cauca,2001-11-17,2001-12-03,0.4059585861720568,0.2617625833809625,451.71815497033157,56.254577925430866,17.460943550576896,16.011371079701473,0.4504525555753023,3.9354767993760094,21.64107162814001,14.986135033851935,267.43881339467043,82.26562482064813,17.811876402299042,15.6169535771588,0.4436526301018734,3.9408495048496714,22.22877759579086,14.22141906841708,298.30694843655476,81.30389192468348,17.98987345165324,15.931277503223352,0.4450283876022117,3.925094907039089,22.97862564141713,14.515812125294516,719.1569683650021,4.107379960238825,4.098883074482614,monthly,395.4635770449007,0.0034267322307464654
Cauca,2001-12-03,2001-12-19,0.4696086620835229,0.3019904062899658,268.81705115519526,67.95979961805998,17.949323128103472,16.24797664580198,0.4484410221978505,3.917288124198164,22.00706846894331,14.849286025636252,451.71815497033157,56.254577925430866,17.460943550576896,16.011371079701473,0.4504525555753023,3.9354767993760094,21.64107162814001,14.986135033851935,267.43881339467043,82.26562482064813,17.811876402299042,15.6169535771588,0.4436526301018734,3.9408495048496714,22.22877759579086,14.22141906841708,720.5352061255269,3.7636693262123697,4.107379960238825,monthly,200.85725153713528,0.003689173390921008
Cauca,2001-12-19,2002-01-01,0.5440612382670852,0.3663489852619729,213.0782538935017,54.040493250888005,18.220008184104323,16.579937236499674,0.44894430739918234,3.954311722318013,21.821486262088253,15.630887927136556,268.81705115519526,67.95979961805998,17.949323128103472,16.24797664580198,0.4484410221978505,3.917288124198164,22.00706846894331,14.849286025636252,451.71815497033157,56.254577925430866,17.460943550576896,16.011371079701473,0.4504525555753023,3.9354767993760094,21.64107162814001,14.986135033851935,481.89530504869697,3.7636693262123697,4.107379960238825,monthly,159.0377606426137,0.0056723563122018095
Cauca,2002-01-01,2002-01-17,0.7135451035998062,0.4614612766036959,320.05270828009174,81.24225756040154,17.68556262533867,15.593910336148273,0.4434703948049824,4.019294821879716,22.356936970618804,13.50609418932042,213.0782538935017,54.040493250888005,18.220008184104323,16.579937236499674,0.44894430739918234,3.954311722318013,21.821486262088253,15.630887927136556,268.81705115519526,67.95979961805998,17.949323128103472,16.24797664580198,0.4484410221978505,3.917288124198164,22.00706846894331,14.849286025636252,533.1309621735934,3.986114132067189,3.7636693262123697,monthly,238.8104507196902,0.006143105731182041
Cauca,2002-01-17,2002-02-02,0.6425087244239098,0.3882195546006941,194.63649433930988,91.99235018603717,18.170733794182315,15.54642670054615,0.4288706381672104,4.027123229487458,22.73936670204921,14.122899002633956,320.05270828009174,81.24225756040154,17.68556262533867,15.593910336148273,0.4434703948049824,4.019294821879716,22.356936970618804,13.50609418932042,213.0782538935017,54.040493250888005,18.220008184104323,16.579937236499674,0.44894430739918234,3.954311722318013,21.821486262088253,15.630887927136556,514.6892026194016,3.986114132067189,3.7636693262123697,monthly,102.6441441532727,-0.007710538635206876
Cauca,2002-02-02,2002-02-18,0.6550798285732188,0.3990295794201622,143.44960204277993,99.05206843962713,18.208315650488583,15.57268830824622,0.4332075689265421,3.990023639261449,22.875177554613064,14.486003812534602,194.63649433930988,91.99235018603717,18.170733794182315,15.54642670054615,0.4288706381672104,4.027123229487458,22.73936670204921,14.122899002633956,320.05270828009174,81.24225756040154,17.68556262533867,15.593910336148273,0.4434703948049824,4.019294821879716,22.356936970618804,13.50609418932042,338.0860963820898,3.681361259228857,3.986114132067189,monthly,44.397533603152795,-0.003604364372399582
Cauca,2002-02-18,2002-03-06,0.5184386863280567,0.3621299160034792,267.248041704383,92.40139930582191,18.407061709775768,16.050029031039028,0.4352193259643048,3.9667838865098206,23.28531950317947,15.106200751131096,143.44960204277993,99.05206843962713,18.208315650488583,15.57268830824622,0.4332075689265421,3.990023639261449,22.875177554613064,14.486003812534602,194.63649433930988,91.99235018603717,18.170733794182315,15.54642670054615,0.4288706381672104,4.027123229487458,22.73936670204921,14.122899002633956,410.69764374716294,3.681361259228857,3.986114132067189,monthly,174.8466423985611,-0.006806095097133258
Cauca,2002-03-06,2002-03-22,0.5325753736225296,0.3416924801889833,273.05600575965036,93.34386974369114,18.438820048438856,15.910037744997164,0.4369310674339046,3.9536970600673036,23.40788118078382,14.453565444423946,267.248041704383,92.40139930582191,18.407061709775768,16.050029031039028,0.4352193259643048,3.9667838865098206,23.28531950317947,15.106200751131096,143.44960204277993,99.05206843962713,18.208315650488583,15.57268830824622,0.4332075689265421,3.990023639261449,22.875177554613064,14.486003812534602,540.3040474640334,3.759562829281199,3.681361259228857,monthly,179.71213601595923,-0.0067851236937825354
Cauca,2002-03-22,2002-04-07,0.4428058090946443,0.3022132696625814,279.84710103532365,80.66563702738068,18.61880631244229,16.37504242982756,0.4445178478830496,3.961533772785018,23.258415091914333,15.443409878178931,273.05600575965036,93.34386974369114,18.438820048438856,15.910037744997164,0.4369310674339046,3.9536970600673036,23.40788118078382,14.453565444423946,267.248041704383,92.40139930582191,18.407061709775768,16.050029031039028,0.4352193259643048,3.9667838865098206,23.28531950317947,15.106200751131096,552.9031067949741,3.759562829281199,3.681361259228857,monthly,199.18146400794296,-0.0006124915439989498
Cauca,2002-04-07,2002-04-23,0.6462930727542765,0.3967177341309146,242.32967920318876,87.74409007857295,18.184621375571304,15.771204605419017,0.44027175628313603,3.9713473534227983,22.48795184662001,14.479434303879913,279.84710103532365,80.66563702738068,18.61880631244229,16.37504242982756,0.4445178478830496,3.961533772785018,23.258415091914333,15.443409878178931,273.05600575965036,93.34386974369114,18.438820048438856,15.910037744997164,0.4369310674339046,3.9536970600673036,23.40788118078382,14.453565444423946,522.1767802385124,3.484393859357406,3.759562829281199,monthly,154.5855891246158,-0.0055860318833547695
Cauca,2002-04-23,2002-05-09,0.5944968475275263,0.3743831730134322,341.7358973749649,75.97255751819466,18.339816593133786,16.261598289880695,0.4474397645368113,3.960168594048689,23.11052988874361,15.23636976325202,242.32967920318876,87.74409007857295,18.184621375571304,15.771204605419017,0.44027175628313603,3.9713473534227983,22.48795184662001,14.479434303879913,279.84710103532365,80.66563702738068,18.61880631244229,16.37504242982756,0.4445178478830496,3.961533772785018,23.258415091914333,15.443409878178931,584.0655765781537,3.484393859357406,3.759562829281199,monthly,265.76333985677024,0.0006003311467662753
Cauca,2002-05-09,2002-05-25,0.5162640682684845,0.326848082845368,301.4034783982774,73.80284588652356,18.663230059866457,16.36294800598739,0.44056138694461355,3.950884538241548,23.345957073090496,14.30432183696119,341.7358973749649,75.97255751819466,18.339816593133786,16.261598289880695,0.4474397645368113,3.960168594048689,23.11052988874361,15.23636976325202,242.32967920318876,87.74409007857295,18.184621375571304,15.771204605419017,0.44027175628313603,3.9713473534227983,22.48795184662001,14.479434303879913,643.1393757732424,3.957713060664019,3.484393859357406,monthly,227.60063251175384,-0.0054443084064838
Cauca,2002-05-25,2002-06-10,0.6375640335816698,0.372773597723793,266.57921978617566,77.04791241468817,17.74131932047424,15.45802815140842,0.4452394232513228,3.9666149707618157,22.114689459309595,14.386433681105087,301.4034783982774,73.80284588652356,18.663230059866457,16.36294800598739,0.44056138694461355,3.950884538241548,23.345957073090496,14.30432183696119,341.7358973749649,75.97255751819466,18.339816593133786,16.261598289880695,0.4474397645368113,3.960168594048689,23.11052988874361,15.23636976325202,567.982698184453,3.957713060664019,3.484393859357406,monthly,189.5313073714875,-0.00046057427089479797
Cauca,2002-06-10,2002-06-26,0.6212900751320208,0.400331114287938,252.6020260805861,82.30790137637781,17.831521351358447,14.948386920055512,0.43760190742549043,3.9798227446678176,22.6608752639322,13.927170583296968,266.57921978617566,77.04791241468817,17.74131932047424,15.45802815140842,0.4452394232513228,3.9666149707618157,22.114689459309595,14.386433681105087,301.4034783982774,73.80284588652356,18.663230059866457,16.36294800598739,0.44056138694461355,3.950884538241548,23.345957073090496,14.30432183696119,519.1812458667617,3.9352198457012544,3.957713060664019,monthly,170.2941247042083,-0.00483659410624826
Cauca,2002-06-26,2002-07-12,0.597578865625946,0.3760736202004303,205.3284434447036,81.85525397059108,18.307449459402857,15.700657035382735,0.4312665566584711,3.974873941209179,22.544918148352814,15.423240728995076,252.6020260805861,82.30790137637781,17.831521351358447,14.948386920055512,0.43760190742549043,3.9798227446678176,22.6608752639322,13.927170583296968,266.57921978617566,77.04791241468817,17.74131932047424,15.45802815140842,0.4452394232513228,3.9666149707618157,22.114689459309595,14.386433681105087,457.9304695252897,3.9352198457012544,3.957713060664019,monthly,123.47318947411252,-0.0061890140284682205
Cauca,2002-07-12,2002-07-28,0.5088612719103811,0.3358255414050812,319.99750654204263,74.21481381066299,17.69796358913496,15.307357541791076,0.4405359133534711,3.9605592569871906,21.602500667271663,14.58354737635788,205.3284434447036,81.85525397059108,18.307449459402857,15.700657035382735,0.4312665566584711,3.974873941209179,22.544918148352814,15.423240728995076,252.6020260805861,82.30790137637781,17.831521351358447,14.948386920055512,0.43760190742549043,3.9798227446678176,22.6608752639322,13.927170583296968,525.3259499867462,3.982063992147399,3.9352198457012544,monthly,245.78269273137965,0.006269359579822831
Cauca,2002-07-28,2002-08-13,0.4606234721374462,0.2977039340588512,220.34297445346107,100.20580425155651,17.803464423588498,14.31676775183588,0.4243619715229151,3.928723427683921,22.96332806068056,13.497957245759965,319.99750654204263,74.21481381066299,17.69796358913496,15.307357541791076,0.4405359133534711,3.9605592569871906,21.602500667271663,14.58354737635788,205.3284434447036,81.85525397059108,18.307449459402857,15.700657035382735,0.4312665566584711,3.974873941209179,22.544918148352814,15.423240728995076,540.3404809955036,3.982063992147399,3.9352198457012544,monthly,120.13717020190455,-0.002871751458762506
Cauca,2002-08-13,2002-08-29,0.4088707462192636,0.2732924279898885,217.78708081264665,102.48355820003245,18.280155815977917,14.9991392176624,0.4106046860771255,3.9069408336301445,23.147241858204268,14.788549989919842,220.34297445346107,100.20580425155651,17.803464423588498,14.31676775183588,0.4243619715229151,3.928723427683921,22.96332806068056,13.497957245759965,319.99750654204263,74.21481381066299,17.69796358913496,15.307357541791076,0.4405359133534711,3.9605592569871906,21.602500667271663,14.58354737635788,438.1300552661077,3.640431516092693,3.982063992147399,monthly,115.3035226126142,-0.014856573281838537
Cauca,2002-08-29,2002-09-14,0.5490710696570726,0.3634236246313927,285.9777133664588,93.00383139135275,18.0270765472615,15.302877800395688,0.431020551897197,3.904345525960367,23.128973812165786,14.287496990640769,217.78708081264665,102.48355820003245,18.280155815977917,14.9991392176624,0.4106046860771255,3.9069408336301445,23.147241858204268,14.788549989919842,220.34297445346107,100.20580425155651,17.803464423588498,14.31676775183588,0.4243619715229151,3.928723427683921,22.96332806068056,13.497957245759965,503.7647941791054,3.640431516092693,3.982063992147399,monthly,192.97388197510602,0.006279937591687934
Cauca,2002-09-14,2002-09-30,0.5078493388612926,0.3582511649213054,356.8168546098508,87.2925161278642,17.88838799428872,15.366936629232372,0.4343517991060466,3.905997852224383,22.70960509530713,14.08171511846028,285.9777133664588,93.00383139135275,18.0270765472615,15.302877800395688,0.431020551897197,3.904345525960367,23.128973812165786,14.287496990640769,217.78708081264665,102.48355820003245,18.280155815977917,14.9991392176624,0.4106046860771255,3.9069408336301445,23.147241858204268,14.788549989919842,642.7945679763095,3.6088964402769865,3.640431516092693,monthly,269.5243384819866,0.005572168127094934
Cauca,2002-09-30,2002-10-16,0.6456534106372603,0.419148653163039,321.65866656731305,100.49452958604107,18.30323024679005,15.33153852174111,0.425788549004926,3.913252467418305,23.346312456368462,14.16401962213162,356.8168546098508,87.2925161278642,17.88838799428872,15.366936629232372,0.4343517991060466,3.905997852224383,22.70960509530713,14.08171511846028,285.9777133664588,93.00383139135275,18.0270765472615,15.302877800395688,0.431020551897197,3.904345525960367,23.128973812165786,14.287496990640769,678.4755211771638,3.6088964402769865,3.640431516092693,monthly,221.16413698127198,-0.012437127551774785
Cauca,2002-10-16,2002-11-01,0.5207346330476433,0.3459329436260967,471.3170178316158,67.41669459931234,17.65174918428045,15.777428690185989,0.4453538094367725,3.925094907039089,22.18683782724792,14.675320522692113,321.65866656731305,100.49452958604107,18.30323024679005,15.33153852174111,0.425788549004926,3.913252467418305,23.346312456368462,14.16401962213162,356.8168546098508,87.2925161278642,17.88838799428872,15.366936629232372,0.4343517991060466,3.905997852224383,22.70960509530713,14.08171511846028,792.9756843989288,3.8440003058919774,3.6088964402769865,monthly,403.90032323230344,0.0012500203333157267
Cauca,2002-11-01,2002-11-17,0.5248323721364871,0.3259434610709658,401.21809966039007,70.31423760069214,17.51454599066436,15.68541467761214,0.4493960182148348,3.9408495048496714,22.03616852848757,14.01049753850176,471.3170178316158,67.41669459931234,17.65174918428045,15.777428690185989,0.4453538094367725,3.925094907039089,22.18683782724792,14.675320522692113,321.65866656731305,100.49452958604107,18.30323024679005,15.33153852174111,0.425788549004926,3.913252467418305,23.346312456368462,14.16401962213162,872.5351174920058,3.896335150673416,3.8440003058919774,monthly,330.90386205969793,0.0027227891277725735
Cauca,2002-11-17,2002-12-03,0.558943142215355,0.3543437151542595,302.5689632555011,88.815936770996,18.386701463000165,16.001797056047444,0.4408727958236254,3.9354767993760094,23.24609445858676,14.423621426064964,401.21809966039007,70.31423760069214,17.51454599066436,15.68541467761214,0.4493960182148348,3.9408495048496714,22.03616852848757,14.01049753850176,471.3170178316158,67.41669459931234,17.65174918428045,15.777428690185989,0.4453538094367725,3.925094907039089,22.18683782724792,14.675320522692113,703.7870629158912,3.896335150673416,3.8440003058919774,monthly,213.75302648450509,-0.006153027520930443
Cauca,2002-12-03,2002-12-19,0.5912880031044763,0.3976338051705717,359.02177162297914,70.41375971307971,18.213952056951594,16.270172552844656,0.44327028670668017,3.917288124198164,23.07441196337763,14.973066719244663,302.5689632555011,88.815936770996,18.386701463000165,16.001797056047444,0.4408727958236254,3.9354767993760094,23.24609445858676,14.423621426064964,401.21809966039007,70.31423760069214,17.51454599066436,15.68541467761214,0.4493960182148348,3.9408495048496714,22.03616852848757,14.01049753850176,661.5907348784802,3.5294802678266124,3.896335150673416,monthly,288.60801190989946,-0.0014815621002493007
Cauca,2002-12-19,2003-01-01,0.6418732723293032,0.3939439628319986,221.5302296336361,71.59935045755037,18.379497974762234,16.002023216288954,0.4386899417365606,3.954311722318013,23.234896549773204,14.731631782113755,359.02177162297914,70.41375971307971,18.213952056951594,16.270172552844656,0.44327028670668017,3.917288124198164,23.07441196337763,14.973066719244663,302.5689632555011,88.815936770996,18.386701463000165,16.001797056047444,0.4408727958236254,3.9354767993760094,23.24609445858676,14.423621426064964,580.5520012566153,3.5294802678266124,3.896335150673416,monthly,149.93087917608574,-0.004582009350419913
Cauca,2003-01-01,2003-01-17,0.663053276279698,0.4080851916841259,170.54012866543917,96.16386954112018,18.722261846179766,15.975012690808757,0.4166668047365043,4.019294821879716,23.446177519362674,14.493338413204365,221.5302296336361,71.59935045755037,18.379497974762234,16.002023216288954,0.4386899417365606,3.954311722318013,23.234896549773204,14.731631782113755,359.02177162297914,70.41375971307971,18.213952056951594,16.270172552844656,0.44327028670668017,3.917288124198164,23.07441196337763,14.973066719244663,392.0703582990753,4.0695045551559,3.5294802678266124,monthly,74.37625912431899,-0.02066048433729606
Cauca,2003-01-17,2003-02-02,0.6335426423039355,0.4010747646674934,250.43047170855172,91.88985672773603,18.241262843357934,15.87209682920503,0.43452595539027244,4.027123229487458,23.057560897009807,14.754908383803077,170.54012866543917,96.16386954112018,18.722261846179766,15.975012690808757,0.4166668047365043,4.019294821879716,23.446177519362674,14.493338413204365,221.5302296336361,71.59935045755037,18.379497974762234,16.002023216288954,0.4386899417365606,3.954311722318013,23.234896549773204,14.731631782113755,420.9706003739909,4.0695045551559,3.5294802678266124,monthly,158.5406149808157,-0.0020552214121448142
Cauca,2003-02-02,2003-02-18,0.5243446708042381,0.3711170023706118,205.88951503106597,86.23510309151612,18.642040590619835,16.331158721175477,0.44001181944685985,3.990023639261449,23.017141881570872,15.123073598413171,250.43047170855172,91.88985672773603,18.241262843357934,15.87209682920503,0.43452595539027244,4.027123229487458,23.057560897009807,14.754908383803077,170.54012866543917,96.16386954112018,18.722261846179766,15.975012690808757,0.4166668047365043,4.019294821879716,23.446177519362674,14.493338413204365,456.31998673961766,3.443683476790372,4.0695045551559,monthly,119.65441193954985,0.003199886147918163
Cauca,2003-02-18,2003-03-06,0.5637685067856634,0.3607495823337675,224.06801287648312,89.72022999518686,18.4666236445999,16.171652631816023,0.44245276548526624,3.9667838865098206,22.96865716869849,14.384956198415956,205.88951503106597,86.23510309151612,18.642040590619835,16.331158721175477,0.44001181944685985,3.990023639261449,23.017141881570872,15.123073598413171,250.43047170855172,91.88985672773603,18.241262843357934,15.87209682920503,0.43452595539027244,4.027123229487458,23.057560897009807,14.754908383803077,429.9575279075491,3.443683476790372,4.0695045551559,monthly,134.34778288129627,0.00042734442382819093
Cauca,2003-03-06,2003-03-22,0.6895388035522211,0.4299389025458663,223.4746691789062,89.85281645784318,18.61321821713019,16.08073458565596,0.4385177192727363,3.9536970600673036,23.450824637924413,14.526601601229244,224.06801287648312,89.72022999518686,18.4666236445999,16.171652631816023,0.44245276548526624,3.9667838865098206,22.96865716869849,14.384956198415956,205.88951503106597,86.23510309151612,18.642040590619835,16.331158721175477,0.44001181944685985,3.990023639261449,23.017141881570872,15.123073598413171,447.5426820553893,3.446518782836276,3.443683476790372,monthly,133.62185272106302,-0.005198471854950815
Cauca,2003-03-22,2003-04-07,0.577315184405734,0.3780267150985967,289.6450264520175,83.31969382553181,18.405500750668192,16.2556073558045,0.44582991828526564,3.961533772785018,23.462362814471057,14.751643030443294,223.4746691789062,89.85281645784318,18.61321821713019,16.08073458565596,0.4385177192727363,3.9536970600673036,23.450824637924413,14.526601601229244,224.06801287648312,89.72022999518686,18.4666236445999,16.171652631816023,0.44245276548526624,3.9667838865098206,22.96865716869849,14.384956198415956,513.1196956309236,3.446518782836276,3.443683476790372,monthly,206.32533262648565,0.000699578858217087
Cauca,2003-04-07,2003-04-23,0.5200175712034444,0.3074153884342747,353.88670865089944,69.7049734192313,18.182048136193984,16.341592951005847,0.44800707285008234,3.9713473534227983,23.15419438600325,15.41261392016991,289.6450264520175,83.31969382553181,18.405500750668192,16.2556073558045,0.44582991828526564,3.961533772785018,23.462362814471057,14.751643030443294,223.4746691789062,89.85281645784318,18.61321821713019,16.08073458565596,0.4385177192727363,3.9536970600673036,23.450824637924413,14.526601601229244,643.5317351029169,3.494727179797326,3.446518782836276,monthly,284.18173523166814,0.002149284683591546
Cauca,2003-04-23,2003-05-09,0.6009393699847528,0.3861476696521486,360.11934482227105,79.46413251463295,18.336148956527378,16.028772604869168,0.44411392600743516,3.960168594048689,23.56149769947551,15.018896134391245,353.88670865089944,69.7049734192313,18.182048136193984,16.341592951005847,0.44800707285008234,3.9713473534227983,23.15419438600325,15.41261392016991,289.6450264520175,83.31969382553181,18.405500750668192,16.2556073558045,0.44582991828526564,3.961533772785018,23.462362814471057,14.751643030443294,714.0060534731705,3.494727179797326,3.446518782836276,monthly,280.65521230763807,-0.0027255073826098486
Cauca,2003-05-09,2003-05-25,0.4929701685754522,0.3274793493571381,268.37479526078477,70.41705750330672,18.281281432103487,16.134689167452088,0.4449024201251784,3.950884538241548,22.6097391096398,15.283223809377947,360.11934482227105,79.46413251463295,18.336148956527378,16.028772604869168,0.44411392600743516,3.960168594048689,23.56149769947551,15.018896134391245,353.88670865089944,69.7049734192313,18.182048136193984,16.341592951005847,0.44800707285008234,3.9713473534227983,23.15419438600325,15.41261392016991,628.4941400830558,3.7015033469630265,3.494727179797326,monthly,197.95773775747804,-0.0011032752259189649
Cauca,2003-05-25,2003-06-10,0.5955784418373046,0.3923725691661842,365.4084757921156,73.0547433064421,18.027576522458123,15.840741473675202,0.4470413922055739,3.9666149707618157,22.53550283829038,14.715046204063908,268.37479526078477,70.41705750330672,18.281281432103487,16.134689167452088,0.4449024201251784,3.950884538241548,22.6097391096398,15.283223809377947,360.11934482227105,79.46413251463295,18.336148956527378,16.028772604869168,0.44411392600743516,3.960168594048689,23.56149769947551,15.018896134391245,633.7832710529003,3.7015033469630265,3.494727179797326,monthly,292.3537324856735,0.0013413946833562562
Cauca,2003-06-10,2003-06-26,0.5087944532353186,0.314341831460058,372.7763321357222,73.59589863962701,17.708577102758234,15.52548857501968,0.44533531066193577,3.9798227446678176,22.21932209444783,14.598270932913582,365.4084757921156,73.0547433064421,18.027576522458123,15.840741473675202,0.4470413922055739,3.9666149707618157,22.53550283829038,14.715046204063908,268.37479526078477,70.41705750330672,18.281281432103487,16.134689167452088,0.4449024201251784,3.950884538241548,22.6097391096398,15.283223809377947,738.1848079278378,3.7559640561973104,3.7015033469630265,monthly,299.1804334960952,0.0028968091301970755
Cauca,2003-06-26,2003-07-12,0.6723621786188244,0.4308872433546403,305.53456541463913,81.9651117468708,17.56243340695173,15.007016196079455,0.4385337628858156,3.974873941209179,22.44974314639221,13.773815391864424,372.7763321357222,73.59589863962701,17.708577102758234,15.52548857501968,0.44533531066193577,3.9798227446678176,22.21932209444783,14.598270932913582,365.4084757921156,73.0547433064421,18.027576522458123,15.840741473675202,0.4470413922055739,3.9666149707618157,22.53550283829038,14.715046204063908,678.3108975503613,3.7559640561973104,3.7015033469630265,monthly,223.56945366776833,0.0010781921988762821
Cauca,2003-07-12,2003-07-28,0.5947125724295452,0.3815880922674065,191.89112016405895,88.81314706801885,17.85125916912159,14.690241019475257,0.43151639310812506,3.9605592569871906,22.16427243703341,14.079218035987212,305.53456541463913,81.9651117468708,17.56243340695173,15.007016196079455,0.4385337628858156,3.974873941209179,22.44974314639221,13.773815391864424,372.7763321357222,73.59589863962701,17.708577102758234,15.52548857501968,0.44533531066193577,3.9798227446678176,22.21932209444783,14.598270932913582,497.4256855786981,3.731586542295086,3.7559640561973104,monthly,103.0779730960401,-0.0027501606655231936
Cauca,2003-07-28,2003-08-13,0.5860441356115719,0.3517811569618373,234.04261076032884,87.5353683925312,17.978419562932654,15.24353222436044,0.4332635765797504,3.928723427683921,22.913860783623125,14.2309547592084,191.89112016405895,88.81314706801885,17.85125916912159,14.690241019475257,0.43151639310812506,3.9605592569871906,22.16427243703341,14.079218035987212,305.53456541463913,81.9651117468708,17.56243340695173,15.007016196079455,0.4385337628858156,3.974873941209179,22.44974314639221,13.773815391864424,425.93373092438776,3.731586542295086,3.7559640561973104,monthly,146.50724236779763,0.006029853598072787
Cauca,2003-08-13,2003-08-29,0.502217807952628,0.32226287042416,292.4442089432432,89.27992259465009,18.024474423375356,15.086482716821909,0.4287547102100996,3.9069408336301445,22.686288737610763,14.572345278780682,234.04261076032884,87.5353683925312,17.978419562932654,15.24353222436044,0.4332635765797504,3.928723427683921,22.913860783623125,14.2309547592084,191.89112016405895,88.81314706801885,17.85125916912159,14.690241019475257,0.43151639310812506,3.9605592569871906,22.16427243703341,14.079218035987212,526.4868197035721,3.516372148326471,3.731586542295086,monthly,203.16428634859312,0.0032934508511355265
Cauca,2003-08-29,2003-09-14,0.5603989403855647,0.3516736343438871,294.89805949091044,94.53795326081857,17.943568956682736,14.973073413591942,0.42840529539862804,3.904345525960367,23.34018897192969,14.336269845344637,292.4442089432432,89.27992259465009,18.024474423375356,15.086482716821909,0.4287547102100996,3.9069408336301445,22.686288737610763,14.572345278780682,234.04261076032884,87.5353683925312,17.978419562932654,15.24353222436044,0.4332635765797504,3.928723427683921,22.913860783623125,14.2309547592084,587.3422684341537,3.516372148326471,3.731586542295086,monthly,200.36010623009187,0.00366468109311896
Cauca,2003-09-14,2003-09-30,0.4390719004977012,0.2965946539598879,365.3831213377487,77.63753795713401,17.86112568510616,15.506659914178758,0.43966856660647446,3.905997852224383,22.74177511965632,14.58961719286524,294.89805949091044,94.53795326081857,17.943568956682736,14.973073413591942,0.42840529539862804,3.904345525960367,23.34018897192969,14.336269845344637,292.4442089432432,89.27992259465009,18.024474423375356,15.086482716821909,0.4287547102100996,3.9069408336301445,22.686288737610763,14.572345278780682,660.2811808286592,3.168343824920674,3.516372148326471,monthly,287.7455833806147,0.0108889356275228
Cauca,2003-09-30,2003-10-16,0.5082431093933852,0.3430557056786832,370.959347006426,70.1177987843195,17.846562130742747,15.997183332350533,0.4491072136738035,3.913252467418305,22.5713020712062,15.00593006616863,365.3831213377487,77.63753795713401,17.86112568510616,15.506659914178758,0.43966856660647446,3.905997852224383,22.74177511965632,14.58961719286524,294.89805949091044,94.53795326081857,17.943568956682736,14.973073413591942,0.42840529539862804,3.904345525960367,23.34018897192969,14.336269845344637,736.3424683441747,3.168343824920674,3.516372148326471,monthly,300.8415482221065,0.010881537117102713
Cauca,2003-10-16,2003-11-01,0.6074977448173726,0.3845224999436737,424.4356991557792,71.5928938344878,17.77664332106085,15.928132780769023,0.4464390723667528,3.925094907039089,23.163046318539514,13.86621352324216,370.959347006426,70.1177987843195,17.846562130742747,15.997183332350533,0.4491072136738035,3.913252467418305,22.5713020712062,15.00593006616863,365.3831213377487,77.63753795713401,17.86112568510616,15.506659914178758,0.43966856660647446,3.905997852224383,22.74177511965632,14.58961719286524,795.3950461622053,3.484401132382173,3.168343824920674,monthly,352.8428053212914,0.0023352832632960174
Cauca,2003-11-01,2003-11-17,0.6289041781143423,0.4090924350128561,383.8346653935595,74.47467402930202,17.842165467553357,15.914606096341622,0.44660983675631694,3.9408495048496714,23.09964894011065,13.907495998200748,424.4356991557792,71.5928938344878,17.77664332106085,15.928132780769023,0.4464390723667528,3.925094907039089,23.163046318539514,13.86621352324216,370.959347006426,70.1177987843195,17.846562130742747,15.997183332350533,0.4491072136738035,3.913252467418305,22.5713020712062,15.00593006616863,808.2703645493386,3.875321523773995,3.484401132382173,monthly,309.35999136425744,-6.339233074531547e-05
Cauca,2003-11-17,2003-12-03,0.6020127899637343,0.3769020997935822,473.3231631155033,59.4550384002362,17.793882107611793,16.199468619114654,0.44908875738770787,3.9354767993760094,22.23005273375776,15.047047481757698,383.8346653935595,74.47467402930202,17.842165467553357,15.914606096341622,0.44660983675631694,3.9408495048496714,23.09964894011065,13.907495998200748,424.4356991557792,71.5928938344878,17.77664332106085,15.928132780769023,0.4464390723667528,3.925094907039089,23.163046318539514,13.86621352324216,857.1578285090627,3.875321523773995,3.484401132382173,monthly,413.8681247152671,0.0020629340431520538
Cauca,2003-12-03,2003-12-19,0.5748086600969406,0.361759516420714,318.77112221367327,80.96721070167226,17.862790316814678,15.693681460361972,0.44384989245282197,3.917288124198164,22.314687897250245,13.926974166995867,473.3231631155033,59.4550384002362,17.793882107611793,16.199468619114654,0.44908875738770787,3.9354767993760094,22.23005273375776,15.047047481757698,383.8346653935595,74.47467402930202,17.842165467553357,15.914606096341622,0.44660983675631694,3.9408495048496714,23.09964894011065,13.907495998200748,792.0942853291765,3.7166382090914176,3.875321523773995,monthly,237.803911512001,-0.0009019563541075026
Cauca,2003-12-19,2004-01-01,0.493207790224361,0.3029388238543259,203.56913682322227,59.2697806244616,18.01940302740564,15.964215694080155,0.4440832697916616,3.954311722318013,22.88231031478829,15.361704574366764,318.77112221367327,80.96721070167226,17.862790316814678,15.693681460361972,0.44384989245282197,3.917288124198164,22.314687897250245,13.926974166995867,473.3231631155033,59.4550384002362,17.793882107611793,16.199468619114654,0.44908875738770787,3.9354767993760094,22.23005273375776,15.047047481757698,522.3402590368955,3.7166382090914176,3.875321523773995,monthly,144.29935619876068,0.0008113187046810411
Cauca,2004-01-01,2004-01-17,0.5887400820190195,0.3634922913175231,225.38695948645352,73.03515041194575,18.29886845892314,16.494702247881804,0.44649398943979407,4.019294821879716,22.831932672103022,15.25604193618186,203.56913682322227,59.2697806244616,18.01940302740564,15.964215694080155,0.4440832697916616,3.954311722318013,22.88231031478829,15.361704574366764,318.77112221367327,80.96721070167226,17.862790316814678,15.693681460361972,0.44384989245282197,3.917288124198164,22.314687897250245,13.926974166995867,428.9560963096758,3.834728611297142,3.7166382090914176,monthly,152.35180907450777,0.009166700365993707
Cauca,2004-01-17,2004-02-02,0.7021958782145497,0.4062048845806128,144.5568668143821,103.96811997375974,17.71057411549785,14.881864797478116,0.4304195612190541,4.027123229487458,22.8343180743922,12.7592778623021,225.38695948645352,73.03515041194575,18.29886845892314,16.494702247881804,0.44649398943979407,4.019294821879716,22.831932672103022,15.25604193618186,203.56913682322227,59.2697806244616,18.01940302740564,15.964215694080155,0.4440832697916616,3.954311722318013,22.88231031478829,15.361704574366764,369.9438263008356,3.834728611297142,3.7166382090914176,monthly,40.58874684062235,-0.006161615583363145
Cauca,2004-02-02,2004-02-18,0.6830000356556626,0.3939994676650406,210.88760428957863,119.3353214777633,18.30497195425959,14.829521241727061,0.39383732413831307,3.9900292368451513,23.44813566324484,13.673927538884818,144.5568668143821,103.96811997375974,17.71057411549785,14.881864797478116,0.4304195612190541,4.027123229487458,22.8343180743922,12.7592778623021,225.38695948645352,73.03515041194575,18.29886845892314,16.494702247881804,0.44649398943979407,4.019294821879716,22.831932672103022,15.25604193618186,355.4444711039607,3.5807160529629174,3.834728611297142,monthly,91.55228281181533,-0.04297460916062862
Cauca,2004-02-18,2004-03-05,0.601600646528168,0.4014384157369546,247.71905722684494,92.98162300166669,18.27635468072753,15.825686112318207,0.43678986230342304,3.9671307103022357,23.35942969748365,14.541388770720822,210.88760428957863,119.3353214777633,18.30497195425959,14.829521241727061,0.39383732413831307,3.9900292368451513,23.44813566324484,13.673927538884818,144.5568668143821,103.96811997375974,17.71057411549785,14.881864797478116,0.4304195612190541,4.027123229487458,22.8343180743922,12.7592778623021,458.60666151642357,3.5807160529629174,3.834728611297142,monthly,154.73743422517825,-0.005235558758015013
Cauca,2004-03-05,2004-03-21,0.5907068156323874,0.41651213572697,227.14017900015278,100.61679160722159,18.695031691157972,16.015154351337287,0.4385516661197749,3.9538856527964246,23.67996041727331,14.891525585785104,247.71905722684494,92.98162300166669,18.27635468072753,15.825686112318207,0.43678986230342304,3.9671307103022357,23.35942969748365,14.541388770720822,210.88760428957863,119.3353214777633,18.30497195425959,14.829521241727061,0.39383732413831307,3.9900292368451513,23.44813566324484,13.673927538884818,474.8592362269977,3.638952931204056,3.5807160529629174,monthly,126.5233873929312,-0.005164525007912202
Cauca,2004-03-21,2004-04-06,0.6218793883951298,0.3910161492433892,239.998687391523,88.99457298954007,18.69594024025277,16.34130026128914,0.4383051852930586,3.960731135590456,23.90910422465833,15.331456744124583,227.14017900015278,100.61679160722159,18.695031691157972,16.015154351337287,0.4385516661197749,3.9538856527964246,23.67996041727331,14.891525585785104,247.71905722684494,92.98162300166669,18.27635468072753,15.825686112318207,0.43678986230342304,3.9671307103022357,23.35942969748365,14.541388770720822,467.1388663916758,3.638952931204056,3.5807160529629174,monthly,151.00411440198292,-0.00682515413398993
Cauca,2004-04-06,2004-04-22,0.59178100814993,0.4082064838311537,320.87883308237497,80.81231120561327,18.467512254755526,16.439832179580886,0.4454264069198441,3.971305345026644,23.99717637595231,15.296914176627398,239.998687391523,88.99457298954007,18.69594024025277,16.34130026128914,0.4383051852930586,3.960731135590456,23.90910422465833,15.331456744124583,227.14017900015278,100.61679160722159,18.695031691157972,16.015154351337287,0.4385516661197749,3.9538856527964246,23.67996041727331,14.891525585785104,560.8775204738979,3.667816777967974,3.638952931204056,monthly,240.0665218767617,-0.0004313812466467115
Cauca,2004-04-22,2004-05-08,0.518260048278283,0.3296639610794859,306.1776879498241,76.0717781468611,18.312286139283422,16.3269059169701,0.4482052946696312,3.961116572732836,22.62382127209981,15.164188420625804,320.87883308237497,80.81231120561327,18.467512254755526,16.439832179580886,0.4454264069198441,3.971305345026644,23.99717637595231,15.296914176627398,239.998687391523,88.99457298954007,18.69594024025277,16.34130026128914,0.4383051852930586,3.960731135590456,23.90910422465833,15.331456744124583,627.056521032199,3.667816777967974,3.638952931204056,monthly,230.10590980296297,0.0013658612795862113
Cauca,2004-05-08,2004-05-24,0.4818351163994112,0.304661105584547,337.43868166449795,68.00328126273914,18.338030856149054,16.33472418824657,0.4463988115194939,3.95065241617293,23.69350430051718,15.069094888897109,306.1776879498241,76.0717781468611,18.312286139283422,16.3269059169701,0.4482052946696312,3.961116572732836,22.62382127209981,15.164188420625804,320.87883308237497,80.81231120561327,18.467512254755526,16.439832179580886,0.4454264069198441,3.971305345026644,23.99717637595231,15.296914176627398,643.616369614322,3.723809845527093,3.667816777967974,monthly,269.4354004017588,0.0003931161683965456
Cauca,2004-05-24,2004-06-09,0.5306341250983383,0.3188760956189899,268.75487156300903,77.08807784144643,17.86730385252347,15.544367579535802,0.4463320552515282,3.965457085132247,22.661087482857724,14.482848106440557,337.43868166449795,68.00328126273914,18.338030856149054,16.33472418824657,0.4463988115194939,3.95065241617293,23.69350430051718,15.069094888897109,306.1776879498241,76.0717781468611,18.312286139283422,16.3269059169701,0.4482052946696312,3.961116572732836,22.62382127209981,15.164188420625804,606.193553227507,3.723809845527093,3.667816777967974,monthly,191.6667937215626,0.0006320577293105756
Cauca,2004-06-09,2004-06-25,0.584645136103886,0.3397067342648177,203.3622650823017,90.75885790871934,18.158397556883607,15.007051109067985,0.42982371107577305,3.9796353668121807,22.36937801299573,14.524527644424827,268.75487156300903,77.08807784144643,17.86730385252347,15.544367579535802,0.4463320552515282,3.965457085132247,22.661087482857724,14.482848106440557,337.43868166449795,68.00328126273914,18.338030856149054,16.33472418824657,0.4463988115194939,3.95065241617293,23.69350430051718,15.069094888897109,472.1171366453107,3.9252824380710414,3.723809845527093,monthly,112.60340717358235,-0.012614790455965641
Cauca,2004-06-25,2004-07-11,0.5791676376778059,0.3641220231323933,275.970744907425,80.3355797855714,17.578446866222396,15.129191578350422,0.4335249568061811,3.9752765559901717,21.76228128792652,14.196140761837958,203.3622650823017,90.75885790871934,18.158397556883607,15.007051109067985,0.42982371107577305,3.9796353668121807,22.36937801299573,14.524527644424827,268.75487156300903,77.08807784144643,17.86730385252347,15.544367579535802,0.4463320552515282,3.965457085132247,22.661087482857724,14.482848106440557,479.3330099897267,3.9252824380710414,3.723809845527093,monthly,195.63516512185362,-0.003930613880758216
Cauca,2004-07-11,2004-07-27,0.5469432066076237,0.3132395174364762,284.3379131303652,81.65396061952212,17.3239374655842,14.743974661599985,0.43777513918371436,3.962177083011067,21.72967575467476,13.802583857747088,275.970744907425,80.3355797855714,17.578446866222396,15.129191578350422,0.4335249568061811,3.9752765559901717,21.76228128792652,14.196140761837958,203.3622650823017,90.75885790871934,18.158397556883607,15.007051109067985,0.42982371107577305,3.9796353668121807,22.36937801299573,14.524527644424827,560.3086580377902,3.674218734983852,3.9252824380710414,monthly,202.68395251084308,0.0035085854100661007
Cauca,2004-07-27,2004-08-12,0.5700131834712644,0.3437252092072731,196.67647406476993,102.88833376466755,17.885735575852138,14.183855315095858,0.42554351510842486,3.930752155954042,22.80147556744469,14.383852081895968,284.3379131303652,81.65396061952212,17.3239374655842,14.743974661599985,0.43777513918371436,3.962177083011067,21.72967575467476,13.802583857747088,275.970744907425,80.3355797855714,17.578446866222396,15.129191578350422,0.4335249568061811,3.9752765559901717,21.76228128792652,14.196140761837958,481.01438719513516,3.674218734983852,3.9252824380710414,monthly,93.78814030010238,-0.001690207873252747
Cauca,2004-08-12,2004-08-28,0.5288343700256176,0.3277378773957003,184.86533029990932,107.40436719016,18.16681911095251,14.674729635487543,0.41012201926085257,3.9074397029357404,23.688959723652964,14.170408280079496,196.67647406476993,102.88833376466755,17.885735575852138,14.183855315095858,0.42554351510842486,3.930752155954042,22.80147556744469,14.383852081895968,284.3379131303652,81.65396061952212,17.3239374655842,14.743974661599985,0.43777513918371436,3.962177083011067,21.72967575467476,13.802583857747088,381.54180436467925,3.5320819351058743,3.674218734983852,monthly,77.46096310974931,-0.015339240098111495
Cauca,2004-08-28,2004-09-13,0.458536056865592,0.3056752178040922,288.81891011753277,91.05873056935607,17.725012927524105,14.953018043386063,0.43203729109801076,3.9044845074065018,23.4042742988138,13.688783651104105,184.86533029990932,107.40436719016,18.16681911095251,14.674729635487543,0.41012201926085257,3.9074397029357404,23.688959723652964,14.170408280079496,196.67647406476993,102.88833376466755,17.885735575852138,14.183855315095858,0.42554351510842486,3.930752155954042,22.80147556744469,14.383852081895968,473.6842404174421,3.5320819351058743,3.674218734983852,monthly,197.7601795481767,0.007296676792501677
Cauca,2004-09-13,2004-09-29,0.5814406457617001,0.3330700424547029,330.0525468042051,99.69302616052381,17.916970632336344,14.989154584957584,0.43102886146698477,3.9056181417496507,23.307080296151728,14.02754773747441,288.81891011753277,91.05873056935607,17.725012927524105,14.953018043386063,0.43203729109801076,3.9044845074065018,23.4042742988138,13.688783651104105,184.86533029990932,107.40436719016,18.16681911095251,14.674729635487543,0.41012201926085257,3.9074397029357404,23.688959723652964,14.170408280079496,618.871456921738,3.3588548643672063,3.5320819351058743,monthly,230.35952064368132,0.002249230488033105
Cauca,2004-09-29,2004-10-15,0.5446092838095947,0.353120662379109,332.61202566597933,82.45405694397785,18.05330858755724,15.823274099947032,0.43856964187473607,3.9127967267113832,22.42050397991779,15.008317643183595,330.0525468042051,99.69302616052381,17.916970632336344,14.989154584957584,0.43102886146698477,3.9056181417496507,23.307080296151728,14.02754773747441,288.81891011753277,91.05873056935607,17.725012927524105,14.953018043386063,0.43203729109801076,3.9044845074065018,23.4042742988138,13.688783651104105,662.6645724701845,3.3588548643672063,3.5320819351058743,monthly,250.1579687220015,0.0003439653180352664
Cauca,2004-10-15,2004-10-31,0.5945138179834566,0.3494001617017535,394.0298150977253,78.3896366069628,17.638777059792602,15.79017856792919,0.44804331021721056,3.9241031378291034,22.64077067190554,14.729311286062552,332.61202566597933,82.45405694397785,18.05330858755724,15.823274099947032,0.43856964187473607,3.9127967267113832,22.42050397991779,15.008317643183595,330.0525468042051,99.69302616052381,17.916970632336344,14.989154584957584,0.43102886146698477,3.9056181417496507,23.307080296151728,14.02754773747441,726.6418407637046,3.616954632703896,3.3588548643672063,monthly,315.64017849076254,0.0039395211137537856
Cauca,2004-10-31,2004-11-16,0.5511528262055768,0.3437464066453004,449.34013398485934,56.92179392514058,17.621665017858685,16.046590037622302,0.44924586619680673,3.9399913440992833,21.945336976860148,14.972563363083516,394.0298150977253,78.3896366069628,17.638777059792602,15.79017856792919,0.44804331021721056,3.9241031378291034,22.64077067190554,14.729311286062552,332.61202566597933,82.45405694397785,18.05330858755724,15.823274099947032,0.43856964187473607,3.9127967267113832,22.42050397991779,15.008317643183595,843.3699490825846,3.616954632703896,3.3588548643672063,monthly,392.41834005971873,0.00257263710974448
Cauca,2004-11-16,2004-12-02,0.5566003544087645,0.361185082220283,371.6414013943603,67.80168117136819,17.799499297431403,16.07635031544045,0.44834521466626365,3.936746673059302,22.46895321912749,14.79308293917346,449.34013398485934,56.92179392514058,17.621665017858685,16.046590037622302,0.44924586619680673,3.9399913440992833,21.945336976860148,14.972563363083516,394.0298150977253,78.3896366069628,17.638777059792602,15.79017856792919,0.44804331021721056,3.9241031378291034,22.64077067190554,14.729311286062552,820.9815353792196,3.6246285948450727,3.616954632703896,monthly,303.8397202229921,0.0013193913217078301
Cauca,2004-12-02,2004-12-18,0.5399795147937685,0.3433791183793135,307.71992106105785,66.70477839244077,17.86220484008839,16.156436696261082,0.449003389406076,3.9174885857707493,21.9736901753926,14.883106848491067,371.6414013943603,67.80168117136819,17.799499297431403,16.07635031544045,0.44834521466626365,3.936746673059302,22.46895321912749,14.79308293917346,449.34013398485934,56.92179392514058,17.621665017858685,16.046590037622302,0.44924586619680673,3.9399913440992833,21.945336976860148,14.972563363083516,679.3613224554181,3.2081972321277634,3.6246285948450727,monthly,241.01514266861707,0.004251540599146508
Cauca,2004-12-18,2005-01-01,0.6269646195822479,0.3749535651535005,139.0758839862667,74.47706930934653,17.875091479193745,15.699820413291588,0.44411477157141566,3.952056897762947,22.08950050406033,13.69815863526105,307.71992106105785,66.70477839244077,17.86220484008839,16.156436696261082,0.449003389406076,3.9174885857707493,21.9736901753926,14.883106848491067,371.6414013943603,67.80168117136819,17.799499297431403,16.07635031544045,0.44834521466626365,3.936746673059302,22.46895321912749,14.79308293917346,446.7958050473245,3.2081972321277634,3.6246285948450727,monthly,64.59881467692016,0.000842820484435125
Cauca,2005-01-01,2005-01-17,0.5410413169951325,0.3507714351846512,288.00212462262397,73.50228817920609,18.114114248628056,16.215239242318013,0.44562844151538467,4.019294821879716,22.3263750106026,14.888440967592755,139.0758839862667,74.47706930934653,17.875091479193745,15.699820413291588,0.44411477157141566,3.952056897762947,22.08950050406033,13.69815863526105,307.71992106105785,66.70477839244077,17.86220484008839,16.156436696261082,0.449003389406076,3.9174885857707493,21.9736901753926,14.883106848491067,427.0780086088906,3.747828997677245,3.2081972321277634,monthly,214.49983644341788,0.008301152441584303
Cauca,2005-01-17,2005-02-02,0.648785296749707,0.4116805994646959,223.80117069272626,84.42011040701175,17.896254459611928,15.750855148484053,0.4435191560015702,4.027123229487458,23.015013661694464,14.668517282626558,288.00212462262397,73.50228817920609,18.114114248628056,16.215239242318013,0.44562844151538467,4.019294821879716,22.3263750106026,14.888440967592755,139.0758839862667,74.47706930934653,17.875091479193745,15.699820413291588,0.44411477157141566,3.952056897762947,22.08950050406033,13.69815863526105,511.8032953153502,3.747828997677245,3.2081972321277634,monthly,139.3810602857145,0.006937979199152955
Cauca,2005-02-02,2005-02-18,0.446085151597668,0.2843348343989231,229.717533742959,72.50300136840349,18.206924812404672,16.372662580366296,0.446426117654116,3.990023639261449,22.475442421563184,15.08395519890977,223.80117069272626,84.42011040701175,17.896254459611928,15.750855148484053,0.4435191560015702,4.027123229487458,23.015013661694464,14.668517282626558,288.00212462262397,73.50228817920609,18.114114248628056,16.215239242318013,0.44562844151538467,4.019294821879716,22.3263750106026,14.888440967592755,453.51870443568527,3.7558034272337526,3.747828997677245,monthly,157.21453237455552,0.009614184355174304
Cauca,2005-02-18,2005-03-06,0.587980001379859,0.3782882765031171,153.96683470253356,96.56463954083402,18.7139297054078,16.36234810976831,0.43445406170690937,3.9667838865098206,23.376460604871475,15.520588371510067,229.717533742959,72.50300136840349,18.206924812404672,16.372662580366296,0.446426117654116,3.990023639261449,22.475442421563184,15.08395519890977,223.80117069272626,84.42011040701175,17.896254459611928,15.750855148484053,0.4435191560015702,4.027123229487458,23.015013661694464,14.668517282626558,383.68436844549257,3.7558034272337526,3.747828997677245,monthly,57.40219516169954,-0.007571359354528684
Cauca,2005-03-06,2005-03-22,0.5363566233622322,0.3347688745124967,275.32535708783803,93.23622634193194,18.329473703423073,16.018520639628306,0.43992784652960315,3.9536970600673036,23.26155049899417,14.315702291400893,153.96683470253356,96.56463954083402,18.7139297054078,16.36234810976831,0.43445406170690937,3.9667838865098206,23.376460604871475,15.520588371510067,229.717533742959,72.50300136840349,18.206924812404672,16.372662580366296,0.446426117654116,3.990023639261449,22.475442421563184,15.08395519890977,429.2921917903716,3.1262171489024566,3.7558034272337526,monthly,182.0891307459061,-0.0037883445980839703
Cauca,2005-03-22,2005-04-07,0.5281022032560262,0.3702335691031648,325.126146041084,87.5754984742995,18.46025391025387,16.23103007935821,0.4453871600369523,3.961533772785018,23.24500884827125,15.022732730162703,275.32535708783803,93.23622634193194,18.329473703423073,16.018520639628306,0.43992784652960315,3.9536970600673036,23.26155049899417,14.315702291400893,153.96683470253356,96.56463954083402,18.7139297054078,16.36234810976831,0.43445406170690937,3.9667838865098206,23.376460604871475,15.520588371510067,600.451503128922,3.1262171489024566,3.7558034272337526,monthly,237.5506475667845,0.00025682060990372957
Cauca,2005-04-07,2005-04-23,0.5506742012421428,0.3773245156548626,362.54804501586545,77.61195860003986,18.88150143715929,16.716877943965336,0.44750805605586497,3.9713473534227983,23.37759562129611,15.788477707222103,325.126146041084,87.5754984742995,18.46025391025387,16.23103007935821,0.4453871600369523,3.961533772785018,23.24500884827125,15.022732730162703,275.32535708783803,93.23622634193194,18.329473703423073,16.018520639628306,0.43992784652960315,3.9536970600673036,23.26155049899417,14.315702291400893,687.6741910569494,3.6545012256345086,3.1262171489024566,monthly,284.93608641582557,0.0016502678893741685
Cauca,2005-04-23,2005-05-09,0.6629984408192502,0.4366534015139675,357.8967621414335,74.68118116095435,18.39799466376414,16.477536375030468,0.44881491538976015,3.960168594048689,22.656927613079667,15.510024095543224,362.54804501586545,77.61195860003986,18.88150143715929,16.716877943965336,0.44750805605586497,3.9713473534227983,23.37759562129611,15.788477707222103,325.126146041084,87.5754984742995,18.46025391025387,16.23103007935821,0.4453871600369523,3.961533772785018,23.24500884827125,15.022732730162703,720.444807157299,3.6545012256345086,3.1262171489024566,monthly,283.21558098047916,0.001975481999715145
Cauca,2005-05-09,2005-05-25,0.6810688921909008,0.4201503609654163,237.55253018999184,74.9056155889829,18.4923715516628,16.366149132634604,0.44736520559092263,3.950884538241548,22.616297818955413,13.306174657171388,357.8967621414335,74.68118116095435,18.39799466376414,16.477536375030468,0.44881491538976015,3.960168594048689,22.656927613079667,15.510024095543224,362.54804501586545,77.61195860003986,18.88150143715929,16.716877943965336,0.44750805605586497,3.9713473534227983,23.37759562129611,15.788477707222103,595.4492923314253,3.632618042977866,3.6545012256345086,monthly,162.64691460100894,0.001359510239825279
Cauca,2005-05-25,2005-06-10,0.5429117390796582,0.3473886074829485,269.18108017308646,78.67340866944807,18.317936251891396,16.022290210136376,0.44429529450578564,3.9666149707618157,22.640896913332707,14.953397463529813,237.55253018999184,74.9056155889829,18.4923715516628,16.366149132634604,0.44736520559092263,3.950884538241548,22.616297818955413,13.306174657171388,357.8967621414335,74.68118116095435,18.39799466376414,16.477536375030468,0.44881491538976015,3.960168594048689,22.656927613079667,15.510024095543224,506.7336103630783,3.632618042977866,3.6545012256345086,monthly,190.5076715036384,-0.001404703016431974
Cauca,2005-06-10,2005-06-26,0.5350904733228927,0.3535628540007777,238.62818772644414,77.05137812250189,18.24936056421041,15.861198028874215,0.4431595927561348,3.9798227446678176,23.40355708442263,15.058214765867806,269.18108017308646,78.67340866944807,18.317936251891396,16.022290210136376,0.44429529450578564,3.9666149707618157,22.640896913332707,14.953397463529813,237.55253018999184,74.9056155889829,18.4923715516628,16.366149132634604,0.44736520559092263,3.950884538241548,22.616297818955413,13.306174657171388,507.8092678995306,3.752147811809875,3.632618042977866,monthly,161.57680960394225,0.0007210912243961198
Cauca,2005-06-26,2005-07-12,0.676212014866856,0.3993326284802285,256.70318655983044,94.23278635216562,17.974724831086544,14.859069534850482,0.43466108302158024,3.974873941209179,22.747110414263272,13.644541456209575,238.62818772644414,77.05137812250189,18.24936056421041,15.861198028874215,0.4431595927561348,3.9798227446678176,23.40355708442263,15.058214765867806,269.18108017308646,78.67340866944807,18.317936251891396,16.022290210136376,0.44429529450578564,3.9666149707618157,22.640896913332707,14.953397463529813,495.3313742862746,3.752147811809875,3.632618042977866,monthly,162.47040020766482,-0.002794487665359058
Cauca,2005-07-12,2005-07-28,0.5749734783404835,0.3561372736170269,227.18864917722826,87.04384377672471,17.955164938679587,15.140149194149068,0.4331549837106363,3.9605592569871906,22.947628514601583,14.025372034203423,256.70318655983044,94.23278635216562,17.974724831086544,14.859069534850482,0.43466108302158024,3.974873941209179,22.747110414263272,13.644541456209575,238.62818772644414,77.05137812250189,18.24936056421041,15.861198028874215,0.4431595927561348,3.9798227446678176,23.40355708442263,15.058214765867806,483.8918357370587,3.9027049772935607,3.752147811809875,monthly,140.14480540050354,-0.0011115700630119352
Cauca,2005-07-28,2005-08-13,0.4898394150434793,0.332382861759472,216.33144044787335,93.40816139287043,18.43714866680353,15.069740228439876,0.41659712875936145,3.928723427683921,22.925060463698216,14.866553737823034,227.18864917722826,87.04384377672471,17.955164938679587,15.140149194149068,0.4331549837106363,3.9605592569871906,22.947628514601583,14.025372034203423,256.70318655983044,94.23278635216562,17.974724831086544,14.859069534850482,0.43466108302158024,3.974873941209179,22.747110414263272,13.644541456209575,443.5200896251016,3.9027049772935607,3.752147811809875,monthly,122.92327905500292,-0.010636594222316165
Cauca,2005-08-13,2005-08-29,0.5481420802994169,0.3456243498492124,322.00960436820753,87.23216988502533,17.725421654333758,14.922229948496797,0.4355012748924413,3.9069408336301445,22.59226101484404,13.71019368565647,216.33144044787335,93.40816139287043,18.43714866680353,15.069740228439876,0.41659712875936145,3.928723427683921,22.925060463698216,14.866553737823034,227.18864917722826,87.04384377672471,17.955164938679587,15.140149194149068,0.4331549837106363,3.9605592569871906,22.947628514601583,14.025372034203423,538.3410448160809,3.473711978451825,3.9027049772935607,monthly,234.77743448318222,0.01004001553347722
Cauca,2005-08-29,2005-09-14,0.4936081148267036,0.3189972750932557,233.8969499828491,105.37047251555347,18.31832024322746,15.035537212234136,0.4237822045233877,3.904345525960367,23.65676022014338,14.34277361353844,322.00960436820753,87.23216988502533,17.725421654333758,14.922229948496797,0.4355012748924413,3.9069408336301445,22.59226101484404,13.71019368565647,216.33144044787335,93.40816139287043,18.43714866680353,15.069740228439876,0.41659712875936145,3.928723427683921,22.925060463698216,14.866553737823034,555.9065543510567,3.473711978451825,3.9027049772935607,monthly,128.52647746729562,-0.0009584097821213611
Cauca,2005-09-14,2005-09-30,0.5568902033124171,0.3579933023157156,288.4767182756092,96.81941089879132,18.168836945227568,15.448624092865229,0.42813306961515146,3.905997852224383,23.240851612503366,14.840371388471787,233.8969499828491,105.37047251555347,18.31832024322746,15.035537212234136,0.4237822045233877,3.904345525960367,23.65676022014338,14.34277361353844,322.00960436820753,87.23216988502533,17.725421654333758,14.922229948496797,0.4355012748924413,3.9069408336301445,22.59226101484404,13.71019368565647,522.3736682584583,3.172621113468593,3.473711978451825,monthly,191.65730737681787,-0.0006465613638002021
Cauca,2005-09-30,2005-10-16,0.502870084429887,0.2874515565400845,398.58098498629147,83.59249785267721,17.876436775104466,15.718451979745016,0.4444523079251135,3.913252467418305,22.861248204350083,14.868439960606668,288.4767182756092,96.81941089879132,18.168836945227568,15.448624092865229,0.42813306961515146,3.905997852224383,23.240851612503366,14.840371388471787,233.8969499828491,105.37047251555347,18.31832024322746,15.035537212234136,0.4237822045233877,3.904345525960367,23.65676022014338,14.34277361353844,687.0577032619007,3.172621113468593,3.473711978451825,monthly,314.9884871336143,0.006226631368412672
Cauca,2005-10-16,2005-11-01,0.4612801392741398,0.2915093896628096,364.8129551993054,65.44455054391808,17.548037672592486,15.952829391621734,0.4496088484789703,3.925094907039089,22.06230311452295,15.007768485207867,398.58098498629147,83.59249785267721,17.876436775104466,15.718451979745016,0.4444523079251135,3.913252467418305,22.861248204350083,14.868439960606668,288.4767182756092,96.81941089879132,18.168836945227568,15.448624092865229,0.42813306961515146,3.905997852224383,23.240851612503366,14.840371388471787,763.3939401855969,3.812119896290111,3.172621113468593,monthly,299.36840465538734,0.0055050593755135435
Cauca,2005-11-01,2005-11-17,0.5028954314298524,0.310993300906118,345.76983609920865,65.73296995417437,17.69722892475301,16.0539828509294,0.44881364195884643,3.9408495048496714,21.730078015945672,14.4611305844988,364.8129551993054,65.44455054391808,17.548037672592486,15.952829391621734,0.4496088484789703,3.925094907039089,22.06230311452295,15.007768485207867,398.58098498629147,83.59249785267721,17.876436775104466,15.718451979745016,0.4444523079251135,3.913252467418305,22.861248204350083,14.868439960606668,710.582791298514,3.6277808209106497,3.812119896290111,monthly,280.0368661450343,0.002140412871784181
Cauca,2005-11-17,2005-12-03,0.6929334567846633,0.4240744626523308,326.39871865452085,74.20472832787401,17.544372769880557,15.562692918584737,0.4428143592882937,3.9354767993760094,22.24963293017207,13.938403738388446,345.76983609920865,65.73296995417437,17.69722892475301,16.0539828509294,0.44881364195884643,3.9408495048496714,21.730078015945672,14.4611305844988,364.8129551993054,65.44455054391808,17.548037672592486,15.952829391621734,0.4496088484789703,3.925094907039089,22.06230311452295,15.007768485207867,672.1685547537295,3.6277808209106497,3.812119896290111,monthly,252.19399032664683,-0.004211464056262104
Cauca,2005-12-03,2005-12-19,0.4988885459209269,0.3295748767462218,325.83383888986157,68.98134793218085,17.54626756743656,15.915227361643673,0.4501346819153634,3.917288124198164,22.07384676595257,15.013143317261669,326.39871865452085,74.20472832787401,17.544372769880557,15.562692918584737,0.4428143592882937,3.9354767993760094,22.24963293017207,13.938403738388446,345.76983609920865,65.73296995417437,17.69722892475301,16.0539828509294,0.44881364195884643,3.9408495048496714,21.730078015945672,14.4611305844988,652.2325575443824,2.984664246481441,3.6277808209106497,monthly,256.85249095768074,0.005382833108433904
Cauca,2005-12-19,2006-01-01,0.6022632729432126,0.352964337452328,252.36243079286436,56.18619985349682,17.34997595237167,15.682523607661155,0.4502022377875668,3.954311722318013,21.58711371632491,14.690816760331511,325.83383888986157,68.98134793218085,17.54626756743656,15.915227361643673,0.4501346819153634,3.917288124198164,22.07384676595257,15.013143317261669,326.39871865452085,74.20472832787401,17.544372769880557,15.562692918584737,0.4428143592882937,3.9354767993760094,22.24963293017207,13.938403738388446,578.1962696827259,2.984664246481441,3.6277808209106497,monthly,196.17623093936754,0.006930286700586263
Cauca,2006-01-01,2006-01-17,0.5856523747572155,0.3662452155653678,260.91674015591286,68.223363042604,17.277122467353315,15.469505605901215,0.44782571024221296,4.019294821879716,22.56469002908489,14.404567120502374,252.36243079286436,56.18619985349682,17.34997595237167,15.682523607661155,0.4502022377875668,3.954311722318013,21.58711371632491,14.690816760331511,325.83383888986157,68.98134793218085,17.54626756743656,15.915227361643673,0.4501346819153634,3.917288124198164,22.07384676595257,15.013143317261669,513.2791709487772,3.3596177006140686,2.984664246481441,monthly,192.69337711330886,0.010498421168412597
Cauca,2006-01-17,2006-02-02,0.4683531293728355,0.3164857133209537,260.58797447301515,84.01392775253811,18.10168075743992,15.991117549106026,0.44605862259176976,4.027123229487458,23.246938194531605,14.725523555643164,260.91674015591286,68.223363042604,17.277122467353315,15.469505605901215,0.44782571024221296,4.019294821879716,22.56469002908489,14.404567120502374,252.36243079286436,56.18619985349682,17.34997595237167,15.682523607661155,0.4502022377875668,3.954311722318013,21.58711371632491,14.690816760331511,521.504714628928,3.3596177006140686,2.984664246481441,monthly,176.57404672047704,0.009477445789352501
Cauca,2006-02-02,2006-02-18,0.6608513014714388,0.3910785570284066,234.14450875181657,85.60949767046574,18.22107046436823,16.09697141651479,0.44448647765005844,3.990023639261449,23.40765314958849,14.764361454920271,260.58797447301515,84.01392775253811,18.10168075743992,15.991117549106026,0.44605862259176976,4.027123229487458,23.246938194531605,14.725523555643164,260.91674015591286,68.223363042604,17.277122467353315,15.469505605901215,0.44782571024221296,4.019294821879716,22.56469002908489,14.404567120502374,494.73248322483175,3.607656248260432,3.3596177006140686,monthly,148.53501108135083,0.007674544351116752
Cauca,2006-02-18,2006-03-06,0.604169402082372,0.3594062014732289,230.98000809002428,88.09428237490924,18.280537453612578,16.05329143503841,0.4401252912380203,3.9667838865098206,23.28740264485016,14.260683819558611,234.14450875181657,85.60949767046574,18.22107046436823,16.09697141651479,0.44448647765005844,3.990023639261449,23.40765314958849,14.764361454920271,260.58797447301515,84.01392775253811,18.10168075743992,15.991117549106026,0.44605862259176976,4.027123229487458,23.246938194531605,14.725523555643164,465.1245168418409,3.607656248260432,3.3596177006140686,monthly,142.88572571511503,-0.001900129823417751
Cauca,2006-03-06,2006-03-22,0.4499408688053263,0.2956754603053027,230.03787930660204,69.96739279962428,17.902718921915955,16.17988481918926,0.44986055852323,3.9536970600673036,22.03222981007965,15.055296123561504,230.98000809002428,88.09428237490924,18.280537453612578,16.05329143503841,0.4401252912380203,3.9667838865098206,23.28740264485016,14.260683819558611,234.14450875181657,85.60949767046574,18.22107046436823,16.09697141651479,0.44448647765005844,3.990023639261449,23.40765314958849,14.764361454920271,461.0178873966263,3.519303607090936,3.607656248260432,monthly,160.07048650697777,0.00614436739554286
Cauca,2006-03-22,2006-04-07,0.5559901744571836,0.3576090422413198,309.7495192562162,80.10447293388901,18.188712576764168,16.17207519969216,0.4486973078626405,3.961533772785018,22.6730481357541,14.494120886813413,230.03787930660204,69.96739279962428,17.902718921915955,16.17988481918926,0.44986055852323,3.9536970600673036,22.03222981007965,15.055296123561504,230.98000809002428,88.09428237490924,18.280537453612578,16.05329143503841,0.4401252912380203,3.9667838865098206,23.28740264485016,14.260683819558611,539.7873985628182,3.519303607090936,3.607656248260432,monthly,229.6450463223272,0.003566968435591955
Cauca,2006-04-07,2006-04-23,0.5748132525084979,0.3889115468422854,319.745867046752,77.1972257326036,18.0432604771849,16.03742497386397,0.4475455952486758,3.9713473534227983,22.786634659630952,15.032389858570523,309.7495192562162,80.10447293388901,18.188712576764168,16.17207519969216,0.4486973078626405,3.961533772785018,22.6730481357541,14.494120886813413,230.03787930660204,69.96739279962428,17.902718921915955,16.17988481918926,0.44986055852323,3.9536970600673036,22.03222981007965,15.055296123561504,629.4953863029682,3.650475742712975,3.519303607090936,monthly,242.54864131414837,0.0016878070821850222
Cauca,2006-04-23,2006-05-09,0.4026750240106891,0.2693585433049092,358.0508345131322,68.00743887429694,18.121667208013996,16.31104283924634,0.44896446119702765,3.960168594048689,22.127983091681585,15.174181601119116,319.745867046752,77.1972257326036,18.0432604771849,16.03742497386397,0.4475455952486758,3.9713473534227983,22.786634659630952,15.032389858570523,309.7495192562162,80.10447293388901,18.188712576764168,16.17207519969216,0.4486973078626405,3.961533772785018,22.6730481357541,14.494120886813413,677.7967015598842,3.650475742712975,3.519303607090936,monthly,290.04339563883525,0.002125027806982649
Cauca,2006-05-09,2006-05-25,0.675398347232268,0.3977751396710144,251.8380297420211,82.12575589859922,18.129655313044427,15.62957872731188,0.4380976610247332,3.950884538241548,23.24941311992052,14.226298126811283,358.0508345131322,68.00743887429694,18.121667208013996,16.31104283924634,0.44896446119702765,3.960168594048689,22.127983091681585,15.174181601119116,319.745867046752,77.1972257326036,18.0432604771849,16.03742497386397,0.4475455952486758,3.9713473534227983,22.786634659630952,15.032389858570523,609.8888642551533,3.996607162435776,3.650475742712975,monthly,169.71227384342188,-0.007908034326364166
Cauca,2006-05-25,2006-06-10,0.5214845893317649,0.3316130479763844,297.74264732441566,70.27165602779453,17.76726511896975,15.777399492590256,0.44632920786347646,3.9666149707618157,22.784731262936862,15.155999999251312,251.8380297420211,82.12575589859922,18.129655313044427,15.62957872731188,0.4380976610247332,3.950884538241548,23.24941311992052,14.226298126811283,358.0508345131322,68.00743887429694,18.121667208013996,16.31104283924634,0.44896446119702765,3.960168594048689,22.127983091681585,15.174181601119116,549.5806770664367,3.996607162435776,3.650475742712975,monthly,227.47099129662112,0.0006292103412588457
Cauca,2006-06-10,2006-06-26,0.6632936294297435,0.3803049200136438,245.2779669469915,84.77931681994319,17.724753112169516,15.012548439919463,0.4393900082572344,3.9798227446678176,22.898344615546268,13.636891248996244,297.74264732441566,70.27165602779453,17.76726511896975,15.777399492590256,0.44632920786347646,3.9666149707618157,22.784731262936862,15.155999999251312,251.8380297420211,82.12575589859922,18.129655313044427,15.62957872731188,0.4380976610247332,3.950884538241548,23.24941311992052,14.226298126811283,543.0206142714071,3.757059074370006,3.996607162435776,monthly,160.49865012704834,-0.0030484932745042936
Cauca,2006-06-26,2006-07-12,0.4790399663312071,0.3021994650288431,153.06151651699793,95.43246902845979,18.503112697192726,15.034075471215075,0.41420979387458434,3.974873941209179,22.55045097545733,14.63606726966679,245.2779669469915,84.77931681994319,17.724753112169516,15.012548439919463,0.4393900082572344,3.9798227446678176,22.898344615546268,13.636891248996244,297.74264732441566,70.27165602779453,17.76726511896975,15.777399492590256,0.44632920786347646,3.9666149707618157,22.784731262936862,15.155999999251312,398.33948346398944,3.757059074370006,3.996607162435776,monthly,57.629047488538134,-0.023245776812354957
Cauca,2006-07-12,2006-07-28,0.559699746259062,0.3430127113214374,269.56481208719373,84.14616900228796,17.795464020862255,14.724423900863288,0.4145938299990417,3.9605592569871906,22.705462883760827,14.539976702396562,153.06151651699793,95.43246902845979,18.503112697192726,15.034075471215075,0.41420979387458434,3.974873941209179,22.55045097545733,14.63606726966679,245.2779669469915,84.77931681994319,17.724753112169516,15.012548439919463,0.4393900082572344,3.9798227446678176,22.898344615546268,13.636891248996244,422.62632860419166,3.662404119477045,3.757059074370006,monthly,185.41864308490577,-0.01967272377460655
Cauca,2006-07-28,2006-08-13,0.6065525240332793,0.3993208754109555,158.7658047082175,101.80488803977559,18.059869989441005,14.586154212492573,0.4209513974118465,3.928723427683921,23.04655358874248,13.902929871295784,269.56481208719373,84.14616900228796,17.795464020862255,14.724423900863288,0.4145938299990417,3.9605592569871906,22.705462883760827,14.539976702396562,153.06151651699793,95.43246902845979,18.503112697192726,15.034075471215075,0.41420979387458434,3.974873941209179,22.55045097545733,14.63606726966679,428.33061679541123,3.662404119477045,3.757059074370006,monthly,56.96091666844191,-0.006282325569831104
Cauca,2006-08-13,2006-08-29,0.576432929589304,0.3709279530660112,290.50712911360915,101.34195846030121,18.149923672963595,14.941977463089287,0.41811482640644615,3.9069408336301445,23.263088996727927,14.53147975398365,158.7658047082175,101.80488803977559,18.059869989441005,14.586154212492573,0.4209513974118465,3.928723427683921,23.04655358874248,13.902929871295784,269.56481208719373,84.14616900228796,17.795464020862255,14.724423900863288,0.4145938299990417,3.9605592569871906,22.705462883760827,14.539976702396562,449.27293382182665,3.6475178827712207,3.662404119477045,monthly,189.16517065330794,-0.007346432952517912
Cauca,2006-08-29,2006-09-14,0.6242886650180655,0.3959057773876688,322.8661379571538,100.23159387499157,17.983522975847198,14.970145029293782,0.4286043476675009,3.904345525960367,23.002863825712588,13.85181493027666,290.50712911360915,101.34195846030121,18.149923672963595,14.941977463089287,0.41811482640644615,3.9069408336301445,23.263088996727927,14.53147975398365,158.7658047082175,101.80488803977559,18.059869989441005,14.586154212492573,0.4209513974118465,3.928723427683921,23.04655358874248,13.902929871295784,613.373267070763,3.6475178827712207,3.662404119477045,monthly,222.63454408216222,0.0038637333619918057
Cauca,2006-09-14,2006-09-30,0.594805156797032,0.3946006101783466,358.52111129083187,102.82883291286397,18.215735426058643,15.10102253651845,0.4282063084279436,3.905997852224383,23.97203695076558,13.529409028997852,322.8661379571538,100.23159387499157,17.983522975847198,14.970145029293782,0.4286043476675009,3.904345525960367,23.002863825712588,13.85181493027666,290.50712911360915,101.34195846030121,18.149923672963595,14.941977463089287,0.41811482640644615,3.9069408336301445,23.263088996727927,14.53147975398365,681.3872492479857,3.3616835253012662,3.6475178827712207,monthly,255.6922783779679,-0.0005733225510080597
Cauca,2006-09-30,2006-10-16,0.4193289898952179,0.2765491469244537,332.3190382272518,78.27739418795494,18.305792320034445,15.909995641126795,0.4299109924306605,3.913252467418305,23.28216968076844,14.89800004248397,358.52111129083187,102.82883291286397,18.215735426058643,15.10102253651845,0.4282063084279436,3.905997852224383,23.97203695076558,13.529409028997852,322.8661379571538,100.23159387499157,17.983522975847198,14.970145029293782,0.4286043476675009,3.904345525960367,23.002863825712588,13.85181493027666,690.8401495180836,3.3616835253012662,3.6475178827712207,monthly,254.04164403929684,-0.008314684126040306
Cauca,2006-10-16,2006-11-01,0.6502292595564272,0.4307433213888765,288.84711545241043,80.70962492374508,17.91370040109077,15.82575220028647,0.44648137950520544,3.925094907039089,22.12674636614057,14.381347363358689,332.3190382272518,78.27739418795494,18.305792320034445,15.909995641126795,0.4299109924306605,3.913252467418305,23.28216968076844,14.89800004248397,358.52111129083187,102.82883291286397,18.215735426058643,15.10102253651845,0.4282063084279436,3.905997852224383,23.97203695076558,13.529409028997852,621.1661536796622,3.5837930765309784,3.3616835253012662,monthly,208.13749052866535,0.002377590401748675
Cauca,2006-11-01,2006-11-17,0.4043810672081769,0.2756525248608056,455.7995649280118,61.33283692282974,17.65908498131854,15.979238046563632,0.45066201468491257,3.9408495048496714,22.11150928431802,14.269070298796128,288.84711545241043,80.70962492374508,17.91370040109077,15.82575220028647,0.44648137950520544,3.925094907039089,22.12674636614057,14.381347363358689,332.3190382272518,78.27739418795494,18.305792320034445,15.909995641126795,0.4299109924306605,3.913252467418305,23.28216968076844,14.89800004248397,744.6466803804223,3.2067963081304844,3.5837930765309784,monthly,394.46672800518206,0.0039887855978503195
Cauca,2006-11-17,2006-12-03,0.591428237566182,0.3887672095643646,467.60530082511065,67.63528064152848,17.810947176959303,16.014191418249414,0.4484195648340972,3.9354767993760094,21.907840403392346,14.990052434529174,455.7995649280118,61.33283692282974,17.65908498131854,15.979238046563632,0.45066201468491257,3.9408495048496714,22.11150928431802,14.269070298796128,288.84711545241043,80.70962492374508,17.91370040109077,15.82575220028647,0.44648137950520544,3.925094907039089,22.12674636614057,14.381347363358689,923.4048657531225,3.2067963081304844,3.5837930765309784,monthly,399.97002018358216,0.0013937414895413558
Cauca,2006-12-03,2006-12-19,0.6010139681415412,0.3604309456681634,389.141296015273,65.30169665692395,17.83262360048748,16.116788034543255,0.44863509899038473,3.917288124198164,22.14734301137722,14.231033828561063,467.60530082511065,67.63528064152848,17.810947176959303,16.014191418249414,0.4484195648340972,3.9354767993760094,21.907840403392346,14.990052434529174,455.7995649280118,61.33283692282974,17.65908498131854,15.979238046563632,0.45066201468491257,3.9408495048496714,22.11150928431802,14.269070298796128,856.7465968403836,3.5442394820357253,3.2067963081304844,monthly,323.839599358349,0.0038832501834552557
Cauca,2006-12-19,2007-01-01,0.5926538387562409,0.3872562970533767,295.6926817863802,56.49252666853308,17.970015317459566,15.988134164247043,0.4463728693046332,3.954311722318013,23.18668419745084,14.782876100130066,389.141296015273,65.30169665692395,17.83262360048748,16.116788034543255,0.44863509899038473,3.917288124198164,22.14734301137722,14.231033828561063,467.60530082511065,67.63528064152848,17.810947176959303,16.014191418249414,0.4484195648340972,3.9354767993760094,21.907840403392346,14.990052434529174,684.8339778016532,3.5442394820357253,3.2067963081304844,monthly,239.20015511784712,0.0031009182176526817
Cauca,2007-01-01,2007-01-17,0.6014603871280181,0.3772129100748623,147.84413099646386,93.50845840662409,18.675820995805484,16.094455217600085,0.42520229777070684,4.019294821879716,23.25636392365877,14.675566413851335,295.6926817863802,56.49252666853308,17.970015317459566,15.988134164247043,0.4463728693046332,3.954311722318013,23.18668419745084,14.782876100130066,389.141296015273,65.30169665692395,17.83262360048748,16.116788034543255,0.44863509899038473,3.917288124198164,22.14734301137722,14.231033828561063,443.5368127828441,3.682182335186417,3.5442394820357253,monthly,54.335672589839774,-0.012124991303093524
Cauca,2007-01-17,2007-02-02,0.651872401376274,0.4129844825536192,284.7472874630103,88.64728567941845,18.72020054134655,16.476951749143044,0.4374903823907186,4.027123229487458,24.05921098463028,15.360045781481258,147.84413099646386,93.50845840662409,18.675820995805484,16.094455217600085,0.42520229777070684,4.019294821879716,23.25636392365877,14.675566413851335,295.6926817863802,56.49252666853308,17.970015317459566,15.988134164247043,0.4463728693046332,3.954311722318013,23.18668419745084,14.782876100130066,432.5914184594742,3.682182335186417,3.5442394820357253,monthly,196.10000178359186,0.0009092055883013206
Cauca,2007-02-02,2007-02-18,0.7428041663463207,0.416194161238492,162.31446290695536,119.05309759257669,18.536559384016783,15.00656665400441,0.3997080812806561,3.990023639261449,23.85990866560429,13.610435215625447,284.7472874630103,88.64728567941845,18.72020054134655,16.476951749143044,0.4374903823907186,4.027123229487458,24.05921098463028,15.360045781481258,147.84413099646386,93.50845840662409,18.675820995805484,16.094455217600085,0.42520229777070684,4.019294821879716,23.25636392365877,14.675566413851335,447.0617503699657,4.025877142709008,3.682182335186417,monthly,43.261365314378665,-0.03710385201828559
Cauca,2007-02-18,2007-03-06,0.6557106784558081,0.4133514575058841,155.8921599159126,109.45139495056686,18.294363882833608,15.196003562872177,0.4223101662739947,3.9667838865098206,23.238319755144733,14.024352212370486,162.31446290695536,119.05309759257669,18.536559384016783,15.00656665400441,0.3997080812806561,3.990023639261449,23.85990866560429,13.610435215625447,284.7472874630103,88.64728567941845,18.72020054134655,16.476951749143044,0.4374903823907186,4.027123229487458,24.05921098463028,15.360045781481258,318.206622822868,4.025877142709008,3.682182335186417,monthly,46.440764965345736,-0.019715254787443348
Cauca,2007-03-06,2007-03-22,0.5189095124979854,0.3672924942299124,322.42107107985805,77.7854581858251,18.073688083667292,16.077919485962383,0.4460823293822665,3.9536970600673036,22.550059394292138,14.833893828012132,155.8921599159126,109.45139495056686,18.294363882833608,15.196003562872177,0.4223101662739947,3.9667838865098206,23.238319755144733,14.024352212370486,162.31446290695536,119.05309759257669,18.536559384016783,15.00656665400441,0.3997080812806561,3.990023639261449,23.85990866560429,13.610435215625447,478.31323099577065,3.421070929957481,4.025877142709008,monthly,244.63561289403293,0.002366138254579375
Cauca,2007-03-22,2007-04-07,0.5255267118198026,0.344627640025169,342.2867293697577,72.83763633749727,18.298612084764855,16.427726385551964,0.4496442875304112,3.961533772785018,22.865686117860328,15.310627294870294,322.42107107985805,77.7854581858251,18.073688083667292,16.077919485962383,0.4460823293822665,3.9536970600673036,22.550059394292138,14.833893828012132,155.8921599159126,109.45139495056686,18.294363882833608,15.196003562872177,0.4223101662739947,3.9667838865098206,23.238319755144733,14.024352212370486,664.7078004496158,3.421070929957481,4.025877142709008,monthly,269.44909303226046,0.004513948103362642
Cauca,2007-04-07,2007-04-23,0.5261303396480549,0.342715441910261,351.8183365822217,81.9459177387613,18.316969764726643,16.31203567377134,0.44855067596225007,3.9713473534227983,23.525039661523447,14.996210137704892,342.2867293697577,72.83763633749727,18.298612084764855,16.427726385551964,0.4496442875304112,3.961533772785018,22.865686117860328,15.310627294870294,322.42107107985805,77.7854581858251,18.073688083667292,16.077919485962383,0.4460823293822665,3.9536970600673036,22.550059394292138,14.833893828012132,694.1050659519794,3.608225277896656,3.421070929957481,monthly,269.8724188434604,0.002692887795759269
Cauca,2007-04-23,2007-05-09,0.50289644781955,0.3429638490546069,464.847127945528,70.63902829790294,18.136555221306452,16.357273960496958,0.45001995090216396,3.960168594048689,23.00760454265056,15.022979332001883,351.8183365822217,81.9459177387613,18.316969764726643,16.31203567377134,0.44855067596225007,3.9713473534227983,23.525039661523447,14.996210137704892,342.2867293697577,72.83763633749727,18.298612084764855,16.427726385551964,0.4496442875304112,3.961533772785018,22.865686117860328,15.310627294870294,816.6654645277497,3.608225277896656,3.421070929957481,monthly,394.20809964762503,0.003180517512118952
Cauca,2007-05-09,2007-05-25,0.5066352984728476,0.3376553677694764,389.6870301622563,65.61969716024272,18.243849454812143,16.32748011043205,0.44821232931851585,3.950884538241548,23.02753578992457,15.262099859112372,464.847127945528,70.63902829790294,18.136555221306452,16.357273960496958,0.45001995090216396,3.960168594048689,23.00760454265056,15.022979332001883,351.8183365822217,81.9459177387613,18.316969764726643,16.31203567377134,0.44855067596225007,3.9713473534227983,23.525039661523447,14.996210137704892,854.5341581077843,3.603164022429123,3.608225277896656,monthly,324.0673330020136,0.002206633967418492
Cauca,2007-05-25,2007-06-10,0.4818085111370214,0.3231270272979677,389.3031622719195,66.55721799112936,17.53482573915506,15.668954984843005,0.44998890054441343,3.9666149707618157,21.59284957379467,13.81426228656169,389.6870301622563,65.61969716024272,18.243849454812143,16.32748011043205,0.44821232931851585,3.950884538241548,23.02753578992457,15.262099859112372,464.847127945528,70.63902829790294,18.136555221306452,16.357273960496958,0.45001995090216396,3.960168594048689,23.00760454265056,15.022979332001883,778.9901924341758,3.603164022429123,3.608225277896656,monthly,322.7459442807901,0.004288903022195811
Cauca,2007-06-10,2007-06-26,0.5151727220034151,0.3350731832266127,289.69952652270433,76.4726528583311,17.816703985113122,15.50191888004196,0.44501935047198404,3.9798227446678176,22.11104890592675,14.73813912197198,389.3031622719195,66.55721799112936,17.53482573915506,15.668954984843005,0.44998890054441343,3.9666149707618157,21.59284957379467,13.81426228656169,389.6870301622563,65.61969716024272,18.243849454812143,16.32748011043205,0.44821232931851585,3.950884538241548,23.02753578992457,15.262099859112372,679.0026887946239,3.614758655071281,3.603164022429123,monthly,213.22687366437322,0.0025808489402453505
Cauca,2007-06-26,2007-07-12,0.5891717526270619,0.3506905404243841,173.58099258892247,92.02406240879108,18.175527405826937,14.86110924615748,0.42443661164916535,3.974873941209179,23.56594376066565,14.439553056657124,289.69952652270433,76.4726528583311,17.816703985113122,15.50191888004196,0.44501935047198404,3.9798227446678176,22.11104890592675,14.73813912197198,389.3031622719195,66.55721799112936,17.53482573915506,15.668954984843005,0.44998890054441343,3.9666149707618157,21.59284957379467,13.81426228656169,463.2805191116268,3.614758655071281,3.603164022429123,monthly,81.55693018013139,-0.013018959037773947
Cauca,2007-07-12,2007-07-28,0.625647955935812,0.3918511794528139,365.1811833855901,81.10389328467241,17.55162807351308,15.276765332471747,0.436134748402234,3.9605592569871906,21.93026952406076,14.386946208587952,173.58099258892247,92.02406240879108,18.175527405826937,14.86110924615748,0.42443661164916535,3.974873941209179,23.56594376066565,14.439553056657124,289.69952652270433,76.4726528583311,17.816703985113122,15.50191888004196,0.44501935047198404,3.9798227446678176,22.11104890592675,14.73813912197198,538.7621759745125,3.8166570126142,3.614758655071281,monthly,284.0772901009177,0.0018681946285857287
Cauca,2007-07-28,2007-08-13,0.6452601598703906,0.3820416418034378,227.76671799155076,95.65260417547682,17.740544353994025,14.654605534859243,0.4304035269419222,3.928723427683921,22.85994710573501,13.777780451605304,365.1811833855901,81.10389328467241,17.55162807351308,15.276765332471747,0.436134748402234,3.9605592569871906,21.93026952406076,14.386946208587952,173.58099258892247,92.02406240879108,18.175527405826937,14.86110924615748,0.42443661164916535,3.974873941209179,23.56594376066565,14.439553056657124,592.9479013771409,3.8166570126142,3.614758655071281,monthly,132.11411381607394,0.003169803960244577
Cauca,2007-08-13,2007-08-29,0.5094564370845202,0.3287966620791054,324.4705771456347,91.20390952890428,17.542642315361995,14.923000029671204,0.43994298667106135,3.9069408336301445,22.146547327494066,14.107010336677533,227.76671799155076,95.65260417547682,17.740544353994025,14.654605534859243,0.4304035269419222,3.928723427683921,22.85994710573501,13.777780451605304,365.1811833855901,81.10389328467241,17.55162807351308,15.276765332471747,0.436134748402234,3.9605592569871906,21.93026952406076,14.386946208587952,552.2372951371855,3.175044146740075,3.8166570126142,monthly,233.26666761673044,0.014481727312097292
Cauca,2007-08-29,2007-09-14,0.5047812520250141,0.311154083330418,247.48110397367392,100.21752019540212,17.765606404414477,14.667754232926612,0.4293221089445515,3.904345525960367,22.471641173243565,13.926630260285917,324.4705771456347,91.20390952890428,17.542642315361995,14.923000029671204,0.43994298667106135,3.9069408336301445,22.146547327494066,14.107010336677533,227.76671799155076,95.65260417547682,17.740544353994025,14.654605534859243,0.4304035269419222,3.928723427683921,22.85994710573501,13.777780451605304,571.9516811193087,3.175044146740075,3.8166570126142,monthly,147.26358377827182,0.004581494639042394
Cauca,2007-09-14,2007-09-30,0.5133180090579518,0.3178980633033479,237.09698830989566,96.81129341863206,17.993069747803577,15.117012772472332,0.4283936634965793,3.905997852224383,23.3320343319664,14.172454428837227,247.48110397367392,100.21752019540212,17.765606404414477,14.667754232926612,0.4293221089445515,3.904345525960367,22.471641173243565,13.926630260285917,324.4705771456347,91.20390952890428,17.542642315361995,14.923000029671204,0.43994298667106135,3.9069408336301445,22.146547327494066,14.107010336677533,484.5780922835696,3.3461739236866324,3.175044146740075,monthly,140.2856948912636,-0.00038596748237235134
Cauca,2007-09-30,2007-10-16,0.5214954162637832,0.3241896275313699,397.43026215246994,85.41719191870692,17.771711387606157,15.477098987684947,0.43722378381169424,3.913252467418305,23.9784012650007,13.82883250555484,237.09698830989566,96.81129341863206,17.993069747803577,15.117012772472332,0.4283936634965793,3.905997852224383,23.3320343319664,14.172454428837227,247.48110397367392,100.21752019540212,17.765606404414477,14.667754232926612,0.4293221089445515,3.904345525960367,22.471641173243565,13.926630260285917,634.5272504623656,3.3461739236866324,3.175044146740075,monthly,312.013070233763,-0.0010018927450065607
Cauca,2007-10-16,2007-11-01,0.4549042081728195,0.3100217777801154,323.3920414207615,64.23133024514843,17.33383545431068,15.707045546349704,0.4500158273223359,3.925094907039089,21.222750341275823,14.891405296379506,397.43026215246994,85.41719191870692,17.771711387606157,15.477098987684947,0.43722378381169424,3.913252467418305,23.9784012650007,13.82883250555484,237.09698830989566,96.81129341863206,17.993069747803577,15.117012772472332,0.4283936634965793,3.905997852224383,23.3320343319664,14.172454428837227,720.8223035732315,3.4315313237645024,3.3461739236866324,monthly,259.1607111756131,0.005912038218879145
Cauca,2007-11-01,2007-11-17,0.4661547208370158,0.296825848767095,341.0249705062335,68.33431893844678,17.495921248924496,15.892771626964139,0.45044102459810986,3.9408495048496714,22.0629637456147,14.825343756118828,323.3920414207615,64.23133024514843,17.33383545431068,15.707045546349704,0.4500158273223359,3.925094907039089,21.222750341275823,14.891405296379506,397.43026215246994,85.41719191870692,17.771711387606157,15.477098987684947,0.43722378381169424,3.913252467418305,23.9784012650007,13.82883250555484,664.417011926995,3.8459972095877633,3.4315313237645024,monthly,272.69065156778674,0.0037677955110476113
Cauca,2007-11-17,2007-12-03,0.5837241573361501,0.3453629537766966,295.4342267364324,70.05599347804802,17.755187037864424,15.951300846256906,0.4470860506153789,3.9354767993760094,22.567086049092616,14.89379091148274,341.0249705062335,68.33431893844678,17.495921248924496,15.892771626964139,0.45044102459810986,3.9408495048496714,22.0629637456147,14.825343756118828,323.3920414207615,64.23133024514843,17.33383545431068,15.707045546349704,0.4500158273223359,3.925094907039089,21.222750341275823,14.891405296379506,636.4591972426658,3.8459972095877633,3.4315313237645024,monthly,225.37823325838434,6.022727082310997e-05
Cauca,2007-12-03,2007-12-19,0.4927792426509531,0.2940359373421738,268.32712455990577,68.28442177370431,17.007082096919937,15.215551930680881,0.44837061045463844,3.917288124198164,21.298334301924022,13.190192528653908,295.4342267364324,70.05599347804802,17.755187037864424,15.951300846256906,0.4470860506153789,3.9354767993760094,22.567086049092616,14.89379091148274,341.0249705062335,68.33431893844678,17.495921248924496,15.892771626964139,0.45044102459810986,3.9408495048496714,22.0629637456147,14.825343756118828,563.7613512963381,3.331722292858024,3.8459972095877633,monthly,200.04270278620146,0.003618761647708968
Cauca,2007-12-19,2008-01-01,0.4297856028684521,0.2804911569444467,222.30205276589157,56.88393396973575,17.49080393444359,15.78026247783189,0.44976392317204056,3.954311722318013,21.614439944154604,15.038243847137725,268.32712455990577,68.28442177370431,17.007082096919937,15.215551930680881,0.44837061045463844,3.917288124198164,21.298334301924022,13.190192528653908,295.4342267364324,70.05599347804802,17.755187037864424,15.951300846256906,0.4470860506153789,3.9354767993760094,22.567086049092616,14.89379091148274,490.62917732579734,3.331722292858024,3.8459972095877633,monthly,165.41811879615582,0.006491972085060027
Cauca,2008-01-01,2008-01-17,0.5753484298597576,0.3723113593310737,244.40430116938936,74.55282653769173,17.473114184095675,15.570650040617437,0.44481592870024633,4.019294821879716,21.817442615469016,14.219295169056124,222.30205276589157,56.88393396973575,17.49080393444359,15.78026247783189,0.44976392317204056,3.954311722318013,21.614439944154604,15.038243847137725,268.32712455990577,68.28442177370431,17.007082096919937,15.215551930680881,0.44837061045463844,3.917288124198164,21.298334301924022,13.190192528653908,466.70635393528096,3.3419151779005407,3.331722292858024,monthly,169.8514746316976,0.00748863962644597
Cauca,2008-01-17,2008-02-02,0.5221949368588409,0.3335776402226715,227.6426151654751,77.31918285676257,17.5518077971975,15.581281147397121,0.44659677059377123,4.027123229487458,22.261701831753825,14.026651541938788,244.40430116938936,74.55282653769173,17.473114184095675,15.570650040617437,0.44481592870024633,4.019294821879716,21.817442615469016,14.219295169056124,222.30205276589157,56.88393396973575,17.49080393444359,15.78026247783189,0.44976392317204056,3.954311722318013,21.614439944154604,15.038243847137725,472.0469163348645,3.3419151779005407,3.331722292858024,monthly,150.32343230871254,0.010015593791353972
Cauca,2008-02-02,2008-02-18,0.5440545099717378,0.3701644937926165,197.8457477307653,86.11423903185263,17.58708936831156,15.361586767327069,0.4418422456031549,3.9900292368451513,21.803704705721376,13.907509648673663,227.6426151654751,77.31918285676257,17.5518077971975,15.581281147397121,0.44659677059377123,4.027123229487458,22.261701831753825,14.026651541938788,244.40430116938936,74.55282653769173,17.473114184095675,15.570650040617437,0.44481592870024633,4.019294821879716,21.817442615469016,14.219295169056124,425.4883628962404,3.192552839252853,3.3419151779005407,monthly,111.73150869891268,0.005030312304213191
Cauca,2008-02-18,2008-03-05,0.5096853435856955,0.3375107544923277,285.9005425575563,75.4799585141964,17.41975869762325,15.627245576321785,0.4501467456459942,3.9671307103022357,22.11744830841972,14.05795436559144,197.8457477307653,86.11423903185263,17.58708936831156,15.361586767327069,0.4418422456031549,3.9900292368451513,21.803704705721376,13.907509648673663,227.6426151654751,77.31918285676257,17.5518077971975,15.581281147397121,0.44659677059377123,4.027123229487458,22.261701831753825,14.026651541938788,483.74629028832163,3.192552839252853,3.3419151779005407,monthly,210.42058404335992,0.008121324584556167
Cauca,2008-03-05,2008-03-21,0.603875017769892,0.3782604165884715,255.79699973721986,87.41716208261846,17.319987284114365,15.041762085889992,0.44786034301870936,3.9538856527964246,22.305936437374463,13.779334260254217,285.9005425575563,75.4799585141964,17.41975869762325,15.627245576321785,0.4501467456459942,3.9671307103022357,22.11744830841972,14.05795436559144,197.8457477307653,86.11423903185263,17.58708936831156,15.361586767327069,0.4418422456031549,3.9900292368451513,21.803704705721376,13.907509648673663,541.6975422947762,3.3482516408361,3.192552839252853,monthly,168.3798376546014,0.004144151891022241
Cauca,2008-03-21,2008-04-06,0.5680568289638768,0.3670432317867996,245.66497180988793,89.85834968368545,17.904157843772442,15.50051620593924,0.4413927837374116,3.960731135590456,22.61127241343796,14.013191995041815,255.79699973721986,87.41716208261846,17.319987284114365,15.041762085889992,0.44786034301870936,3.9538856527964246,22.305936437374463,13.779334260254217,285.9005425575563,75.4799585141964,17.41975869762325,15.627245576321785,0.4501467456459942,3.9671307103022357,22.11744830841972,14.05795436559144,501.4619715471078,3.3482516408361,3.192552839252853,monthly,155.80662212620248,-0.003737555689636962
Cauca,2008-04-06,2008-04-22,0.5653121104985427,0.3661210205605345,339.5947132761667,74.2458678297893,17.87940055752372,15.9305030802851,0.44806983267737355,3.971305345026644,22.984463870661543,14.91725320052486,245.66497180988793,89.85834968368545,17.904157843772442,15.50051620593924,0.4413927837374116,3.960731135590456,22.61127241343796,14.013191995041815,255.79699973721986,87.41716208261846,17.319987284114365,15.041762085889992,0.44786034301870936,3.9538856527964246,22.305936437374463,13.779334260254217,585.2596850860547,3.6651926380209288,3.3482516408361,monthly,265.3488454463774,0.002212044510882749
Cauca,2008-04-22,2008-05-08,0.5750641731428203,0.3594658695969447,357.82925769392557,68.83160988828345,17.974535139079954,16.194774090514123,0.4501571775434544,3.961116572732836,22.38793087218282,15.306982422818976,339.5947132761667,74.2458678297893,17.87940055752372,15.9305030802851,0.44806983267737355,3.971305345026644,22.984463870661543,14.91725320052486,245.66497180988793,89.85834968368545,17.904157843772442,15.50051620593924,0.4413927837374116,3.960731135590456,22.61127241343796,14.013191995041815,697.4239709700923,3.6651926380209288,3.3482516408361,monthly,288.99764780564215,0.0033177441534094076
Cauca,2008-05-08,2008-05-24,0.6191321839671545,0.3587828215918965,358.67594102164173,70.90268013637747,17.887905571022618,15.896482235438723,0.44727226231558287,3.95065241617293,22.259499117514107,14.56235687213579,357.82925769392557,68.83160988828345,17.974535139079954,16.194774090514123,0.4501571775434544,3.961116572732836,22.38793087218282,15.306982422818976,339.5947132761667,74.2458678297893,17.87940055752372,15.9305030802851,0.44806983267737355,3.971305345026644,22.984463870661543,14.91725320052486,716.5051987155673,3.5420702480119104,3.6651926380209288,monthly,287.7732608852643,0.001266566964485516
Cauca,2008-05-24,2008-06-09,0.5042229839217843,0.328791615423044,310.69036974903076,67.3356355514223,17.438132068772916,15.442758117854423,0.44779247130411076,3.965457085132247,22.08446976095265,13.929396209218057,358.67594102164173,70.90268013637747,17.887905571022618,15.896482235438723,0.44727226231558287,3.95065241617293,22.259499117514107,14.56235687213579,357.82925769392557,68.83160988828345,17.974535139079954,16.194774090514123,0.4501571775434544,3.961116572732836,22.38793087218282,15.306982422818976,669.3663107706725,3.5420702480119104,3.6651926380209288,monthly,243.35473419760848,0.002092473781893145
Cauca,2008-06-09,2008-06-25,0.6251257769597439,0.3942915771551394,374.7580755479188,68.886699064763,17.734363226947266,15.774174487489542,0.44674936298055096,3.9796353668121807,22.03196140311013,14.755959136734232,310.69036974903076,67.3356355514223,17.438132068772916,15.442758117854423,0.44779247130411076,3.965457085132247,22.08446976095265,13.929396209218057,358.67594102164173,70.90268013637747,17.887905571022618,15.896482235438723,0.44727226231558287,3.95065241617293,22.259499117514107,14.56235687213579,685.4484452969496,3.5081762187242216,3.5420702480119104,monthly,305.8713764831558,0.004310861448812264
Cauca,2008-06-25,2008-07-11,0.6101320646927653,0.382742871275266,313.818153987174,63.51926616018973,17.44033204533011,15.343637338005815,0.44766902826798793,3.9752765559901717,22.064661997757863,14.260463117622242,374.7580755479188,68.886699064763,17.734363226947266,15.774174487489542,0.44674936298055096,3.9796353668121807,22.03196140311013,14.755959136734232,310.69036974903076,67.3356355514223,17.438132068772916,15.442758117854423,0.44779247130411076,3.965457085132247,22.08446976095265,13.929396209218057,688.5762295350928,3.5081762187242216,3.5420702480119104,monthly,250.2988878269843,0.010213457581048635
Cauca,2008-07-11,2008-07-27,0.5814303136807538,0.3858097122780818,315.14362165316084,79.70307551869182,17.368954550930468,14.873833154690923,0.4428740257457089,3.962177083011067,22.19652226768349,13.182356561644788,313.818153987174,63.51926616018973,17.44033204533011,15.343637338005815,0.44766902826798793,3.9752765559901717,22.064661997757863,14.260463117622242,374.7580755479188,68.886699064763,17.734363226947266,15.774174487489542,0.44674936298055096,3.9796353668121807,22.03196140311013,14.755959136734232,628.9617756403348,3.526896958042565,3.5081762187242216,monthly,235.440546134469,0.008607471972060632
Cauca,2008-07-27,2008-08-12,0.5907199031826779,0.353574707905979,312.28521487524506,83.08234222342215,17.538015003612447,15.030196879939501,0.43914735044136777,3.930752155954042,22.122350316050746,13.057574575803114,315.14362165316084,79.70307551869182,17.368954550930468,14.873833154690923,0.4428740257457089,3.962177083011067,22.19652226768349,13.182356561644788,313.818153987174,63.51926616018973,17.44033204533011,15.343637338005815,0.44766902826798793,3.9752765559901717,22.064661997757863,14.260463117622242,627.4288365284059,3.526896958042565,3.5081762187242216,monthly,229.20287265182293,0.011913627459690157
Cauca,2008-08-12,2008-08-28,0.6141752623580709,0.3876441146820119,334.4616801905796,91.55321438105736,17.543876756435857,14.926588750497512,0.4388716765364458,3.9074397029357404,22.25333726620849,14.158256451607963,312.28521487524506,83.08234222342215,17.538015003612447,15.030196879939501,0.43914735044136777,3.930752155954042,22.122350316050746,13.057574575803114,315.14362165316084,79.70307551869182,17.368954550930468,14.873833154690923,0.4428740257457089,3.962177083011067,22.19652226768349,13.182356561644788,646.7468950658247,3.4128739999955497,3.526896958042565,monthly,242.90846580952226,0.01341041717748176
Cauca,2008-08-28,2008-09-13,0.6583109545583585,0.40635264105269,258.7706373424938,92.33934215613797,17.827147325967665,15.051175882534393,0.4348580442589669,3.9044845074065018,23.130916820391395,13.85664713243134,334.4616801905796,91.55321438105736,17.543876756435857,14.926588750497512,0.4388716765364458,3.9074397029357404,22.25333726620849,14.158256451607963,312.28521487524506,83.08234222342215,17.538015003612447,15.030196879939501,0.43914735044136777,3.930752155954042,22.122350316050746,13.057574575803114,593.2323175330735,3.4128739999955497,3.526896958042565,monthly,166.4312951863558,0.010117429953457824
Cauca,2008-09-13,2008-09-29,0.5660104720492508,0.3994063284146069,358.24598911495605,92.39059844444367,17.980219993036965,15.331116000824757,0.43473713586761564,3.9056181417496507,23.39708858220798,14.296671708757891,258.7706373424938,92.33934215613797,17.827147325967665,15.051175882534393,0.4348580442589669,3.9044845074065018,23.130916820391395,13.85664713243134,334.4616801905796,91.55321438105736,17.543876756435857,14.926588750497512,0.4388716765364458,3.9074397029357404,22.25333726620849,14.158256451607963,617.0166264574498,3.5276336452862043,3.4128739999955497,monthly,265.8553906705124,0.005957504888663978
Cauca,2008-09-29,2008-10-15,0.4980821857666003,0.3408482021923376,359.88438066080903,81.58563574990214,17.607537022502726,15.453140245861889,0.44242904529288307,3.9127967267113832,22.066393516207818,14.029765757909212,358.24598911495605,92.39059844444367,17.980219993036965,15.331116000824757,0.43473713586761564,3.9056181417496507,23.39708858220798,14.296671708757891,258.7706373424938,92.33934215613797,17.827147325967665,15.051175882534393,0.4348580442589669,3.9044845074065018,23.130916820391395,13.85664713243134,718.1303697757651,3.5276336452862043,3.4128739999955497,monthly,278.29874491090686,0.004203368736182267
Cauca,2008-10-15,2008-10-31,0.5219431270230521,0.3489231865911226,403.45723499868615,80.22773498766337,17.853003420950756,15.81463949002547,0.4450862116350821,3.9241031378291034,22.02850020581036,14.174385128118928,359.88438066080903,81.58563574990214,17.607537022502726,15.453140245861889,0.44242904529288307,3.9127967267113832,22.066393516207818,14.029765757909212,358.24598911495605,92.39059844444367,17.980219993036965,15.331116000824757,0.43473713586761564,3.9056181417496507,23.39708858220798,14.296671708757891,763.3416156594951,3.759125406614229,3.5276336452862043,monthly,323.22950001102276,0.0009824225316253377
Cauca,2008-10-31,2008-11-16,0.520443976406681,0.3326628797330425,326.64811953637883,76.76253163494124,17.630310078740806,15.7459849622786,0.44751823557919085,3.9399913440992833,22.32998645524873,14.023189919831744,403.45723499868615,80.22773498766337,17.853003420950756,15.81463949002547,0.4450862116350821,3.9241031378291034,22.02850020581036,14.174385128118928,359.88438066080903,81.58563574990214,17.607537022502726,15.453140245861889,0.44242904529288307,3.9127967267113832,22.066393516207818,14.029765757909212,730.105354535065,3.759125406614229,3.5276336452862043,monthly,249.8855879014376,0.0008450064921285971
Cauca,2008-11-16,2008-12-02,0.426234187390168,0.2725920907678905,264.4410984846895,65.90567443726201,17.791195312699298,16.22453870825874,0.4506786262639152,3.936746673059302,21.919352939640607,15.223363232036355,326.64811953637883,76.76253163494124,17.630310078740806,15.7459849622786,0.44751823557919085,3.9399913440992833,22.32998645524873,14.023189919831744,403.45723499868615,80.22773498766337,17.853003420950756,15.81463949002547,0.4450862116350821,3.9241031378291034,22.02850020581036,14.174385128118928,591.0892180210683,3.561782831685155,3.759125406614229,monthly,198.5354240474275,0.003652802919359377
Cauca,2008-12-02,2008-12-18,0.6191681432292588,0.3834251661035593,351.42733473335915,71.21004003499274,17.607877912373105,15.854056888345077,0.4486037376235774,3.9174885857707493,22.083083100616733,14.548848068735747,264.4410984846895,65.90567443726201,17.791195312699298,16.22453870825874,0.4506786262639152,3.936746673059302,21.919352939640607,15.223363232036355,326.64811953637883,76.76253163494124,17.630310078740806,15.7459849622786,0.44751823557919085,3.9399913440992833,22.32998645524873,14.023189919831744,615.8684332180487,3.326981915889638,3.561782831685155,monthly,280.2172946983664,0.0038518888166479415
Cauca,2008-12-18,2009-01-01,0.4280023884147245,0.2813995758474807,196.27287477046667,57.231482357809206,17.301387530882007,15.61707518427377,0.45101621949922555,3.952056897762947,21.24387287141281,14.749217666720954,351.42733473335915,71.21004003499274,17.607877912373105,15.854056888345077,0.4486037376235774,3.9174885857707493,22.083083100616733,14.548848068735747,264.4410984846895,65.90567443726201,17.791195312699298,16.22453870825874,0.4506786262639152,3.936746673059302,21.919352939640607,15.223363232036355,547.7002095038258,3.326981915889638,3.561782831685155,monthly,139.04139241265747,0.0077442684122450145
Cauca,2009-01-01,2009-01-17,0.4707707042814693,0.3033521768459719,274.76093706673356,71.77019187522689,17.7030270365071,15.954398740194161,0.44886266695246274,4.019294821879716,21.71872809468088,15.1210576651484,196.27287477046667,57.231482357809206,17.301387530882007,15.61707518427377,0.45101621949922555,3.952056897762947,21.24387287141281,14.749217666720954,351.42733473335915,71.21004003499274,17.607877912373105,15.854056888345077,0.4486037376235774,3.9174885857707493,22.083083100616733,14.548848068735747,471.03381183720023,2.996225302287617,3.326981915889638,monthly,202.99074519150668,0.011535377878662378
Cauca,2009-01-17,2009-02-02,0.4740716710978942,0.3075693922827112,265.34231347920735,71.29772265785155,17.587408642647386,15.835975521710559,0.4493706927985214,4.027123229487458,21.76833655899264,14.661136638186791,274.76093706673356,71.77019187522689,17.7030270365071,15.954398740194161,0.44886266695246274,4.019294821879716,21.71872809468088,15.1210576651484,196.27287477046667,57.231482357809206,17.301387530882007,15.61707518427377,0.45101621949922555,3.952056897762947,21.24387287141281,14.749217666720954,540.1032505459409,2.996225302287617,3.326981915889638,monthly,194.0445908213558,0.012789515996104117
Cauca,2009-02-02,2009-02-18,0.5250806602186249,0.3301434236756071,322.4589711847321,77.71828276624325,17.880650193290393,16.039493772922754,0.44754498167668444,3.990023639261449,22.535263515020635,14.24305739848928,265.34231347920735,71.29772265785155,17.587408642647386,15.835975521710559,0.4493706927985214,4.027123229487458,21.76833655899264,14.661136638186791,274.76093706673356,71.77019187522689,17.7030270365071,15.954398740194161,0.44886266695246274,4.019294821879716,21.71872809468088,15.1210576651484,587.8012846639394,3.2527234547751247,2.996225302287617,monthly,244.74068841848884,0.010733048377742749
Cauca,2009-02-18,2009-03-06,0.5244997628204732,0.3285713841168404,278.5791114806095,82.39530574124979,17.987740644304253,16.010574823298512,0.4471584162223563,3.9667838865098206,22.642208933803715,14.956799192945311,322.4589711847321,77.71828276624325,17.880650193290393,16.039493772922754,0.44754498167668444,3.990023639261449,22.535263515020635,14.24305739848928,265.34231347920735,71.29772265785155,17.587408642647386,15.835975521710559,0.4493706927985214,4.027123229487458,21.76833655899264,14.661136638186791,601.0380826653416,3.2527234547751247,2.996225302287617,monthly,196.18380573935974,0.005132995160918252
Cauca,2009-03-06,2009-03-22,0.4753177107548084,0.3552236416614011,234.1614427156057,80.53940824436123,18.110840752856248,16.120506034818938,0.4464927020062952,3.9536970600673036,22.710578279666013,14.66380140747248,278.5791114806095,82.39530574124979,17.987740644304253,16.010574823298512,0.4471584162223563,3.9667838865098206,22.642208933803715,14.956799192945311,322.4589711847321,77.71828276624325,17.880650193290393,16.039493772922754,0.44754498167668444,3.990023639261449,22.535263515020635,14.24305739848928,512.7405541962153,3.5099568679006707,3.2527234547751247,monthly,153.62203447124446,0.002776510878608085
Cauca,2009-03-22,2009-04-07,0.6404983135949637,0.4353754969758279,230.83772910097787,81.84394414426288,17.994831273404536,15.977644025453095,0.44464600546836847,3.961533772785018,22.87494840681084,13.697511412071131,234.1614427156057,80.53940824436123,18.110840752856248,16.120506034818938,0.4464927020062952,3.9536970600673036,22.710578279666013,14.66380140747248,278.5791114806095,82.39530574124979,17.987740644304253,16.010574823298512,0.4471584162223563,3.9667838865098206,22.642208933803715,14.956799192945311,464.99917181658356,3.5099568679006707,3.2527234547751247,monthly,148.993784956715,-0.0004843339586800832
Cauca,2009-04-07,2009-04-23,0.4709568908184198,0.331475102350784,271.11253928287726,81.22681640461822,18.370575553452582,16.2427612733049,0.4464210082011343,3.9713473534227983,22.929272534078294,15.67768303710554,230.83772910097787,81.84394414426288,17.994831273404536,15.977644025453095,0.44464600546836847,3.961533772785018,22.87494840681084,13.697511412071131,234.1614427156057,80.53940824436123,18.110840752856248,16.120506034818938,0.4464927020062952,3.9536970600673036,22.710578279666013,14.66380140747248,501.95026838385513,3.536690488478292,3.5099568679006707,monthly,189.88572287825906,0.0005632200346434857
Cauca,2009-04-23,2009-05-09,0.6957066092500047,0.445145084092088,303.91359431148624,75.96175918099331,18.25900107051256,16.201374734142767,0.4463040775320679,3.960168594048689,22.709585368654025,14.330753613222427,271.11253928287726,81.22681640461822,18.370575553452582,16.2427612733049,0.4464210082011343,3.9713473534227983,22.929272534078294,15.67768303710554,230.83772910097787,81.84394414426288,17.994831273404536,15.977644025453095,0.44464600546836847,3.961533772785018,22.87494840681084,13.697511412071131,575.0261335943635,3.536690488478292,3.5099568679006707,monthly,227.95183513049292,-0.0005353558579770934
Cauca,2009-05-09,2009-05-25,0.5798943637858541,0.3846088742954451,280.59482545869696,82.39972380798216,18.398263885296522,16.02145118781084,0.4419459109454713,3.950884538241548,22.630517879184108,14.52018472663987,303.91359431148624,75.96175918099331,18.25900107051256,16.201374734142767,0.4463040775320679,3.960168594048689,22.709585368654025,14.330753613222427,271.11253928287726,81.22681640461822,18.370575553452582,16.2427612733049,0.4464210082011343,3.9713473534227983,22.929272534078294,15.67768303710554,584.5084197701832,3.796084322726847,3.536690488478292,monthly,198.1951016507148,-0.0040597844056260435
Cauca,2009-05-25,2009-06-10,0.6184102826872947,0.3826159733373442,263.93811113020377,77.54694751525065,18.28976192843307,16.009009760872395,0.44230356225633516,3.9666149707618157,22.99778645703365,14.900239181379993,280.59482545869696,82.39972380798216,18.398263885296522,16.02145118781084,0.4419459109454713,3.950884538241548,22.630517879184108,14.52018472663987,303.91359431148624,75.96175918099331,18.25900107051256,16.201374734142767,0.4463040775320679,3.960168594048689,22.709585368654025,14.330753613222427,544.5329365889007,3.796084322726847,3.536690488478292,monthly,186.39116361495311,-0.003396435265882458
Cauca,2009-06-10,2009-06-26,0.5731569384212828,0.3538833309290073,301.46803017094203,69.52615375495341,17.925656614917088,15.81406461723641,0.44659925640077996,3.9798227446678176,22.30328166480896,14.422042760445818,263.93811113020377,77.54694751525065,18.28976192843307,16.009009760872395,0.44230356225633516,3.9666149707618157,22.99778645703365,14.900239181379993,280.59482545869696,82.39972380798216,18.398263885296522,16.02145118781084,0.4419459109454713,3.950884538241548,22.630517879184108,14.52018472663987,565.4061413011458,3.492235751792934,3.796084322726847,monthly,231.94187641598862,0.004160754869041272
Cauca,2009-06-26,2009-07-12,0.4660561422258421,0.3118769121790637,309.3645185044258,74.54389196964486,17.72442952188119,15.267506664618248,0.4424801777484837,3.974873941209179,22.34708553558067,14.049333233296032,301.46803017094203,69.52615375495341,17.925656614917088,15.81406461723641,0.44659925640077996,3.9798227446678176,22.30328166480896,14.422042760445818,263.93811113020377,77.54694751525065,18.28976192843307,16.009009760872395,0.44230356225633516,3.9666149707618157,22.99778645703365,14.900239181379993,610.8325486753679,3.492235751792934,3.796084322726847,monthly,234.82062653478096,0.005024607061544395
Cauca,2009-07-12,2009-07-28,0.5918021339862624,0.3751843422373016,197.6757018892939,91.89936137818027,18.291625814817575,15.310877624749063,0.43175108517402,3.9605592569871906,23.191264298462062,14.19519304764934,309.3645185044258,74.54389196964486,17.72442952188119,15.267506664618248,0.4424801777484837,3.974873941209179,22.34708553558067,14.049333233296032,301.46803017094203,69.52615375495341,17.925656614917088,15.81406461723641,0.44659925640077996,3.9798227446678176,22.30328166480896,14.422042760445818,507.04022039371966,4.0097658132769,3.492235751792934,monthly,105.77634051111362,-0.0025154685996282566
Cauca,2009-07-28,2009-08-13,0.5058958992871396,0.3290528382539214,187.9357629522884,94.08075530809225,18.41987977935571,15.25442050864254,0.42727684324162923,3.928723427683921,23.17049300778276,14.735037097764378,197.6757018892939,91.89936137818027,18.291625814817575,15.310877624749063,0.43175108517402,3.9605592569871906,23.191264298462062,14.19519304764934,309.3645185044258,74.54389196964486,17.72442952188119,15.267506664618248,0.4424801777484837,3.974873941209179,22.34708553558067,14.049333233296032,385.6114648415823,4.0097658132769,3.492235751792934,monthly,93.85500764419615,4.3120259951623385e-05
Cauca,2009-08-13,2009-08-29,0.5630415409412862,0.3576817736277429,354.60551454307864,82.47478838545094,18.071869799192967,15.64349111543795,0.4385625023301848,3.9069408336301445,22.468984799544625,14.604544106703091,187.9357629522884,94.08075530809225,18.41987977935571,15.25442050864254,0.42727684324162923,3.928723427683921,23.17049300778276,14.735037097764378,197.6757018892939,91.89936137818027,18.291625814817575,15.310877624749063,0.43175108517402,3.9605592569871906,23.191264298462062,14.19519304764934,542.541277495367,3.5263768698813123,4.0097658132769,monthly,272.1307261576277,0.013101242971220728
Cauca,2009-08-29,2009-09-14,0.6598979368644622,0.3809690757444242,215.6522197099052,99.91065515330142,18.431206410361607,15.380506637022696,0.4328739268002298,3.904345525960367,23.63981067339948,14.289239602511316,354.60551454307864,82.47478838545094,18.071869799192967,15.64349111543795,0.4385625023301848,3.9069408336301445,22.468984799544625,14.604544106703091,187.9357629522884,94.08075530809225,18.41987977935571,15.25442050864254,0.42727684324162923,3.928723427683921,23.17049300778276,14.735037097764378,570.2577342529838,3.5263768698813123,4.0097658132769,monthly,115.74156455660379,0.008133312494720712
Cauca,2009-09-14,2009-09-30,0.5509232089115267,0.4008914498267881,213.60723152331028,105.69246169144851,18.63789813483394,15.54335161051992,0.42836120437542463,3.905997852224383,23.239936023182903,14.682339094884144,215.6522197099052,99.91065515330142,18.431206410361607,15.380506637022696,0.4328739268002298,3.904345525960367,23.63981067339948,14.289239602511316,354.60551454307864,82.47478838545094,18.071869799192967,15.64349111543795,0.4385625023301848,3.9069408336301445,22.468984799544625,14.604544106703091,429.2594512332155,3.736879440675344,3.5263768698813123,monthly,107.91476983186176,-0.0004184266035270334
Cauca,2009-09-30,2009-10-16,0.6015221625958111,0.3841315716364714,263.9854919384085,88.94402003672414,18.414852079604934,15.747725959146212,0.4337405462604141,3.913252467418305,23.419607970517525,15.167500249540362,213.60723152331028,105.69246169144851,18.63789813483394,15.54335161051992,0.42836120437542463,3.905997852224383,23.239936023182903,14.682339094884144,215.6522197099052,99.91065515330142,18.431206410361607,15.380506637022696,0.4328739268002298,3.904345525960367,23.63981067339948,14.289239602511316,477.5927234617187,3.736879440675344,3.5263768698813123,monthly,175.04147190168433,-0.004485130296286721
Cauca,2009-10-16,2009-11-01,0.5383226891345608,0.368797274773793,328.3975335182584,80.00541643814722,18.195958802252747,16.062512212230526,0.4436993735548833,3.925094907039089,23.41943822144016,14.634927335123455,263.9854919384085,88.94402003672414,18.414852079604934,15.747725959146212,0.4337405462604141,3.913252467418305,23.419607970517525,15.167500249540362,213.60723152331028,105.69246169144851,18.63789813483394,15.54335161051992,0.42836120437542463,3.905997852224383,23.239936023182903,14.682339094884144,592.3830254566669,3.851156121599156,3.736879440675344,monthly,248.39211708011118,-0.00040441554857345574
Cauca,2009-11-01,2009-11-17,0.6391985243859537,0.4120477804552842,358.16759779157303,74.2792594762186,17.946470221947344,15.955910304609636,0.4452428225280579,3.9408495048496714,22.60832081655542,14.61120981429316,328.3975335182584,80.00541643814722,18.195958802252747,16.062512212230526,0.4436993735548833,3.925094907039089,23.41943822144016,14.634927335123455,263.9854919384085,88.94402003672414,18.414852079604934,15.747725959146212,0.4337405462604141,3.913252467418305,23.419607970517525,15.167500249540362,686.5651313098315,3.940031021401185,3.851156121599156,monthly,283.8883383153544,-0.001430406559004338
Cauca,2009-11-17,2009-12-03,0.5638076397805591,0.3619417474962587,296.1357842920936,73.19108823463688,18.563875190230917,16.699550358944812,0.4468230189737495,3.9354767993760094,23.238884319258123,15.40398922872856,358.16759779157303,74.2792594762186,17.946470221947344,15.955910304609636,0.4452428225280579,3.9408495048496714,22.60832081655542,14.61120981429316,328.3975335182584,80.00541643814722,18.195958802252747,16.062512212230526,0.4436993735548833,3.925094907039089,23.41943822144016,14.634927335123455,654.3033820836666,3.940031021401185,3.851156121599156,monthly,222.94469605745672,-0.00020280437080633096
Cauca,2009-12-03,2009-12-19,0.5498861778838802,0.3640578348827219,209.86012874937705,80.00732720729525,18.440525674645965,16.35716347454313,0.44148727751859224,3.917288124198164,22.72453353804063,15.108152006773963,296.1357842920936,73.19108823463688,18.563875190230917,16.699550358944812,0.4468230189737495,3.9354767993760094,23.238884319258123,15.40398922872856,358.16759779157303,74.2792594762186,17.946470221947344,15.955910304609636,0.4452428225280579,3.9408495048496714,22.60832081655542,14.61120981429316,505.99591304147066,3.393554111023936,3.940031021401185,monthly,129.8528015420818,-0.003264571288337237
Cauca,2009-12-19,2010-01-01,0.6589010884014727,0.3747366198009813,265.15542554364436,54.000262005039595,17.98656898263577,16.27320432281621,0.44782795382702634,3.954311722318013,22.612972464752698,14.65761314218571,209.86012874937705,80.00732720729525,18.440525674645965,16.35716347454313,0.44148727751859224,3.917288124198164,22.72453353804063,15.108152006773963,296.1357842920936,73.19108823463688,18.563875190230917,16.699550358944812,0.4468230189737495,3.9354767993760094,23.238884319258123,15.40398922872856,475.0155542930214,3.393554111023936,3.940031021401185,monthly,211.15516353860477,0.004556002740045806
Cauca,2010-01-01,2010-01-17,0.7049098515700155,0.4182247411016004,189.2502169225722,114.70180572258869,18.58803497867018,15.222725949944302,0.4143002203251669,4.019294821879716,23.507787704349845,14.071154933571952,265.15542554364436,54.000262005039595,17.98656898263577,16.27320432281621,0.44782795382702634,3.954311722318013,22.612972464752698,14.65761314218571,209.86012874937705,80.00732720729525,18.440525674645965,16.35716347454313,0.44148727751859224,3.917288124198164,22.72453353804063,15.108152006773963,454.4056424662166,3.857185497317413,3.393554111023936,monthly,74.54841119998352,-0.023027068748633472
Cauca,2010-01-17,2010-02-02,0.5938798035197774,0.3868841385775815,210.44123547881156,94.25695379432531,18.94743898690475,16.30116249115391,0.42092708756105035,4.027123229487458,23.983535412554545,15.516360244031633,189.2502169225722,114.70180572258869,18.58803497867018,15.222725949944302,0.4143002203251669,4.019294821879716,23.507787704349845,14.071154933571952,265.15542554364436,54.000262005039595,17.98656898263577,16.27320432281621,0.44782795382702634,3.954311722318013,22.612972464752698,14.65761314218571,399.6914524013838,3.857185497317413,3.393554111023936,monthly,116.18428168448625,-0.01565408924136691
Cauca,2010-02-02,2010-02-18,0.5863505836098644,0.363604248929517,341.0995307478222,87.64672082303764,19.157473214590638,16.898397115571953,0.4379552447548264,3.990023639261449,24.1559822174767,15.309224655625185,210.44123547881156,94.25695379432531,18.94743898690475,16.30116249115391,0.42092708756105035,4.027123229487458,23.983535412554545,15.516360244031633,189.2502169225722,114.70180572258869,18.58803497867018,15.222725949944302,0.4143002203251669,4.019294821879716,23.507787704349845,14.071154933571952,551.5407662266338,3.4039398675250983,3.857185497317413,monthly,253.45280992478456,0.001143311455884699
Cauca,2010-02-18,2010-03-06,0.5493835634664322,0.3145702920172032,281.9367372713069,91.39189310058731,19.122425205144644,16.72224030481974,0.4409211484275531,3.9667838865098206,24.21948312635736,15.457015036071844,341.0995307478222,87.64672082303764,19.157473214590638,16.898397115571953,0.4379552447548264,3.990023639261449,24.1559822174767,15.309224655625185,210.44123547881156,94.25695379432531,18.94743898690475,16.30116249115391,0.42092708756105035,4.027123229487458,23.983535412554545,15.516360244031633,623.0362680191291,3.4039398675250983,3.857185497317413,monthly,190.5448441707196,-0.0011042726338849618
Cauca,2010-03-06,2010-03-22,0.5261464676757388,0.3656717882461858,332.34913519974344,90.30786860437762,19.203419857219306,16.81537467621628,0.4382309775576103,3.9536970600673036,23.90603261213487,16.128725149908764,281.9367372713069,91.39189310058731,19.122425205144644,16.72224030481974,0.4409211484275531,3.9667838865098206,24.21948312635736,15.457015036071844,341.0995307478222,87.64672082303764,19.157473214590638,16.898397115571953,0.4379552447548264,3.990023639261449,24.1559822174767,15.309224655625185,614.2858724710504,3.643606715015377,3.4039398675250983,monthly,242.0412665953658,-0.005485213570076808
Cauca,2010-03-22,2010-04-07,0.6254726502100513,0.3815142478115216,371.10230137947366,90.65187059174212,19.08487780822299,16.747267103572533,0.44071164864626144,3.961533772785018,24.28258036266301,15.416408580898864,332.34913519974344,90.30786860437762,19.203419857219306,16.81537467621628,0.4382309775576103,3.9536970600673036,23.90603261213487,16.128725149908764,281.9367372713069,91.39189310058731,19.122425205144644,16.72224030481974,0.4409211484275531,3.9667838865098206,24.21948312635736,15.457015036071844,703.4514365792171,3.643606715015377,3.4039398675250983,monthly,280.45043078773153,-0.0044186907807871045
Cauca,2010-04-07,2010-04-23,0.663615891365051,0.4365712572205141,361.58747607777815,70.45787702626856,18.84556640198749,16.979632952224975,0.44978776690279687,3.9713473534227983,24.57341780441739,15.83315265592871,371.10230137947366,90.65187059174212,19.08487780822299,16.747267103572533,0.44071164864626144,3.961533772785018,24.28258036266301,15.416408580898864,332.34913519974344,90.30786860437762,19.203419857219306,16.81537467621628,0.4382309775576103,3.9536970600673036,23.90603261213487,16.128725149908764,732.6897774572518,3.4844476667981183,3.643606715015377,monthly,291.12959905150956,0.003929978736306072
Cauca,2010-04-23,2010-05-09,0.6130618165533296,0.3685326798710857,409.64956797852915,69.12551570766436,18.740722501875396,16.910676133547344,0.44942454368916696,3.960168594048689,23.610378753611688,15.90508118878373,361.58747607777815,70.45787702626856,18.84556640198749,16.979632952224975,0.44978776690279687,3.9713473534227983,24.57341780441739,15.83315265592871,371.10230137947366,90.65187059174212,19.08487780822299,16.747267103572533,0.44071164864626144,3.961533772785018,24.28258036266301,15.416408580898864,771.2370440563072,3.4844476667981183,3.643606715015377,monthly,340.5240522708648,0.002585110299121951
Cauca,2010-05-09,2010-05-25,0.5902955190836892,0.3966244134348106,263.46395777538794,76.48801704054726,19.11128544905676,16.922078578780287,0.4425287102221109,3.950884538241548,23.23313522729819,16.011626413896412,409.64956797852915,69.12551570766436,18.740722501875396,16.910676133547344,0.44942454368916696,3.960168594048689,23.610378753611688,15.90508118878373,361.58747607777815,70.45787702626856,18.84556640198749,16.979632952224975,0.44978776690279687,3.9713473534227983,24.57341780441739,15.83315265592871,673.1135257539171,3.5882570526070925,3.4844476667981183,monthly,186.97594073484066,-0.003476985128986476
Cauca,2010-05-25,2010-06-10,0.5466171336076294,0.3443269066711965,245.86987772742975,70.3697819077112,18.44009960238313,16.39340993876865,0.44586850048387183,3.9666149707618157,22.590184842269647,15.26514840993798,263.46395777538794,76.48801704054726,19.11128544905676,16.922078578780287,0.4425287102221109,3.950884538241548,23.23313522729819,16.011626413896412,409.64956797852915,69.12551570766436,18.740722501875396,16.910676133547344,0.44942454368916696,3.960168594048689,23.610378753611688,15.90508118878373,509.3338355028177,3.5882570526070925,3.4844476667981183,monthly,175.50009581971855,0.00016850296165421552
Cauca,2010-06-10,2010-06-26,0.518975396637565,0.328818751817465,294.7465052414291,73.41066447517753,18.02432228958993,15.872365896039334,0.4467272232402264,3.9798227446678176,22.30402737350544,14.756737295574007,245.86987772742975,70.3697819077112,18.44009960238313,16.39340993876865,0.44586850048387183,3.9666149707618157,22.590184842269647,15.26514840993798,263.46395777538794,76.48801704054726,19.11128544905676,16.922078578780287,0.4425287102221109,3.950884538241548,23.23313522729819,16.011626413896412,540.6163829688588,3.51627441665443,3.5882570526070925,monthly,221.33584076625155,0.004288721708487708
Cauca,2010-06-26,2010-07-12,0.5823484875849043,0.3621654210570112,361.5369216891907,66.16039863179054,17.90035048321787,15.967176539218936,0.44777638395546626,3.974873941209179,21.571879033329385,14.793248094175912,294.7465052414291,73.41066447517753,18.02432228958993,15.872365896039334,0.4467272232402264,3.9798227446678176,22.30402737350544,14.756737295574007,245.86987772742975,70.3697819077112,18.44009960238313,16.39340993876865,0.44586850048387183,3.9666149707618157,22.590184842269647,15.26514840993798,656.2834269306197,3.51627441665443,3.5882570526070925,monthly,295.37652305740016,0.010320813268526963
Cauca,2010-07-12,2010-07-28,0.6466891061647743,0.3815219043198006,335.0603703794878,74.32893171505447,17.66288732676989,15.412925942297127,0.4430730374668883,3.9605592569871906,22.36806141650925,14.1192717849152,361.5369216891907,66.16039863179054,17.90035048321787,15.967176539218936,0.44777638395546626,3.974873941209179,21.571879033329385,14.793248094175912,294.7465052414291,73.41066447517753,18.02432228958993,15.872365896039334,0.4467272232402264,3.9798227446678176,22.30402737350544,14.756737295574007,696.5972920686785,3.515655415529516,3.51627441665443,monthly,260.7314386644333,0.008806483693240053
Cauca,2010-07-28,2010-08-13,0.6232317663475556,0.3871024893630958,241.0453703525314,87.20742352875506,17.864101083501467,15.100706941059475,0.4395302475572682,3.928723427683921,22.591890772342094,14.56755556925368,335.0603703794878,74.32893171505447,17.66288732676989,15.412925942297127,0.4430730374668883,3.9605592569871906,22.36806141650925,14.1192717849152,361.5369216891907,66.16039863179054,17.90035048321787,15.967176539218936,0.44777638395546626,3.974873941209179,21.571879033329385,14.793248094175912,576.1057407320192,3.515655415529516,3.51627441665443,monthly,153.83794682377635,0.012296524575590606
Cauca,2010-08-13,2010-08-29,0.5961180195471847,0.3726534001011941,303.26527266797973,92.72177310920588,17.81676089873534,14.936984995712738,0.43079144937023833,3.9069408336301445,22.407999510740307,13.869959657849176,241.0453703525314,87.20742352875506,17.864101083501467,15.100706941059475,0.4395302475572682,3.928723427683921,22.591890772342094,14.56755556925368,335.0603703794878,74.32893171505447,17.66288732676989,15.412925942297127,0.4430730374668883,3.9605592569871906,22.36806141650925,14.1192717849152,544.3106430205112,3.4826680803498182,3.515655415529516,monthly,210.54349955877385,0.005330190011274272
Cauca,2010-08-29,2010-09-14,0.6030138614675666,0.3629791800936562,274.98095239909645,89.45437713086898,17.857496487601136,15.26615826671471,0.43407254404363216,3.904345525960367,22.69234887877389,14.099485591462386,303.26527266797973,92.72177310920588,17.81676089873534,14.936984995712738,0.43079144937023833,3.9069408336301445,22.407999510740307,13.869959657849176,241.0453703525314,87.20742352875506,17.864101083501467,15.100706941059475,0.4395302475572682,3.928723427683921,22.591890772342094,14.56755556925368,578.2462250670762,3.4826680803498182,3.515655415529516,monthly,185.52657526822748,0.00933192973812308
Cauca,2010-09-14,2010-09-30,0.6015279246555648,0.3841560032519078,308.0873664442117,97.92641282513287,17.960899814594924,15.33055473477038,0.43129584097019014,3.905997852224383,22.534565238003047,14.596860329456067,274.98095239909645,89.45437713086898,17.857496487601136,15.26615826671471,0.43407254404363216,3.904345525960367,22.69234887877389,14.099485591462386,303.26527266797973,92.72177310920588,17.81676089873534,14.936984995712738,0.43079144937023833,3.9069408336301445,22.407999510740307,13.869959657849176,583.0683188433081,3.4362808308869783,3.4826680803498182,monthly,210.1609536190788,0.0025162099912384717
Cauca,2010-09-30,2010-10-16,0.5987145250153051,0.3972721112660903,256.72005884423936,93.29340759871545,18.188335050156656,15.689729173747969,0.43950310033095547,3.913252467418305,22.89737237951313,13.899888842842012,308.0873664442117,97.92641282513287,17.960899814594924,15.33055473477038,0.43129584097019014,3.905997852224383,22.534565238003047,14.596860329456067,274.98095239909645,89.45437713086898,17.857496487601136,15.26615826671471,0.43407254404363216,3.904345525960367,22.69234887877389,14.099485591462386,564.807425288451,3.4362808308869783,3.4826680803498182,monthly,163.4266512455239,0.0012774237742546601
Cauca,2010-10-16,2010-11-01,0.3730314547012828,0.2693245931954143,410.84470168652956,67.78693868781062,17.511719232075777,15.84297502655524,0.44772388428727916,3.925094907039089,21.740623008946947,15.1682509877905,256.72005884423936,93.29340759871545,18.188335050156656,15.689729173747969,0.43950310033095547,3.913252467418305,22.89737237951313,13.899888842842012,308.0873664442117,97.92641282513287,17.960899814594924,15.33055473477038,0.43129584097019014,3.905997852224383,22.534565238003047,14.596860329456067,667.5647605307689,3.7430573643899008,3.4362808308869783,monthly,343.05776299871894,0.0036200951838223916
Cauca,2010-11-01,2010-11-17,0.3464803563732476,0.2442580216177953,423.84381075308454,55.83995173187492,17.337300151514924,15.972877815981125,0.4513688117028012,3.9408495048496714,21.845249624340745,14.946324585785066,410.84470168652956,67.78693868781062,17.511719232075777,15.84297502655524,0.44772388428727916,3.925094907039089,21.740623008946947,15.1682509877905,256.72005884423936,93.29340759871545,18.188335050156656,15.689729173747969,0.43950310033095547,3.913252467418305,22.89737237951313,13.899888842842012,834.6885124396141,3.221403923758705,3.7430573643899008,monthly,368.0038590212096,0.004695582615738936
Cauca,2010-11-17,2010-12-03,0.3954887974900313,0.2681727745754005,358.2258477438508,63.54098293711392,17.28021454030095,15.848257482088055,0.45113962260843243,3.9354767993760094,21.474370012902497,14.504354105155622,423.84381075308454,55.83995173187492,17.337300151514924,15.972877815981125,0.4513688117028012,3.9408495048496714,21.845249624340745,14.946324585785066,410.84470168652956,67.78693868781062,17.511719232075777,15.84297502655524,0.44772388428727916,3.925094907039089,21.740623008946947,15.1682509877905,782.0696584969353,3.221403923758705,3.7430573643899008,monthly,294.68486480673687,0.004113799263876616
Cauca,2010-12-03,2010-12-19,0.4291571035948868,0.2848614682893422,409.5097883451933,61.77246511706396,17.208227025068844,15.624601312454953,0.45041625358122905,3.917288124198164,21.411023874026217,14.868323827950276,358.2258477438508,63.54098293711392,17.28021454030095,15.848257482088055,0.45113962260843243,3.9354767993760094,21.474370012902497,14.504354105155622,423.84381075308454,55.83995173187492,17.337300151514924,15.972877815981125,0.4513688117028012,3.9408495048496714,21.845249624340745,14.946324585785066,767.7356360890441,3.05466984553089,3.221403923758705,monthly,347.7373232281293,0.005664404774299581
Cauca,2010-12-19,2011-01-01,0.5240513430037088,0.3329247828288048,239.87084356240376,60.94183319953591,17.236227523790753,15.407871633361896,0.4500809457101856,3.954311722318013,21.464634604216347,13.757428399300494,409.5097883451933,61.77246511706396,17.208227025068844,15.624601312454953,0.45041625358122905,3.917288124198164,21.411023874026217,14.868323827950276,358.2258477438508,63.54098293711392,17.28021454030095,15.848257482088055,0.45113962260843243,3.9354767993760094,21.474370012902497,14.504354105155622,649.380631907597,3.05466984553089,3.221403923758705,monthly,178.92901036286787,0.006808994623205056
Cauca,2011-01-01,2011-01-17,0.5967669377682306,0.3729982023612747,265.584066737691,81.02747473229991,17.579229782858466,15.521447682794035,0.4443750768808129,4.019294821879716,22.1800493721164,14.583674841106774,239.87084356240376,60.94183319953591,17.236227523790753,15.407871633361896,0.4500809457101856,3.954311722318013,21.464634604216347,13.757428399300494,409.5097883451933,61.77246511706396,17.208227025068844,15.624601312454953,0.45041625358122905,3.917288124198164,21.411023874026217,14.868323827950276,505.45491030009475,3.5436228688112945,3.05466984553089,monthly,184.55659200539108,0.00704778780701254
Cauca,2011-01-17,2011-02-02,0.5868814363427388,0.378061541434955,294.47752690821943,83.22033116246314,17.54791624825817,15.434455446390661,0.4422938684887255,4.027123229487458,21.63020547839609,14.441556414190783,265.584066737691,81.02747473229991,17.579229782858466,15.521447682794035,0.4443750768808129,4.019294821879716,22.1800493721164,14.583674841106774,239.87084356240376,60.94183319953591,17.236227523790753,15.407871633361896,0.4500809457101856,3.954311722318013,21.464634604216347,13.757428399300494,560.0615936459104,3.5436228688112945,3.05466984553089,monthly,211.2571957457563,0.0057126916863082244
Cauca,2011-02-02,2011-02-18,0.4605371455090653,0.307598570701462,264.44578090884664,69.4435498072867,17.66678413194378,15.823519865294625,0.44761705826584064,3.990023639261449,22.48956881589796,14.45769909846424,294.47752690821943,83.22033116246314,17.54791624825817,15.434455446390661,0.4422938684887255,4.027123229487458,21.63020547839609,14.441556414190783,265.584066737691,81.02747473229991,17.579229782858466,15.521447682794035,0.4443750768808129,4.019294821879716,22.1800493721164,14.583674841106774,558.9233078170661,3.465397222294356,3.5436228688112945,monthly,195.00223110155994,0.010805124966898949
Cauca,2011-02-18,2011-03-06,0.5705109204472838,0.352385087455632,209.12893250408297,81.09811739764972,17.658954514121717,15.598256897454352,0.44529091620254013,3.9667838865098206,22.054292419982826,14.469393801500878,264.44578090884664,69.4435498072867,17.66678413194378,15.823519865294625,0.44761705826584064,3.990023639261449,22.48956881589796,14.45769909846424,294.47752690821943,83.22033116246314,17.54791624825817,15.434455446390661,0.4422938684887255,4.027123229487458,21.63020547839609,14.441556414190783,473.5747134129296,3.465397222294356,3.5436228688112945,monthly,128.03081510643324,0.0032654951411020816
Cauca,2011-03-06,2011-03-22,0.6271693956743937,0.4149074466893324,231.1396175272257,82.93605905321851,17.505478109722755,15.25516717017644,0.4440203606968799,3.9536970600673036,21.805236447583315,13.70450876975856,209.12893250408297,81.09811739764972,17.658954514121717,15.598256897454352,0.44529091620254013,3.9667838865098206,22.054292419982826,14.469393801500878,264.44578090884664,69.4435498072867,17.66678413194378,15.823519865294625,0.44761705826584064,3.990023639261449,22.48956881589796,14.45769909846424,440.2685500313087,3.633384098358551,3.465397222294356,monthly,148.2035584740072,0.0003041695691927693
Cauca,2011-03-22,2011-04-07,0.6006566232233592,0.3618196137890346,332.5364109330572,75.91650467310112,18.205397336515386,16.258482460230063,0.4481032228499134,3.961533772785018,22.18475703515121,15.33273951056251,231.1396175272257,82.93605905321851,17.505478109722755,15.25516717017644,0.4440203606968799,3.9536970600673036,21.805236447583315,13.70450876975856,209.12893250408297,81.09811739764972,17.658954514121717,15.598256897454352,0.44529091620254013,3.9667838865098206,22.054292419982826,14.469393801500878,563.6760284602829,3.633384098358551,3.465397222294356,monthly,256.6199062599561,0.002972883422864836
Cauca,2011-04-07,2011-04-23,0.4839698463412636,0.3191762141591109,387.31687310220985,62.555275869373006,17.635248949153898,15.995937418453416,0.45234617487158113,3.9713473534227983,22.52731380084278,15.254081640763864,332.5364109330572,75.91650467310112,18.205397336515386,16.258482460230063,0.4481032228499134,3.961533772785018,22.18475703515121,15.33273951056251,231.1396175272257,82.93605905321851,17.505478109722755,15.25516717017644,0.4440203606968799,3.9536970600673036,21.805236447583315,13.70450876975856,719.853284035267,3.5575637854723348,3.633384098358551,monthly,324.76159723283683,0.006488386705090332
Cauca,2011-04-23,2011-05-09,0.6016599939494627,0.3787707463855569,244.29992513317785,78.771425949334,18.428228823686833,16.325867908594695,0.44718999082756666,3.960168594048689,22.87685852592571,15.214910744114237,387.31687310220985,62.555275869373006,17.635248949153898,15.995937418453416,0.45234617487158113,3.9713473534227983,22.52731380084278,15.254081640763864,332.5364109330572,75.91650467310112,18.205397336515386,16.258482460230063,0.4481032228499134,3.961533772785018,22.18475703515121,15.33273951056251,631.6167982353877,3.5575637854723348,3.633384098358551,monthly,165.52849918384385,0.00035055743752165913
Cauca,2011-05-09,2011-05-25,0.5577978287540679,0.3757119967024426,294.95522908616977,74.01560385558713,18.10076428837276,15.997815485035144,0.4446801229699405,3.950884538241548,22.87284474612916,14.096948783560167,244.29992513317785,78.771425949334,18.428228823686833,16.325867908594695,0.44718999082756666,3.960168594048689,22.87685852592571,15.214910744114237,387.31687310220985,62.555275869373006,17.635248949153898,15.995937418453416,0.45234617487158113,3.9713473534227983,22.52731380084278,15.254081640763864,539.2551542193476,3.557795481399622,3.5575637854723348,monthly,220.93962523058264,-0.001325572381156881
Cauca,2011-05-25,2011-06-10,0.5576068086868117,0.342700850684316,293.9807914645114,66.12186009145756,18.043685149723135,16.129672985323115,0.44915132384400924,3.9666149707618157,22.084645843146777,14.546199345466466,294.95522908616977,74.01560385558713,18.10076428837276,15.997815485035144,0.4446801229699405,3.950884538241548,22.87284474612916,14.096948783560167,244.29992513317785,78.771425949334,18.428228823686833,16.325867908594695,0.44718999082756666,3.960168594048689,22.87685852592571,15.214910744114237,588.9360205506812,3.557795481399622,3.5575637854723348,monthly,227.85893137305385,0.0034513263217916257
Cauca,2011-06-10,2011-06-26,0.5918953212080356,0.353210561280031,327.6247645257891,66.67205396573044,17.98827122894315,15.951543452785184,0.44687702282771163,3.9798227446678176,22.19437724185773,15.04713436202278,293.9807914645114,66.12186009145756,18.043685149723135,16.129672985323115,0.44915132384400924,3.9666149707618157,22.084645843146777,14.546199345466466,294.95522908616977,74.01560385558713,18.10076428837276,15.997815485035144,0.4446801229699405,3.950884538241548,22.87284474612916,14.096948783560167,621.6055559903004,3.442434642911841,3.557795481399622,monthly,260.9527105600587,0.004438521295972941
Cauca,2011-06-26,2011-07-12,0.6750284066046826,0.4208002896032787,234.59763300579377,82.47541903967672,17.912197651653912,15.355065492246586,0.4412912417157376,3.974873941209179,22.49863931176365,14.358710576179831,327.6247645257891,66.67205396573044,17.98827122894315,15.951543452785184,0.44687702282771163,3.9798227446678176,22.19437724185773,15.04713436202278,293.9807914645114,66.12186009145756,18.043685149723135,16.129672985323115,0.44915132384400924,3.9666149707618157,22.084645843146777,14.546199345466466,562.2223975315828,3.442434642911841,3.557795481399622,monthly,152.12221396611704,0.003835671028798282
Cauca,2011-07-12,2011-07-28,0.6069682500482283,0.3982493940970784,270.87900115319985,80.12626973824362,17.76676543080073,15.227094986003662,0.4414579762061394,3.9605592569871906,22.382597104624512,14.25247183061674,234.59763300579377,82.47541903967672,17.912197651653912,15.355065492246586,0.4412912417157376,3.974873941209179,22.49863931176365,14.358710576179831,327.6247645257891,66.67205396573044,17.98827122894315,15.951543452785184,0.44687702282771163,3.9798227446678176,22.19437724185773,15.04713436202278,505.47663415899365,3.664357440616867,3.442434642911841,monthly,190.75273141495623,0.007191422432491157
Cauca,2011-07-28,2011-08-13,0.5891287697908244,0.3809681811877017,207.07788746579928,92.0534994724598,17.92964647510908,15.088185193388536,0.4355818902382307,3.928723427683921,22.64946097595517,14.244647644518208,270.87900115319985,80.12626973824362,17.76676543080073,15.227094986003662,0.4414579762061394,3.9605592569871906,22.382597104624512,14.25247183061674,234.59763300579377,82.47541903967672,17.912197651653912,15.355065492246586,0.4412912417157376,3.974873941209179,22.49863931176365,14.358710576179831,477.95688861899913,3.664357440616867,3.442434642911841,monthly,115.02438799333947,0.008348167256553074
Cauca,2011-08-13,2011-08-29,0.5865046123893561,0.3722837667102281,388.76050234065565,85.60260793963073,17.71089405826484,15.14974685060184,0.4351587810695454,3.9069408336301445,22.66171850591032,14.285552016809415,207.07788746579928,92.0534994724598,17.92964647510908,15.088185193388536,0.4355818902382307,3.928723427683921,22.64946097595517,14.244647644518208,270.87900115319985,80.12626973824362,17.76676543080073,15.227094986003662,0.4414579762061394,3.9605592569871906,22.382597104624512,14.25247183061674,595.8383898064549,3.567772132220827,3.664357440616867,monthly,303.1578944010249,0.009697521710581358
Cauca,2011-08-29,2011-09-14,0.5764696572770466,0.3821100238917068,226.11225450810497,102.48056215426129,17.91328325390007,14.737923415083912,0.43145287801771115,3.904345525960367,22.81806356504888,14.05441843053636,388.76050234065565,85.60260793963073,17.71089405826484,15.14974685060184,0.4351587810695454,3.9069408336301445,22.66171850591032,14.285552016809415,207.07788746579928,92.0534994724598,17.92964647510908,15.088185193388536,0.4355818902382307,3.928723427683921,22.64946097595517,14.244647644518208,614.8727568487607,3.567772132220827,3.664357440616867,monthly,123.63169235384368,0.006712263712202071
Cauca,2011-09-14,2011-09-30,0.5350696009749084,0.3886874011901748,314.2545589769616,90.79485496435271,18.03574229584565,15.359098228129238,0.43712116900902465,3.905997852224383,23.18654104725864,14.262562689893294,226.11225450810497,102.48056215426129,17.91328325390007,14.737923415083912,0.43145287801771115,3.904345525960367,22.81806356504888,14.05441843053636,388.76050234065565,85.60260793963073,17.71089405826484,15.14974685060184,0.4351587810695454,3.9069408336301445,22.66171850591032,14.285552016809415,540.3668134850666,3.476921015608918,3.567772132220827,monthly,223.4597040126089,0.008341538030072981
Cauca,2011-09-30,2011-10-16,0.5005588656224653,0.3496278933560338,415.4092967593005,67.30823913767759,17.765623803208005,16.036334854971564,0.44794975198196635,3.913252467418305,22.05724047372664,14.56473790198861,314.2545589769616,90.79485496435271,18.03574229584565,15.359098228129238,0.43712116900902465,3.905997852224383,23.18654104725864,14.262562689893294,226.11225450810497,102.48056215426129,17.91328325390007,14.737923415083912,0.43145287801771115,3.904345525960367,22.81806356504888,14.05441843053636,729.6638557362621,3.476921015608918,3.567772132220827,monthly,348.1010576216229,0.009724075425265544
Cauca,2011-10-16,2011-11-01,0.5018212552681292,0.3619317624070409,298.5660968734204,80.33181160671163,17.134441506087377,15.048611757681764,0.4461794304334343,3.925094907039089,21.7242904325498,14.253688790923096,415.4092967593005,67.30823913767759,17.765623803208005,16.036334854971564,0.44794975198196635,3.913252467418305,22.05724047372664,14.56473790198861,314.2545589769616,90.79485496435271,18.03574229584565,15.359098228129238,0.43712116900902465,3.905997852224383,23.18654104725864,14.262562689893294,713.9753936327209,3.547004584825552,3.476921015608918,monthly,218.23428526670878,0.0020756413299775067
Cauca,2011-11-01,2011-11-17,0.5161761197962446,0.3300983210186095,285.44704139621587,73.0483447776266,17.787679820260664,15.997650667942255,0.447434903973484,3.9408495048496714,22.06629893687573,14.872644345259085,298.5660968734204,80.33181160671163,17.134441506087377,15.048611757681764,0.4461794304334343,3.925094907039089,21.7242904325498,14.253688790923096,415.4092967593005,67.30823913767759,17.765623803208005,16.036334854971564,0.44794975198196635,3.913252467418305,22.05724047372664,14.56473790198861,584.0131382696363,3.6481163263872367,3.547004584825552,monthly,212.39869661858927,0.0007616748864217593
Cauca,2011-11-17,2011-12-03,0.5328833740887337,0.3698252871006769,265.2781948385066,69.67652562698603,17.539560437360244,15.83526055250758,0.44836129307016304,3.9354767993760094,21.87511077429789,15.10878063530921,285.44704139621587,73.0483447776266,17.787679820260664,15.997650667942255,0.447434903973484,3.9408495048496714,22.06629893687573,14.872644345259085,298.5660968734204,80.33181160671163,17.134441506087377,15.048611757681764,0.4461794304334343,3.925094907039089,21.7242904325498,14.253688790923096,550.7252362347224,3.6481163263872367,3.547004584825552,monthly,195.60166921152054,0.001335469725607219
Cauca,2011-12-03,2011-12-19,0.3898342845331535,0.2572961622513325,395.77943733338714,55.83872249259489,17.29548783005852,15.961544807553194,0.4520122036912028,3.917288124198164,21.20990852527423,14.472188815868105,265.2781948385066,69.67652562698603,17.539560437360244,15.83526055250758,0.44836129307016304,3.9354767993760094,21.87511077429789,15.10878063530921,285.44704139621587,73.0483447776266,17.787679820260664,15.997650667942255,0.447434903973484,3.9408495048496714,22.06629893687573,14.872644345259085,661.0576321718937,3.4216703052606894,3.6481163263872367,monthly,339.9407148407922,0.007260354884273346
Cauca,2011-12-19,2012-01-01,0.5551199540219759,0.3420094401258767,181.3280637684736,65.16745348587966,17.963374948991078,15.96140720537478,0.4461051546438683,3.954311722318013,22.26622175994698,14.568363756219757,395.77943733338714,55.83872249259489,17.29548783005852,15.961544807553194,0.4520122036912028,3.917288124198164,21.20990852527423,14.472188815868105,265.2781948385066,69.67652562698603,17.539560437360244,15.83526055250758,0.44836129307016304,3.9354767993760094,21.87511077429789,15.10878063530921,577.1075011018607,3.4216703052606894,3.6481163263872367,monthly,116.16061028259395,0.0028332035568877645
Cauca,2012-01-01,2012-01-17,0.5941329582157396,0.3620792899317982,319.84173572686706,72.96864824746095,17.721528268257526,15.910431226222968,0.4456762322095431,4.019294821879716,22.486271823838308,14.922385476669378,181.3280637684736,65.16745348587966,17.963374948991078,15.96140720537478,0.4461051546438683,3.954311722318013,22.26622175994698,14.568363756219757,395.77943733338714,55.83872249259489,17.29548783005852,15.961544807553194,0.4520122036912028,3.917288124198164,21.20990852527423,14.472188815868105,501.16979949534067,3.0887346235918978,3.4216703052606894,monthly,246.8730874794061,0.008348943135742748
Cauca,2012-01-17,2012-02-02,0.5883321111051364,0.3528695993897381,284.56480648626143,72.84702061205937,17.45081744851222,15.65146168383589,0.44839240464573343,4.027123229487458,21.644791906761498,14.48117483706802,319.84173572686706,72.96864824746095,17.721528268257526,15.910431226222968,0.4456762322095431,4.019294821879716,22.486271823838308,14.922385476669378,181.3280637684736,65.16745348587966,17.963374948991078,15.96140720537478,0.4461051546438683,3.954311722318013,22.26622175994698,14.568363756219757,604.4065422131284,3.0887346235918978,3.4216703052606894,monthly,211.71778587420206,0.011811227843316174
Cauca,2012-02-02,2012-02-18,0.5310954425327691,0.3722194888526107,295.7170742885056,74.52531077567244,17.621047494054167,15.843233865465617,0.44981771548354965,3.9900292368451513,21.81349074158096,14.5025458275246,284.56480648626143,72.84702061205937,17.45081744851222,15.65146168383589,0.44839240464573343,4.027123229487458,21.644791906761498,14.48117483706802,319.84173572686706,72.96864824746095,17.721528268257526,15.910431226222968,0.4456762322095431,4.019294821879716,22.486271823838308,14.922385476669378,580.281880774767,3.053535365326803,3.0887346235918978,monthly,221.19176351283318,0.013005782184607961
Cauca,2012-02-18,2012-03-05,0.5572889732198792,0.3484667963712053,260.85698329580526,84.37799948157772,17.48169905938474,15.315345410341301,0.44686471075040657,3.9671307103022357,22.184141051096105,13.59377578883721,295.7170742885056,74.52531077567244,17.621047494054167,15.843233865465617,0.44981771548354965,3.9900292368451513,21.81349074158096,14.5025458275246,284.56480648626143,72.84702061205937,17.45081744851222,15.65146168383589,0.44839240464573343,4.027123229487458,21.644791906761498,14.48117483706802,556.5740575843108,3.053535365326803,3.0887346235918978,monthly,176.47898381422755,0.004839289688968518
Cauca,2012-03-05,2012-03-21,0.4835105716979396,0.3356087261682598,292.73612045043274,78.24606379280155,18.213305852061332,15.91513438747617,0.44456087214827683,3.9538856527964246,22.777300106452564,14.833676477332968,260.85698329580526,84.37799948157772,17.48169905938474,15.315345410341301,0.44686471075040657,3.9671307103022357,22.184141051096105,13.59377578883721,295.7170742885056,74.52531077567244,17.621047494054167,15.843233865465617,0.44981771548354965,3.9900292368451513,21.81349074158096,14.5025458275246,553.5931037462381,3.609410762391841,3.053535365326803,monthly,214.4900566576312,0.0008446810205897104
Cauca,2012-03-21,2012-04-06,0.5179522195304532,0.3373301043699397,248.26455729235687,76.75506456783168,18.234925938547146,16.17306749092638,0.4470349370710974,3.960731135590456,22.64567279404984,14.821215876994458,292.73612045043274,78.24606379280155,18.213305852061332,15.91513438747617,0.44456087214827683,3.9538856527964246,22.777300106452564,14.833676477332968,260.85698329580526,84.37799948157772,17.48169905938474,15.315345410341301,0.44686471075040657,3.9671307103022357,22.184141051096105,13.59377578883721,541.0006777427895,3.609410762391841,3.053535365326803,monthly,171.5094927245252,0.0019045976440488777
Cauca,2012-04-06,2012-04-22,0.5398604893365869,0.3814435892133396,256.5350305013392,71.55089857156916,17.93742487818625,16.027067173578622,0.44940724287205414,3.971305345026644,22.95263681700981,14.19078337704884,248.26455729235687,76.75506456783168,18.234925938547146,16.17306749092638,0.4470349370710974,3.960731135590456,22.64567279404984,14.821215876994458,292.73612045043274,78.24606379280155,18.213305852061332,15.91513438747617,0.44456087214827683,3.9538856527964246,22.777300106452564,14.833676477332968,504.79958779369605,3.3010410993881205,3.609410762391841,monthly,184.98413192977,0.0035494547055633374
Cauca,2012-04-22,2012-05-08,0.6801425092614506,0.444872881568601,367.42980106168363,74.07300670443982,18.136155382863272,16.089735666595633,0.44840631817069077,3.961116572732836,23.13644491079247,15.001909562925162,256.5350305013392,71.55089857156916,17.93742487818625,16.027067173578622,0.44940724287205414,3.971305345026644,22.95263681700981,14.19078337704884,248.26455729235687,76.75506456783168,18.234925938547146,16.17306749092638,0.4470349370710974,3.960731135590456,22.64567279404984,14.821215876994458,623.9648315630228,3.3010410993881205,3.609410762391841,monthly,293.3567943572438,0.0015668847806457609
Cauca,2012-05-08,2012-05-24,0.511586333521118,0.3177492547361285,342.38299554900385,69.59795789961252,17.89599350997527,15.832080770557319,0.4479087727418696,3.95065241617293,22.59039674659154,14.19714661059072,367.42980106168363,74.07300670443982,18.136155382863272,16.089735666595633,0.44840631817069077,3.961116572732836,23.13644491079247,15.001909562925162,256.5350305013392,71.55089857156916,17.93742487818625,16.027067173578622,0.44940724287205414,3.971305345026644,22.95263681700981,14.19078337704884,709.8127966106874,3.394851450168912,3.3010410993881205,monthly,272.7850376493913,0.0019030773907722232
Cauca,2012-05-24,2012-06-09,0.5506817966998657,0.3601956485335408,242.83324180593416,81.99194740534736,18.370772436293983,15.66935159020953,0.43741402319852285,3.965457085132247,23.14626547014201,14.610727772784427,342.38299554900385,69.59795789961252,17.89599350997527,15.832080770557319,0.4479087727418696,3.95065241617293,22.59039674659154,14.19714661059072,367.42980106168363,74.07300670443982,18.136155382863272,16.089735666595633,0.44840631817069077,3.961116572732836,23.13644491079247,15.001909562925162,585.216237354938,3.394851450168912,3.3010410993881205,monthly,160.8412944005868,-0.008285974323694767
Cauca,2012-06-09,2012-06-25,0.6887891642945672,0.4038344176924845,260.80001197311105,90.38860310805117,18.049085178621823,15.202843447027547,0.4328770474211955,3.9796353668121807,23.29654338002916,14.13255113781222,242.83324180593416,81.99194740534736,18.370772436293983,15.66935159020953,0.43741402319852285,3.965457085132247,23.14626547014201,14.610727772784427,342.38299554900385,69.59795789961252,17.89599350997527,15.832080770557319,0.4479087727418696,3.95065241617293,22.59039674659154,14.19714661059072,503.6332537790452,3.5184125716621324,3.394851450168912,monthly,170.41140886505988,-0.00956145411054321
Cauca,2012-06-25,2012-07-11,0.5602643499168088,0.3577872255270929,209.2856694103658,84.99173296745569,17.610028112897147,14.692738001596382,0.4329613491969171,3.9752765559901717,22.55823892488188,13.432816760467787,260.80001197311105,90.38860310805117,18.049085178621823,15.202843447027547,0.4328770474211955,3.9796353668121807,23.29654338002916,14.13255113781222,242.83324180593416,81.99194740534736,18.370772436293983,15.66935159020953,0.43741402319852285,3.965457085132247,23.14626547014201,14.610727772784427,470.08568138347687,3.5184125716621324,3.394851450168912,monthly,124.29393644291012,-0.00449422149002221
Cauca,2012-07-11,2012-07-27,0.6683095510027361,0.4058494509009207,228.33593603699546,93.8389825905977,18.13331376894348,14.681122537924034,0.4267234784465626,3.962177083011067,22.98063296956464,14.20325368741388,209.2856694103658,84.99173296745569,17.610028112897147,14.692738001596382,0.4329613491969171,3.9752765559901717,22.55823892488188,13.432816760467787,260.80001197311105,90.38860310805117,18.049085178621823,15.202843447027547,0.4328770474211955,3.9796353668121807,23.29654338002916,14.13255113781222,437.6216054473613,3.4360999468228868,3.5184125716621324,monthly,134.49695344639775,-0.0075430753270856465
Cauca,2012-07-27,2012-08-12,0.6660206766092195,0.3710736158089093,190.5035854383353,101.55708720385019,18.127566677597596,14.3827763378283,0.4187279331032588,3.930752155954042,23.38534824912664,13.790341415221553,228.33593603699546,93.8389825905977,18.13331376894348,14.681122537924034,0.4267234784465626,3.962177083011067,22.98063296956464,14.20325368741388,209.2856694103658,84.99173296745569,17.610028112897147,14.692738001596382,0.4329613491969171,3.9752765559901717,22.55823892488188,13.432816760467787,418.8395214753308,3.4360999468228868,3.5184125716621324,monthly,88.94649823448512,-0.008505789878418824
Cauca,2012-08-12,2012-08-28,0.6486173178678585,0.3921487380509552,305.5698464476018,98.4051058480791,17.962033336155294,14.7110870559947,0.4266452449650028,3.9074397029357404,22.645233214796058,14.315988518931858,190.5035854383353,101.55708720385019,18.127566677597596,14.3827763378283,0.4187279331032588,3.930752155954042,23.38534824912664,13.790341415221553,228.33593603699546,93.8389825905977,18.13331376894348,14.681122537924034,0.4267234784465626,3.962177083011067,22.98063296956464,14.20325368741388,496.0734318859371,3.275687901386476,3.4360999468228868,monthly,207.16474059952267,0.0011839856060387177
Cauca,2012-08-28,2012-09-13,0.464128088116405,0.303829135157572,174.43824940460013,116.40930272128848,18.309466768343967,14.225335788089156,0.41171354507131114,3.9044845074065018,23.577652571612564,14.283782892246483,305.5698464476018,98.4051058480791,17.962033336155294,14.7110870559947,0.4266452449650028,3.9074397029357404,22.645233214796058,14.315988518931858,190.5035854383353,101.55708720385019,18.127566677597596,14.3827763378283,0.4187279331032588,3.930752155954042,23.38534824912664,13.790341415221553,480.0080958522019,3.275687901386476,3.4360999468228868,monthly,58.028946683311645,-0.013027069234197941
Cauca,2012-09-13,2012-09-29,0.5663439804422568,0.3375438126253469,244.61569918795618,104.29180870582047,18.25121265673191,14.853447436468834,0.4139535684480052,3.9056181417496507,23.330880046736446,14.684450214729644,174.43824940460013,116.40930272128848,18.309466768343967,14.225335788089156,0.41171354507131114,3.9044845074065018,23.577652571612564,14.283782892246483,305.5698464476018,98.4051058480791,17.962033336155294,14.7110870559947,0.4266452449650028,3.9074397029357404,22.645233214796058,14.315988518931858,419.0539485925563,3.007943358591936,3.275687901386476,monthly,140.3238904821357,-0.014826062530946482
Cauca,2012-09-29,2012-10-15,0.440050937921344,0.2882641282278419,280.7805198121272,87.76238530935575,18.104631655312303,15.619506596795977,0.4373713343663109,3.9127967267113832,22.576997447418265,14.24529217746744,244.61569918795618,104.29180870582047,18.25121265673191,14.853447436468834,0.4139535684480052,3.9056181417496507,23.330880046736446,14.684450214729644,174.43824940460013,116.40930272128848,18.309466768343967,14.225335788089156,0.41171354507131114,3.9044845074065018,23.577652571612564,14.283782892246483,525.3962190000834,3.007943358591936,3.275687901386476,monthly,193.01813450277143,-0.0008543421903898785
Cauca,2012-10-15,2012-10-31,0.5595831361616798,0.3562358941484218,237.2395615158832,83.06473128597503,17.931131514488442,15.705473350142853,0.4447297943521862,3.9241031378291034,22.647764747290005,14.687068575773004,280.7805198121272,87.76238530935575,18.104631655312303,15.619506596795977,0.4373713343663109,3.9127967267113832,22.576997447418265,14.24529217746744,244.61569918795618,104.29180870582047,18.25121265673191,14.853447436468834,0.4139535684480052,3.9056181417496507,23.330880046736446,14.684450214729644,518.0200813280104,3.568495983179788,3.007943358591936,monthly,154.17483022990817,0.000626005248729411
Cauca,2012-10-31,2012-11-16,0.5562466520309954,0.3539383264928286,392.5550970364337,72.97411938847178,17.860243393400943,16.033807713839714,0.4458523386924173,3.9399913440992833,22.26513638358329,14.160040450786454,237.2395615158832,83.06473128597503,17.931131514488442,15.705473350142853,0.4447297943521862,3.9241031378291034,22.647764747290005,14.687068575773004,280.7805198121272,87.76238530935575,18.104631655312303,15.619506596795977,0.4373713343663109,3.9127967267113832,22.576997447418265,14.24529217746744,629.794658552317,3.568495983179788,3.007943358591936,monthly,319.58097764796196,-0.0008208903946449464
Cauca,2012-11-16,2012-12-02,0.5010117832845152,0.327802476775424,276.9251323295699,73.2977216483844,18.06143019950248,16.372081173734138,0.44918175399589605,3.936746673059302,21.951943111698057,15.712612743761674,392.5550970364337,72.97411938847178,17.860243393400943,16.033807713839714,0.4458523386924173,3.9399913440992833,22.26513638358329,14.160040450786454,237.2395615158832,83.06473128597503,17.931131514488442,15.705473350142853,0.4447297943521862,3.9241031378291034,22.647764747290005,14.687068575773004,669.4802293660036,3.3974003017778225,3.568495983179788,monthly,203.62741068118552,0.002155930651340232
Cauca,2012-12-02,2012-12-18,0.5160661474119822,0.314912448597464,285.96898160006873,72.30473875635903,17.70371796961914,15.822506946500386,0.44713419236178664,3.9174885857707493,22.59326899563666,14.832775655092298,276.9251323295699,73.2977216483844,18.06143019950248,16.372081173734138,0.44918175399589605,3.936746673059302,21.951943111698057,15.712612743761674,392.5550970364337,72.97411938847178,17.860243393400943,16.033807713839714,0.4458523386924173,3.9399913440992833,22.26513638358329,14.160040450786454,562.8941139296387,3.5273304077158265,3.3974003017778225,monthly,213.6642428437097,0.002382343554857169
Cauca,2012-12-18,2013-01-01,0.59229665929841,0.3968683870675885,230.182292614962,66.2137057330639,17.892834015251523,15.87348743788291,0.4462397587429646,3.952056897762947,22.079291038599944,14.92278159526851,285.96898160006873,72.30473875635903,17.70371796961914,15.822506946500386,0.44713419236178664,3.9174885857707493,22.59326899563666,14.832775655092298,276.9251323295699,73.2977216483844,18.06143019950248,16.372081173734138,0.44918175399589605,3.936746673059302,21.951943111698057,15.712612743761674,516.1512742150308,3.5273304077158265,3.3974003017778225,monthly,163.9685868818981,0.0029678076559840894
Cauca,2013-01-01,2013-01-17,0.5826997199537024,0.3876120115511973,168.69327867938398,90.54285064408776,18.3865128909246,15.848744967763993,0.42645504209413243,4.019294821879716,23.41356491194153,14.858678539761884,230.182292614962,66.2137057330639,17.892834015251523,15.87348743788291,0.4462397587429646,3.952056897762947,22.079291038599944,14.92278159526851,285.96898160006873,72.30473875635903,17.70371796961914,15.822506946500386,0.44713419236178664,3.9174885857707493,22.59326899563666,14.832775655092298,398.87557129434595,3.6774472353172656,3.5273304077158265,monthly,78.15042803529622,-0.010872246979667932
Cauca,2013-01-17,2013-02-02,0.5549783176586549,0.3553630512349934,181.6690108632256,87.5592113704384,18.699411872365875,16.50374313718179,0.43867709125249965,4.027123229487458,23.086840092640312,15.848675688849674,168.69327867938398,90.54285064408776,18.3865128909246,15.848744967763993,0.42645504209413243,4.019294821879716,23.41356491194153,14.858678539761884,230.182292614962,66.2137057330639,17.892834015251523,15.87348743788291,0.4462397587429646,3.952056897762947,22.079291038599944,14.92278159526851,350.3622895426096,3.6774472353172656,3.5273304077158265,monthly,94.10979949278719,0.0020959144500823923
Cauca,2013-02-02,2013-02-18,0.4391851139939495,0.3051315981766532,278.4686986718079,72.88638113832548,17.848431084020948,16.097958968955417,0.44875752077412656,3.990023639261449,22.22654952507327,14.981695482884192,181.6690108632256,87.5592113704384,18.699411872365875,16.50374313718179,0.43867709125249965,4.027123229487458,23.086840092640312,15.848675688849674,168.69327867938398,90.54285064408776,18.3865128909246,15.848744967763993,0.42645504209413243,4.019294821879716,23.41356491194153,14.858678539761884,460.1377095350335,3.336426413806852,3.6774472353172656,monthly,205.5823175334824,0.011945587475184871
Cauca,2013-02-18,2013-03-06,0.4473725797812181,0.3208437958312384,291.26521877747064,76.22349524084576,18.36796668408502,16.388172072120117,0.44809258559474624,3.9667838865098206,22.820227091948624,15.122003834228924,278.4686986718079,72.88638113832548,17.848431084020948,16.097958968955417,0.44875752077412656,3.990023639261449,22.22654952507327,14.981695482884192,181.6690108632256,87.5592113704384,18.699411872365875,16.50374313718179,0.43867709125249965,4.027123229487458,23.086840092640312,15.848675688849674,569.7339174492786,3.336426413806852,3.6774472353172656,monthly,215.0417235366249,0.006067164533308189
Cauca,2013-03-06,2013-03-22,0.5422329908347044,0.360764449115965,304.21418520148313,77.3441653343003,18.57551423746824,16.672777798278034,0.4481524715759887,3.9536970600673036,22.898080405138806,15.738975380898813,291.26521877747064,76.22349524084576,18.36796668408502,16.388172072120117,0.44809258559474624,3.9667838865098206,22.820227091948624,15.122003834228924,278.4686986718079,72.88638113832548,17.848431084020948,16.097958968955417,0.44875752077412656,3.990023639261449,22.22654952507327,14.981695482884192,595.4794039789538,3.5575721330203,3.336426413806852,monthly,226.87001986718283,0.004436280448301577
Cauca,2013-03-22,2013-04-07,0.6387818486505265,0.4387060503396757,249.58512738743696,89.85423054252763,18.73291771118316,16.44602770518737,0.44447254289489274,3.961533772785018,23.788697345088227,15.092028759381744,304.21418520148313,77.3441653343003,18.57551423746824,16.672777798278034,0.4481524715759887,3.9536970600673036,22.898080405138806,15.738975380898813,291.26521877747064,76.22349524084576,18.36796668408502,16.388172072120117,0.44809258559474624,3.9667838865098206,22.820227091948624,15.122003834228924,553.7993125889201,3.5575721330203,3.336426413806852,monthly,159.73089684490932,-0.0006577965321558077
Cauca,2013-04-07,2013-04-23,0.5101022494615801,0.3445685642496114,353.290207652488,76.75620361693827,18.65218475169769,16.60670713653599,0.4449932558172186,3.9713473534227983,23.11266622572201,15.744153055804084,249.58512738743696,89.85423054252763,18.73291771118316,16.44602770518737,0.44447254289489274,3.961533772785018,23.788697345088227,15.092028759381744,304.21418520148313,77.3441653343003,18.57551423746824,16.672777798278034,0.4481524715759887,3.9536970600673036,22.898080405138806,15.738975380898813,602.875335039925,3.454494717871493,3.5575721330203,monthly,276.53400403554974,-0.0008645323492721957
Cauca,2013-04-23,2013-05-09,0.673926128421419,0.3975878115610189,290.7045137344076,86.64490745915909,18.422461272217657,16.12756221124971,0.44275265609421355,3.960168594048689,23.07636015055771,14.694713009096509,353.290207652488,76.75620361693827,18.65218475169769,16.60670713653599,0.4449932558172186,3.9713473534227983,23.11266622572201,15.744153055804084,249.58512738743696,89.85423054252763,18.73291771118316,16.44602770518737,0.44447254289489274,3.961533772785018,23.788697345088227,15.092028759381744,643.9947213868957,3.454494717871493,3.5575721330203,monthly,204.05960627524854,-0.004086777295831456
Cauca,2013-05-09,2013-05-25,0.4452817203066231,0.2921537065005861,370.7131098570954,68.39654499534709,18.192098426975253,16.41379882080482,0.4497873098710581,3.950884538241548,22.588795569061304,15.561503806849174,290.7045137344076,86.64490745915909,18.422461272217657,16.12756221124971,0.44275265609421355,3.960168594048689,23.07636015055771,14.694713009096509,353.290207652488,76.75620361693827,18.65218475169769,16.60670713653599,0.4449932558172186,3.9713473534227983,23.11266622572201,15.744153055804084,661.417623591503,3.328004911629633,3.454494717871493,monthly,302.3165648617483,0.00378161451996073
Cauca,2013-05-25,2013-06-10,0.5782449670459442,0.3618546827813644,268.6134405313528,79.44664249868698,17.93821528688612,15.55265433678413,0.44281314314821246,3.9666149707618157,22.55585662163342,14.220145442722943,370.7131098570954,68.39654499534709,18.192098426975253,16.41379882080482,0.4497873098710581,3.950884538241548,22.588795569061304,15.561503806849174,290.7045137344076,86.64490745915909,18.422461272217657,16.12756221124971,0.44275265609421355,3.960168594048689,23.07636015055771,14.694713009096509,639.3265503884481,3.328004911629633,3.454494717871493,monthly,189.16679803266584,-0.0028868543740051544
Cauca,2013-06-10,2013-06-26,0.5798750991306784,0.3729991219159165,238.8217837334236,80.79763576645884,18.206141891504384,15.755314226601364,0.4372420820012788,3.9798227446678176,22.568228360093897,14.784828251562145,268.6134405313528,79.44664249868698,17.93821528688612,15.55265433678413,0.44281314314821246,3.9666149707618157,22.55585662163342,14.220145442722943,370.7131098570954,68.39654499534709,18.192098426975253,16.41379882080482,0.4497873098710581,3.950884538241548,22.588795569061304,15.561503806849174,507.43522426477637,3.990587109796581,3.328004911629633,monthly,158.02414796696473,-0.005196419530459906
Cauca,2013-06-26,2013-07-12,0.6118270225739026,0.3793493317124349,318.93816649661574,78.23533335104882,17.61646259470055,15.262977368292777,0.44107463213623554,3.974873941209179,22.269378479832223,13.926120294575467,238.8217837334236,80.79763576645884,18.206141891504384,15.755314226601364,0.4372420820012788,3.9798227446678176,22.568228360093897,14.784828251562145,268.6134405313528,79.44664249868698,17.93821528688612,15.55265433678413,0.44281314314821246,3.9666149707618157,22.55585662163342,14.220145442722943,557.7599502300393,3.990587109796581,3.328004911629633,monthly,240.7028331455669,0.003619061449296246
Cauca,2013-07-12,2013-07-28,0.5959159057407819,0.3797662474326769,218.0528890294218,85.20370448265982,17.82821961108964,15.01973491941631,0.43888447280252013,3.9605592569871906,22.612803716948065,14.534056060135493,318.93816649661574,78.23533335104882,17.61646259470055,15.262977368292777,0.44107463213623554,3.974873941209179,22.269378479832223,13.926120294575467,238.8217837334236,80.79763576645884,18.206141891504384,15.755314226601364,0.4372420820012788,3.9798227446678176,22.568228360093897,14.784828251562145,536.9910555260376,3.5624117664559463,3.990587109796581,monthly,132.849184546762,0.004617919028871875
Cauca,2013-07-28,2013-08-13,0.5662258066937121,0.3646421064897034,235.16077078142078,87.87880161049118,17.837138135859842,14.921760527713836,0.4300916287639272,3.928723427683921,22.36600026692513,13.917988267286727,218.0528890294218,85.20370448265982,17.82821961108964,15.01973491941631,0.43888447280252013,3.9605592569871906,22.612803716948065,14.534056060135493,318.93816649661574,78.23533335104882,17.61646259470055,15.262977368292777,0.44107463213623554,3.974873941209179,22.269378479832223,13.926120294575467,453.2136598108426,3.5624117664559463,3.990587109796581,monthly,147.28196917092959,0.0028579057822495924
Cauca,2013-08-13,2013-08-29,0.5286022537007892,0.344214986845885,247.74701296356983,82.67754006274052,17.82954692940154,15.192994092596326,0.44167685334236806,3.9069408336301445,21.918072040302363,14.333392993810545,235.16077078142078,87.87880161049118,17.837138135859842,14.921760527713836,0.4300916287639272,3.928723427683921,22.36600026692513,13.917988267286727,218.0528890294218,85.20370448265982,17.82821961108964,15.01973491941631,0.43888447280252013,3.9605592569871906,22.612803716948065,14.534056060135493,482.90778374499064,3.273736370516972,3.5624117664559463,monthly,165.0694729008293,0.016215593983403997
Cauca,2013-08-29,2013-09-14,0.5581314566175621,0.3518651088980524,276.4981934560203,98.84874987459216,17.798782860608846,14.659682242251247,0.43314378348966737,3.904345525960367,22.45731597568348,13.905331192159183,247.74701296356983,82.67754006274052,17.82954692940154,15.192994092596326,0.44167685334236806,3.9069408336301445,21.918072040302363,14.333392993810545,235.16077078142078,87.87880161049118,17.837138135859842,14.921760527713836,0.4300916287639272,3.928723427683921,22.36600026692513,13.917988267286727,524.2452064195902,3.273736370516972,3.5624117664559463,monthly,177.64944358142816,0.008403169184158288
Cauca,2013-09-14,2013-09-30,0.5886707111328644,0.400778029719369,231.11042221238358,94.73338370359059,18.37741565799915,15.520849206034956,0.4352125086080047,3.905997852224383,23.88618508431373,13.689853220328503,276.4981934560203,98.84874987459216,17.798782860608846,14.659682242251247,0.43314378348966737,3.904345525960367,22.45731597568348,13.905331192159183,247.74701296356983,82.67754006274052,17.82954692940154,15.192994092596326,0.44167685334236806,3.9069408336301445,21.918072040302363,14.333392993810545,507.6086156684039,3.418740268954594,3.273736370516972,monthly,136.377038508793,0.006432877629053035
Cauca,2013-09-30,2013-10-16,0.5339964711071117,0.3547222160945185,298.6834850678786,88.7719687099123,18.018750852238362,15.499542153054545,0.4400969403671203,3.913252467418305,23.11675542399156,14.10739053485544,231.11042221238358,94.73338370359059,18.37741565799915,15.520849206034956,0.4352125086080047,3.905997852224383,23.88618508431373,13.689853220328503,276.4981934560203,98.84874987459216,17.798782860608846,14.659682242251247,0.43314378348966737,3.904345525960367,22.45731597568348,13.905331192159183,529.7939072802621,3.418740268954594,3.273736370516972,monthly,209.91151635796632,0.0018712638104195212
Cauca,2013-10-16,2013-11-01,0.6136277307381099,0.3948244126152003,335.2397977407257,82.59779614428496,17.94353263056078,15.781164213349177,0.4446556219954302,3.925094907039089,22.72030842874589,14.04612080825157,298.6834850678786,88.7719687099123,18.018750852238362,15.499542153054545,0.4400969403671203,3.913252467418305,23.11675542399156,14.10739053485544,231.11042221238358,94.73338370359059,18.37741565799915,15.520849206034956,0.4352125086080047,3.905997852224383,23.88618508431373,13.689853220328503,633.9232828086043,3.577197197011727,3.418740268954594,monthly,252.64200159644074,0.0005518328919734139
Cauca,2013-11-01,2013-11-17,0.4548190258072564,0.3090982153058846,336.1940973483173,71.95671914063205,17.71466088181591,15.738516106650515,0.4473643679230604,3.9408495048496714,22.01422240422074,14.168577711149856,335.2397977407257,82.59779614428496,17.94353263056078,15.781164213349177,0.4446556219954302,3.925094907039089,22.72030842874589,14.04612080825157,298.6834850678786,88.7719687099123,18.018750852238362,15.499542153054545,0.4400969403671203,3.913252467418305,23.11675542399156,14.10739053485544,671.4338950890431,3.52594381919475,3.577197197011727,monthly,264.23737820768525,0.0006911388359981396
Cauca,2013-11-17,2013-12-03,0.4857422435217386,0.3270090603932186,305.5290286759725,58.26172767775415,17.571191094203648,16.06509747799683,0.44988138669736133,3.9354767993760094,21.627701987900625,15.017763682201675,336.1940973483173,71.95671914063205,17.71466088181591,15.738516106650515,0.4473643679230604,3.9408495048496714,22.01422240422074,14.168577711149856,335.2397977407257,82.59779614428496,17.94353263056078,15.781164213349177,0.4446556219954302,3.925094907039089,22.72030842874589,14.04612080825157,641.7231260242897,3.52594381919475,3.577197197011727,monthly,247.26730099821833,0.0028555633528055124
Cauca,2013-12-03,2013-12-19,0.5165055318291168,0.333648039577931,276.17670035104356,71.07669105957844,17.807836289784525,15.99691900282945,0.44865517116762166,3.917288124198164,22.01264350075057,14.833397989092306,305.5290286759725,58.26172767775415,17.571191094203648,16.06509747799683,0.44988138669736133,3.9354767993760094,21.627701987900625,15.017763682201675,336.1940973483173,71.95671914063205,17.71466088181591,15.738516106650515,0.4473643679230604,3.9408495048496714,22.01422240422074,14.168577711149856,581.7057290270161,3.6062376464685215,3.52594381919475,monthly,205.10000929146514,0.003903322360692185
Cauca,2013-12-19,2014-01-01,0.6371679360479064,0.4055080724976668,131.41621479900525,65.00888818291833,18.083836412577586,16.030102660620916,0.44166625759144107,3.954311722318013,23.01954185639044,14.654708753496523,276.17670035104356,71.07669105957844,17.807836289784525,15.99691900282945,0.44865517116762166,3.917288124198164,22.01264350075057,14.833397989092306,305.5290286759725,58.26172767775415,17.571191094203648,16.06509747799683,0.44988138669736133,3.9354767993760094,21.627701987900625,15.017763682201675,407.59291515004884,3.6062376464685215,3.52594381919475,monthly,66.40732661608692,-0.001605693495539462
Cauca,2014-01-01,2014-01-17,0.5581536780571033,0.3719980056089595,257.92875436359293,71.53980749808707,17.937162840626605,16.037368239210938,0.4434207333695367,4.019294821879716,22.423858737143984,14.726841452614435,131.41621479900525,65.00888818291833,18.083836412577586,16.030102660620916,0.44166625759144107,3.954311722318013,23.01954185639044,14.654708753496523,276.17670035104356,71.07669105957844,17.807836289784525,15.99691900282945,0.44865517116762166,3.917288124198164,22.01264350075057,14.833397989092306,389.3449691625982,3.4199863777520303,3.6062376464685215,monthly,186.38894686550586,0.006093444295736328
Cauca,2014-01-17,2014-02-02,0.5909892588144983,0.3896442157657056,233.3408151804395,77.70728661433839,18.100308577731226,16.072532079715042,0.44362346749576365,4.027123229487458,22.684151101789336,14.916305187329405,257.92875436359293,71.53980749808707,17.937162840626605,16.037368239210938,0.4434207333695367,4.019294821879716,22.423858737143984,14.726841452614435,131.41621479900525,65.00888818291833,18.083836412577586,16.030102660620916,0.44166625759144107,3.954311722318013,23.01954185639044,14.654708753496523,491.26956954403244,3.4199863777520303,3.6062376464685215,monthly,155.63352856610112,0.007042290693346387
Cauca,2014-02-02,2014-02-18,0.4881717721607264,0.3370953959292618,267.9950410923349,77.71780844253996,18.016659397522485,16.009135448642425,0.44489144813602954,3.990023639261449,22.18934345368242,14.90826123982186,233.3408151804395,77.70728661433839,18.100308577731226,16.072532079715042,0.44362346749576365,4.027123229487458,22.684151101789336,14.916305187329405,257.92875436359293,71.53980749808707,17.937162840626605,16.037368239210938,0.4434207333695367,4.019294821879716,22.423858737143984,14.726841452614435,501.3358562727744,3.143500661263851,3.4199863777520303,monthly,190.2772326497949,0.008079514837087853
Cauca,2014-02-18,2014-03-06,0.4099996172206056,0.2792362559745169,295.4097445720597,71.32811759114095,18.07218822649719,16.392187686649716,0.44955141777705954,3.9667838865098206,22.18745780018155,14.582475224633765,267.9950410923349,77.71780844253996,18.016659397522485,16.009135448642425,0.44489144813602954,3.990023639261449,22.18934345368242,14.90826123982186,233.3408151804395,77.70728661433839,18.100308577731226,16.072532079715042,0.44362346749576365,4.027123229487458,22.684151101789336,14.916305187329405,563.4047856643946,3.143500661263851,3.4199863777520303,monthly,224.08162698091877,0.007525996715621486
Cauca,2014-03-06,2014-03-22,0.3920131027942766,0.2645394285932061,300.66399999266787,75.64090990294551,18.1350934262288,16.30873870203338,0.4486316854940863,3.9536970600673036,22.930431391629725,14.73628552643725,295.4097445720597,71.32811759114095,18.07218822649719,16.392187686649716,0.44955141777705954,3.9667838865098206,22.18745780018155,14.582475224633765,267.9950410923349,77.71780844253996,18.016659397522485,16.009135448642425,0.44489144813602954,3.990023639261449,22.18934345368242,14.90826123982186,596.0737445647276,3.4836743199060245,3.143500661263851,monthly,225.02309008972236,0.0049154943663991535
Cauca,2014-03-22,2014-04-07,0.60359902462586,0.3895481803170429,257.2076300395561,86.79995194197535,18.48920149388116,16.106965788681464,0.4420876291436838,3.961533772785018,23.753673632487168,15.1322244885376,300.66399999266787,75.64090990294551,18.1350934262288,16.30873870203338,0.4486316854940863,3.9536970600673036,22.930431391629725,14.73628552643725,295.4097445720597,71.32811759114095,18.07218822649719,16.392187686649716,0.44955141777705954,3.9667838865098206,22.18745780018155,14.582475224633765,557.871630032224,3.4836743199060245,3.143500661263851,monthly,170.40767809758074,-0.0030427102833647246
Cauca,2014-04-07,2014-04-23,0.5719841632485095,0.3646613436083255,325.14890431775603,79.44351428755431,18.46381351623068,16.231501799403986,0.44393153899031024,3.9713473534227983,23.21843904310521,14.38895816775012,257.2076300395561,86.79995194197535,18.48920149388116,16.106965788681464,0.4420876291436838,3.961533772785018,23.753673632487168,15.1322244885376,300.66399999266787,75.64090990294551,18.1350934262288,16.30873870203338,0.4486316854940863,3.9536970600673036,22.930431391629725,14.73628552643725,582.3565343573121,3.3359153010127565,3.4836743199060245,monthly,245.70539003020173,-0.0019262491761805611
Cauca,2014-04-23,2014-05-09,0.6058311301541144,0.3628893124149261,352.9149691407944,71.23750550135935,18.36054177678428,16.527160724635408,0.4488266113677572,3.960168594048689,23.0620984858974,14.476903955305293,325.14890431775603,79.44351428755431,18.46381351623068,16.231501799403986,0.44393153899031024,3.9713473534227983,23.21843904310521,14.38895816775012,257.2076300395561,86.79995194197535,18.48920149388116,16.106965788681464,0.4420876291436838,3.961533772785018,23.753673632487168,15.1322244885376,678.0638734585505,3.3359153010127565,3.4836743199060245,monthly,281.6774636394351,0.0019871779777121956
Cauca,2014-05-09,2014-05-25,0.738832946872182,0.4379939818470601,350.29535709251115,70.65356231280654,18.264850381491726,16.31470984376171,0.4482787284289109,3.950884538241548,23.13834275790316,14.575339112175223,352.9149691407944,71.23750550135935,18.36054177678428,16.527160724635408,0.4488266113677572,3.960168594048689,23.0620984858974,14.476903955305293,325.14890431775603,79.44351428755431,18.46381351623068,16.231501799403986,0.44393153899031024,3.9713473534227983,23.21843904310521,14.38895816775012,703.2103262333055,3.6656162505065866,3.3359153010127565,monthly,279.6417947797046,0.0022730330778135688
Cauca,2014-05-25,2014-06-10,0.4716812351001538,0.3106456481973122,361.1310894195401,65.03205305908833,18.215900544721503,16.332479659552465,0.44968761612913755,3.9666149707618157,22.22386156315881,15.187542938942038,350.29535709251115,70.65356231280654,18.264850381491726,16.31470984376171,0.4482787284289109,3.950884538241548,23.13834275790316,14.575339112175223,352.9149691407944,71.23750550135935,18.36054177678428,16.527160724635408,0.4488266113677572,3.960168594048689,23.0620984858974,14.476903955305293,711.4264465120513,3.6656162505065866,3.3359153010127565,monthly,296.0990363604518,0.003987618606919929
Cauca,2014-06-10,2014-06-26,0.5829011918362923,0.3655394138361544,204.56554023827002,81.88307021046853,18.45152135680715,15.501216183702532,0.4362804163886405,3.9798227446678176,23.52833036068961,14.853555173487662,361.1310894195401,65.03205305908833,18.215900544721503,16.332479659552465,0.44968761612913755,3.9666149707618157,22.22386156315881,15.187542938942038,350.29535709251115,70.65356231280654,18.264850381491726,16.31470984376171,0.4482787284289109,3.950884538241548,23.13834275790316,14.575339112175223,565.6966296578101,3.712831822004262,3.6656162505065866,monthly,122.68247002780149,-0.00615808514309818
Cauca,2014-06-26,2014-07-12,0.6309295062636101,0.3773563839603019,268.08222230178103,79.10124457956837,18.24008715544972,15.567575459116817,0.44214565077007084,3.974873941209179,22.57430539463052,14.648539000160422,204.56554023827002,81.88307021046853,18.45152135680715,15.501216183702532,0.4362804163886405,3.9798227446678176,23.52833036068961,14.853555173487662,361.1310894195401,65.03205305908833,18.215900544721503,16.332479659552465,0.44968761612913755,3.9666149707618157,22.22386156315881,15.187542938942038,472.6477625400511,3.712831822004262,3.6656162505065866,monthly,188.98097772221266,0.0046900800831315426
Cauca,2014-07-12,2014-07-28,0.5018323633129452,0.3125423708851888,192.56971173849757,89.76934695688988,18.36231863125777,14.899251067443846,0.42085199871236967,3.9605592569871906,23.028735749116496,14.472644572069209,268.08222230178103,79.10124457956837,18.24008715544972,15.567575459116817,0.44214565077007084,3.974873941209179,22.57430539463052,14.648539000160422,204.56554023827002,81.88307021046853,18.45152135680715,15.501216183702532,0.4362804163886405,3.9798227446678176,23.52833036068961,14.853555173487662,460.6519340402786,3.85184916652592,3.712831822004262,monthly,102.8003647816077,-0.013414555061278588
Cauca,2014-07-28,2014-08-13,0.5715437948137537,0.3498694983477025,261.19468536544,93.31152055055749,17.9741909029258,14.618046553558141,0.4151626930294576,3.928723427683921,22.65729947928931,14.45539431515071,192.56971173849757,89.76934695688988,18.36231863125777,14.899251067443846,0.42085199871236967,3.9605592569871906,23.028735749116496,14.472644572069209,268.08222230178103,79.10124457956837,18.24008715544972,15.567575459116817,0.44214565077007084,3.974873941209179,22.57430539463052,14.648539000160422,453.7643971039376,3.85184916652592,3.712831822004262,monthly,167.88316481488255,-0.012071029952220036
Cauca,2014-08-13,2014-08-29,0.559696024866584,0.380251282006318,265.4452217847393,98.48169662968117,18.061335943186986,14.570074437237187,0.41850322310345267,3.9069408336301445,22.72379269041144,14.43133399867638,261.19468536544,93.31152055055749,17.9741909029258,14.618046553558141,0.4151626930294576,3.928723427683921,22.65729947928931,14.45539431515071,192.56971173849757,89.76934695688988,18.36231863125777,14.899251067443846,0.42085199871236967,3.9605592569871906,23.028735749116496,14.472644572069209,526.6399071501794,3.3141984805189435,3.85184916652592,monthly,166.96352515505816,-0.006958036255511391
Cauca,2014-08-29,2014-09-14,0.5988423805556624,0.4065723167768308,207.88176445692844,104.97294218225896,18.246895919207162,14.771817318151037,0.421009663312021,3.904345525960367,23.706999314509737,13.92739890980516,265.4452217847393,98.48169662968117,18.061335943186986,14.570074437237187,0.41850322310345267,3.9069408336301445,22.72379269041144,14.43133399867638,261.19468536544,93.31152055055749,17.9741909029258,14.618046553558141,0.4151626930294576,3.928723427683921,22.65729947928931,14.45539431515071,473.3269862416678,3.3141984805189435,3.85184916652592,monthly,102.90882227466948,-0.0037309509934880802
Cauca,2014-09-14,2014-09-30,0.6156270927936934,0.3865957665081883,328.9525277453137,94.7508109278554,18.013635343047504,15.31216196593989,0.43574889565494934,3.905997852224383,23.005242751640807,14.318025479539772,207.88176445692844,104.97294218225896,18.246895919207162,14.771817318151037,0.421009663312021,3.904345525960367,23.706999314509737,13.92739890980516,265.4452217847393,98.48169662968117,18.061335943186986,14.570074437237187,0.41850322310345267,3.9069408336301445,22.72379269041144,14.43133399867638,536.8342922022422,3.0596247239985623,3.3141984805189435,monthly,234.2017168174583,0.006969264675997677
Cauca,2014-09-30,2014-10-16,0.5235360494937734,0.3373224487692016,305.48166584183355,92.36561285983353,18.24207110004246,15.373237778744185,0.43054092084518825,3.913252467418305,23.57419326337109,14.178357342270596,328.9525277453137,94.7508109278554,18.013635343047504,15.31216196593989,0.43574889565494934,3.905997852224383,23.005242751640807,14.318025479539772,207.88176445692844,104.97294218225896,18.246895919207162,14.771817318151037,0.421009663312021,3.904345525960367,23.706999314509737,13.92739890980516,634.4341935871473,3.0596247239985623,3.3141984805189435,monthly,213.116052982,-0.007684755711512559
Cauca,2014-10-16,2014-11-01,0.5403642242465544,0.3547171776419988,346.1693889490119,75.45701663327333,17.98501892693474,15.913844779062387,0.44297624636019406,3.925094907039089,22.399060971087984,14.58359255409572,305.48166584183355,92.36561285983353,18.24207110004246,15.373237778744185,0.43054092084518825,3.913252467418305,23.57419326337109,14.178357342270596,328.9525277453137,94.7508109278554,18.013635343047504,15.31216196593989,0.43574889565494934,3.905997852224383,23.005242751640807,14.318025479539772,651.6510547908454,3.442526622112331,3.0596247239985623,monthly,270.71237231573855,-0.0011275427432627105
Cauca,2014-11-01,2014-11-17,0.5724050461058803,0.3699916049181933,317.0669483903781,69.59163179493362,18.01050060773314,16.199591324954035,0.44876184894101434,3.9408495048496714,22.43655521037333,14.975701921535382,346.1693889490119,75.45701663327333,17.98501892693474,15.913844779062387,0.44297624636019406,3.925094907039089,22.399060971087984,14.58359255409572,305.48166584183355,92.36561285983353,18.24207110004246,15.373237778744185,0.43054092084518825,3.913252467418305,23.57419326337109,14.178357342270596,663.23633733939,3.563528989771944,3.442526622112331,monthly,247.4753165954445,0.0020886198539520895
Cauca,2014-11-17,2014-12-03,0.660342411937792,0.4378091484261843,238.3695924629912,72.62589615123193,18.02335489888782,16.161140913176432,0.44694157656564926,3.9354767993760094,22.535099290694912,14.788544031125976,317.0669483903781,69.59163179493362,18.01050060773314,16.199591324954035,0.44876184894101434,3.9408495048496714,22.43655521037333,14.975701921535382,346.1693889490119,75.45701663327333,17.98501892693474,15.913844779062387,0.44297624636019406,3.925094907039089,22.399060971087984,14.58359255409572,555.4365408533693,3.563528989771944,3.442526622112331,monthly,165.74369631175927,-8.42467789065604e-05
Cauca,2014-12-03,2014-12-19,0.5917883136699927,0.3874526738096974,400.8841365591951,71.0522811108555,17.8964931725478,15.994961052373858,0.44643960766995383,3.917288124198164,22.77321628702264,13.621794781040885,238.3695924629912,72.62589615123193,18.02335489888782,16.161140913176432,0.44694157656564926,3.9354767993760094,22.535099290694912,14.788544031125976,317.0669483903781,69.59163179493362,18.01050060773314,16.199591324954035,0.44876184894101434,3.9408495048496714,22.43655521037333,14.975701921535382,639.2537290221862,3.7266738745731858,3.563528989771944,monthly,329.8318554483396,0.0016877588630243578
Cauca,2014-12-19,2015-01-01,0.6771686022706056,0.398047766077413,188.05962501973642,76.96776524579539,18.419051498174465,15.882610185958034,0.437446438765695,3.954311722318013,23.24002557952845,14.872070185427177,400.8841365591951,71.0522811108555,17.8964931725478,15.994961052373858,0.44643960766995383,3.917288124198164,22.77321628702264,13.621794781040885,238.3695924629912,72.62589615123193,18.02335489888782,16.161140913176432,0.44694157656564926,3.9354767993760094,22.535099290694912,14.788544031125976,588.9437615789316,3.7266738745731858,3.563528989771944,monthly,111.09185977394102,-0.005825512321285531
Cauca,2015-01-01,2015-01-17,0.6690502806054218,0.4068196315283616,153.2892182611311,97.94660485200599,18.44855673166753,15.461381943240784,0.4101387834541895,4.019294821879716,23.39472102551724,14.266970721599746,188.05962501973642,76.96776524579539,18.419051498174465,15.882610185958034,0.437446438765695,3.954311722318013,23.24002557952845,14.872070185427177,400.8841365591951,71.0522811108555,17.8964931725478,15.994961052373858,0.44643960766995383,3.917288124198164,22.77321628702264,13.621794781040885,341.3488432808675,3.808305358739829,3.7266738745731858,monthly,55.34261340912512,-0.027188505619610837
Cauca,2015-01-17,2015-02-02,0.5158180390627886,0.3322032735442125,269.38390458202764,72.97337747355846,17.86643487440238,15.995060610149991,0.44733197144558323,4.027123229487458,22.51865789099393,15.156862575500222,153.2892182611311,97.94660485200599,18.44855673166753,15.461381943240784,0.4101387834541895,4.019294821879716,23.39472102551724,14.266970721599746,188.05962501973642,76.96776524579539,18.419051498174465,15.882610185958034,0.437446438765695,3.954311722318013,23.24002557952845,14.872070185427177,422.67312284315875,3.808305358739829,3.7266738745731858,monthly,196.41052710846918,0.010750794643165973
Cauca,2015-02-02,2015-02-18,0.5391991134591981,0.3664276321497141,230.7173538405116,77.9502379216346,18.33632224929339,16.259943694553925,0.4461460232965017,3.990023639261449,23.04007735421502,15.636805739401511,269.38390458202764,72.97337747355846,17.86643487440238,15.995060610149991,0.44733197144558323,4.027123229487458,22.51865789099393,15.156862575500222,153.2892182611311,97.94660485200599,18.44855673166753,15.461381943240784,0.4101387834541895,4.019294821879716,23.39472102551724,14.266970721599746,500.1012584225392,3.5017782926220966,3.808305358739829,monthly,152.767115918877,0.009334089997560024
Cauca,2015-02-18,2015-03-06,0.6259078097963859,0.4277860556905333,218.25647314400453,88.46973722670268,18.380185296667754,16.136162353288157,0.44060474912207415,3.9667838865098206,23.17692581182304,15.006889349479874,230.7173538405116,77.9502379216346,18.33632224929339,16.259943694553925,0.4461460232965017,3.990023639261449,23.04007735421502,15.636805739401511,269.38390458202764,72.97337747355846,17.86643487440238,15.995060610149991,0.44733197144558323,4.027123229487458,22.51865789099393,15.156862575500222,448.9738269845161,3.5017782926220966,3.808305358739829,monthly,129.78673591730185,-0.0014206719393639045
Cauca,2015-03-06,2015-03-22,0.5279167779366821,0.3487916140133836,276.8663065644937,77.48135337696127,18.553984518699743,16.613140466308394,0.44889611424802445,3.9536970600673036,23.10236660282409,15.257521146215256,218.25647314400453,88.46973722670268,18.380185296667754,16.136162353288157,0.44060474912207415,3.9667838865098206,23.17692581182304,15.006889349479874,230.7173538405116,77.9502379216346,18.33632224929339,16.259943694553925,0.4461460232965017,3.990023639261449,23.04007735421502,15.636805739401511,495.12277970849823,3.535659523668373,3.5017782926220966,monthly,199.38495318753243,0.005179923120337326
Cauca,2015-03-22,2015-04-07,0.5164682425410033,0.3443514190056551,255.76471725756977,78.71543300268782,18.21833267194997,16.223306892328324,0.4483846920827631,3.961533772785018,22.573254631848755,14.415939287711984,276.8663065644937,77.48135337696127,18.553984518699743,16.613140466308394,0.44889611424802445,3.9536970600673036,23.10236660282409,15.257521146215256,218.25647314400453,88.46973722670268,18.380185296667754,16.136162353288157,0.44060474912207415,3.9667838865098206,23.17692581182304,15.006889349479874,532.6310238220635,3.535659523668373,3.5017782926220966,monthly,177.04928425488197,0.003254352655714554
Cauca,2015-04-07,2015-04-23,0.5753486876094985,0.381951842219508,332.43942802342696,79.22426738776753,18.60403050021055,16.42724370994272,0.44666990543545965,3.9713473534227983,23.07315236966208,15.467482661001643,255.76471725756977,78.71543300268782,18.21833267194997,16.223306892328324,0.4483846920827631,3.961533772785018,22.573254631848755,14.415939287711984,276.8663065644937,77.48135337696127,18.553984518699743,16.613140466308394,0.44889611424802445,3.9536970600673036,23.10236660282409,15.257521146215256,588.2041452809967,3.449817020668527,3.535659523668373,monthly,253.21516063565943,0.0008121172689688483
Cauca,2015-04-23,2015-05-09,0.6932635639111967,0.4494152040186959,236.53515693168737,82.18772263535283,18.71157593500773,16.295833390956297,0.4434550510523322,3.960168594048689,23.0927921008627,15.371613844346534,332.43942802342696,79.22426738776753,18.60403050021055,16.42724370994272,0.44666990543545965,3.9713473534227983,23.07315236966208,15.467482661001643,255.76471725756977,78.71543300268782,18.21833267194997,16.223306892328324,0.4483846920827631,3.961533772785018,22.573254631848755,14.415939287711984,568.9745849551143,3.449817020668527,3.535659523668373,monthly,154.34743429633454,-0.0033843823377128213
Cauca,2015-05-09,2015-05-25,0.5489586476499893,0.3635707992193145,270.86579830276577,78.65011083869791,18.779525622601305,16.29880346472184,0.4409577915869313,3.950884538241548,23.80333304514307,15.305227926196077,236.53515693168737,82.18772263535283,18.71157593500773,16.295833390956297,0.4434550510523322,3.960168594048689,23.0927921008627,15.371613844346534,332.43942802342696,79.22426738776753,18.60403050021055,16.42724370994272,0.44666990543545965,3.9713473534227983,23.07315236966208,15.467482661001643,507.40095523445314,3.640284903090985,3.449817020668527,monthly,192.21568746406786,-0.0050479037641660285
Cauca,2015-05-25,2015-06-10,0.4729669354265999,0.3162409169597572,275.9655367732787,75.04386332028794,18.301445163558917,16.027154145718537,0.445159435053635,3.9666149707618157,22.96550771055452,15.191667735238138,270.86579830276577,78.65011083869791,18.779525622601305,16.29880346472184,0.4409577915869313,3.950884538241548,23.80333304514307,15.305227926196077,236.53515693168737,82.18772263535283,18.71157593500773,16.295833390956297,0.4434550510523322,3.960168594048689,23.0927921008627,15.371613844346534,546.8313350760445,3.640284903090985,3.449817020668527,monthly,200.92167345299077,-0.0005405624685826393
Cauca,2015-06-10,2015-06-26,0.5744646436698068,0.3493016590771262,253.93072024778658,83.95907262397377,18.689297845266612,15.734946576411502,0.43947467994254685,3.9798227446678176,23.357125190807903,15.19102986704263,275.9655367732787,75.04386332028794,18.301445163558917,16.027154145718537,0.445159435053635,3.9666149707618157,22.96550771055452,15.191667735238138,270.86579830276577,78.65011083869791,18.779525622601305,16.29880346472184,0.4409577915869313,3.950884538241548,23.80333304514307,15.305227926196077,529.8962570210653,3.73099194049281,3.640284903090985,monthly,169.97164762381283,-0.0029638215891918396
Cauca,2015-06-26,2015-07-12,0.5597798451351893,0.3619352606677543,229.35145750996048,80.570431062697,18.635076950872104,15.587664089936194,0.4245108897486586,3.974873941209179,23.84404884570184,14.88351533924218,253.93072024778658,83.95907262397377,18.689297845266612,15.734946576411502,0.43947467994254685,3.9798227446678176,23.357125190807903,15.19102986704263,275.9655367732787,75.04386332028794,18.301445163558917,16.027154145718537,0.445159435053635,3.9666149707618157,22.96550771055452,15.191667735238138,483.28217775774704,3.73099194049281,3.640284903090985,monthly,148.78102644726349,-0.012944680938280717
Cauca,2015-07-12,2015-07-28,0.5795654246312832,0.352514230648178,263.98940423331965,90.77659869187052,18.268271733336466,15.180298798117288,0.43663193894053376,3.9605592569871906,24.057761087323147,14.749813253666296,229.35145750996048,80.570431062697,18.635076950872104,15.587664089936194,0.4245108897486586,3.974873941209179,23.84404884570184,14.88351533924218,253.93072024778658,83.95907262397377,18.689297845266612,15.734946576411502,0.43947467994254685,3.9798227446678176,23.357125190807903,15.19102986704263,493.34086174328013,3.3906377831668046,3.73099194049281,monthly,173.21280554144914,0.002365385166885503
Cauca,2015-07-28,2015-08-13,0.544385294316489,0.3483603012972014,263.68517672736033,83.79739179419434,18.454314160654636,15.319123398734115,0.42967071263326945,3.928723427683921,23.84926061087576,14.8885835160773,263.98940423331965,90.77659869187052,18.268271733336466,15.180298798117288,0.43663193894053376,3.9605592569871906,24.057761087323147,14.749813253666296,229.35145750996048,80.570431062697,18.635076950872104,15.587664089936194,0.4245108897486586,3.974873941209179,23.84404884570184,14.88351533924218,527.67458096068,3.3906377831668046,3.73099194049281,monthly,179.887784933166,0.0024369896515918366
Cauca,2015-08-13,2015-08-29,0.5450366145366305,0.3509520950877484,223.50041427910622,98.7078077419667,18.602441891888176,15.21782560993934,0.4248989381756554,3.9069408336301445,23.592427160447752,14.61331584548141,263.68517672736033,83.79739179419434,18.454314160654636,15.319123398734115,0.42967071263326945,3.928723427683921,23.84926061087576,14.8885835160773,263.98940423331965,90.77659869187052,18.268271733336466,15.180298798117288,0.43663193894053376,3.9605592569871906,24.057761087323147,14.749813253666296,487.18559100646655,3.2828625792192385,3.3906377831668046,monthly,124.79260653713952,-0.0005623211833086783
Cauca,2015-08-29,2015-09-14,0.55796071969043,0.3337992509043958,209.4130951883952,108.80968815787864,18.77225483952878,15.050556434961972,0.41444894118773296,3.904345525960367,24.31636823319904,14.15034118827187,223.50041427910622,98.7078077419667,18.602441891888176,15.21782560993934,0.4248989381756554,3.9069408336301445,23.592427160447752,14.61331584548141,263.68517672736033,83.79739179419434,18.454314160654636,15.319123398734115,0.42967071263326945,3.928723427683921,23.84926061087576,14.8885835160773,432.9135094675014,3.2828625792192385,3.3906377831668046,monthly,100.60340703051656,-0.010291673117776123
Cauca,2015-09-14,2015-09-30,0.5968303727660262,0.3801374263057798,211.70754642729432,112.71256423991917,19.15371057398329,15.217621218742043,0.40224534127221623,3.905997852224383,24.45478045328496,14.973200798673387,209.4130951883952,108.80968815787864,18.77225483952878,15.050556434961972,0.41444894118773296,3.904345525960367,24.31636823319904,14.15034118827187,223.50041427910622,98.7078077419667,18.602441891888176,15.21782560993934,0.4248989381756554,3.9069408336301445,23.592427160447752,14.61331584548141,421.1206416156895,3.202119919865859,3.2828625792192385,monthly,98.99498218737514,-0.026534289706735437
Cauca,2015-09-30,2015-10-16,0.5419061108326142,0.315402161366874,285.561515193707,88.59901070196366,18.77060609495508,16.197365678092396,0.43024620854777973,3.913252467418305,23.69262057543433,15.074964598000404,211.70754642729432,112.71256423991917,19.15371057398329,15.217621218742043,0.40224534127221623,3.905997852224383,24.45478045328496,14.973200798673387,209.4130951883952,108.80968815787864,18.77225483952878,15.050556434961972,0.41444894118773296,3.904345525960367,24.31636823319904,14.15034118827187,497.26906162100136,3.202119919865859,3.2828625792192385,monthly,196.96250449174335,-0.007979468008921076
Cauca,2015-10-16,2015-11-01,0.5431313712781853,0.3344341100654719,382.2849853347675,82.92283760178677,18.544100055049277,16.035019984208947,0.43839399565208864,3.925094907039089,23.428187566309404,14.72331357740472,285.561515193707,88.59901070196366,18.77060609495508,16.197365678092396,0.43024620854777973,3.913252467418305,23.69262057543433,15.074964598000404,211.70754642729432,112.71256423991917,19.15371057398329,15.217621218742043,0.40224534127221623,3.905997852224383,24.45478045328496,14.973200798673387,667.8465005284745,3.400516136414499,3.202119919865859,monthly,299.3621477329807,-0.005709793451368128
Cauca,2015-11-01,2015-11-17,0.617236518264064,0.3857406355360268,300.1287883280684,68.35515787688831,18.314362892948257,16.27960182442061,0.4460037474094433,3.9408495048496714,22.610946863121217,15.200929532479378,382.2849853347675,82.92283760178677,18.544100055049277,16.035019984208947,0.43839399565208864,3.925094907039089,23.428187566309404,14.72331357740472,285.561515193707,88.59901070196366,18.77060609495508,16.197365678092396,0.43024620854777973,3.913252467418305,23.69262057543433,15.074964598000404,682.4137736628359,3.577336817530896,3.400516136414499,monthly,231.7736304511801,-0.0006694816776189327
Cauca,2015-11-17,2015-12-03,0.6500515655690945,0.4280178737866216,313.8704623337753,72.91881841651517,18.690063849171633,16.652120020631802,0.44663807390491406,3.9354767993760094,23.18813753138703,15.01659300474767,300.1287883280684,68.35515787688831,18.314362892948257,16.27960182442061,0.4460037474094433,3.9408495048496714,22.610946863121217,15.200929532479378,382.2849853347675,82.92283760178677,18.544100055049277,16.035019984208947,0.43839399565208864,3.925094907039089,23.428187566309404,14.72331357740472,613.9992506618437,3.577336817530896,3.400516136414499,monthly,240.95164391726016,-0.00038774943964176023
Cauca,2015-12-03,2015-12-19,0.6873953055603264,0.3953733441204307,287.03413834439954,80.8792547113568,18.681500930205647,16.045994928487843,0.43605776197803114,3.917288124198164,24.200609658367444,15.24913934273057,313.8704623337753,72.91881841651517,18.690063849171633,16.652120020631802,0.44663807390491406,3.9354767993760094,23.18813753138703,15.01659300474767,300.1287883280684,68.35515787688831,18.314362892948257,16.27960182442061,0.4460037474094433,3.9408495048496714,22.610946863121217,15.200929532479378,600.9046006781748,4.2952463542477135,3.577336817530896,monthly,206.15488363304274,-0.008694086828898329
Cauca,2015-12-19,2016-01-01,0.6601867783777866,0.4135779290588029,120.44815375562115,85.90957570751452,19.498723481069927,16.223940295276293,0.41649080010707806,3.954311722318013,24.36999396647298,15.163728527787177,287.03413834439954,80.8792547113568,18.681500930205647,16.045994928487843,0.43605776197803114,3.917288124198164,24.200609658367444,15.24913934273057,313.8704623337753,72.91881841651517,18.690063849171633,16.652120020631802,0.44663807390491406,3.9354767993760094,23.18813753138703,15.01659300474767,407.4822921000207,4.2952463542477135,3.577336817530896,monthly,34.53857804810663,-0.02678115097990247
Cauca,2016-01-01,2016-01-17,0.6539928929052025,0.4411912237802975,148.47201532597188,84.94552944610619,19.18870106862261,16.878225307870075,0.43026014616695263,4.019294821879716,24.16285196306664,15.60921465841252,120.44815375562115,85.90957570751452,19.498723481069927,16.223940295276293,0.41649080010707806,3.954311722318013,24.36999396647298,15.163728527787177,287.03413834439954,80.8792547113568,18.681500930205647,16.045994928487843,0.43605776197803114,3.917288124198164,24.200609658367444,15.24913934273057,268.92016908159303,3.596223189338368,4.2952463542477135,monthly,63.52648587986569,-0.007067142906847734
Cauca,2016-01-17,2016-02-02,0.6202892255107988,0.405223987418131,198.3355801794229,112.71372232486686,19.28323205912431,16.105964738543104,0.41792205262549353,4.027123229487458,24.341702099230528,14.822241207777068,148.47201532597188,84.94552944610619,19.18870106862261,16.878225307870075,0.43026014616695263,4.019294821879716,24.16285196306664,15.60921465841252,120.44815375562115,85.90957570751452,19.498723481069927,16.223940295276293,0.41649080010707806,3.954311722318013,24.36999396647298,15.163728527787177,346.8075955053948,3.596223189338368,4.2952463542477135,monthly,85.62185785455603,-0.018659124176923725
Cauca,2016-02-02,2016-02-18,0.5703685606132581,0.3726355698934776,231.76934370469036,89.80503097019626,19.339944596037064,16.737079715461043,0.4275300701103852,3.9900292368451513,24.67650515824528,15.123212564972231,198.3355801794229,112.71372232486686,19.28323205912431,16.105964738543104,0.41792205262549353,4.027123229487458,24.341702099230528,14.822241207777068,148.47201532597188,84.94552944610619,19.18870106862261,16.878225307870075,0.43026014616695263,4.019294821879716,24.16285196306664,15.60921465841252,430.10492388411325,3.1725447508494766,3.596223189338368,monthly,141.96431273449411,-0.009281863188556505
Cauca,2016-02-18,2016-03-05,0.1026894585638772,0.0785407561079744,245.0858111152813,85.02587275647082,19.393143897401238,17.33507453513179,0.44461611738181805,3.9671307103022357,24.62016275121736,16.827929941809725,231.76934370469036,89.80503097019626,19.339944596037064,16.737079715461043,0.4275300701103852,3.9900292368451513,24.67650515824528,15.123212564972231,198.3355801794229,112.71372232486686,19.28323205912431,16.105964738543104,0.41792205262549353,4.027123229487458,24.341702099230528,14.822241207777068,476.85515481997163,3.1725447508494766,3.596223189338368,monthly,160.05993835881048,0.0025906963203800037
Cauca,2016-03-05,2016-03-21,0.4752325688075943,0.3389870825675075,255.2852986620514,83.62262417817162,19.232312415219717,17.150155203802584,0.4473101362797855,3.9538856527964246,23.657489109961595,15.385517162749666,245.0858111152813,85.02587275647082,19.393143897401238,17.33507453513179,0.44461611738181805,3.9671307103022357,24.62016275121736,16.827929941809725,231.76934370469036,89.80503097019626,19.339944596037064,16.737079715461043,0.4275300701103852,3.9900292368451513,24.67650515824528,15.123212564972231,500.37110977733266,3.386365790497532,3.1725447508494766,monthly,171.66267448387975,0.0035939451520983767
Cauca,2016-03-21,2016-04-06,0.5095046113536869,0.3229949217614473,280.968451605213,85.39326616352957,19.52763158896618,17.200614019176705,0.4441796057165238,3.960731135590456,24.83927056205328,16.101475434584604,255.2852986620514,83.62262417817162,19.232312415219717,17.150155203802584,0.4473101362797855,3.9538856527964246,23.657489109961595,15.385517162749666,245.0858111152813,85.02587275647082,19.393143897401238,17.33507453513179,0.44461611738181805,3.9671307103022357,24.62016275121736,16.827929941809725,536.2537502672644,3.386365790497532,3.1725447508494766,monthly,195.5751854416834,-0.0009507337105247315
Cauca,2016-04-06,2016-04-22,0.5261100938996964,0.3758368344120408,299.4765050451618,82.39284900806939,19.365171033077146,17.304011100721528,0.4473444727851848,3.971305345026644,23.88054233494752,16.122670476445865,280.968451605213,85.39326616352957,19.52763158896618,17.200614019176705,0.4441796057165238,3.960731135590456,24.83927056205328,16.101475434584604,255.2852986620514,83.62262417817162,19.232312415219717,17.150155203802584,0.4473101362797855,3.9538856527964246,23.657489109961595,15.385517162749666,580.4449566503747,3.6507120835350784,3.386365790497532,monthly,217.0836560370924,0.0014866846186940008
Cauca,2016-04-22,2016-05-08,0.6323517883348728,0.374484693799298,371.1562312237148,74.71286180854995,18.919013487687273,16.925020404524275,0.44851139325815814,3.961116572732836,23.48627322590747,16.155600137628333,299.4765050451618,82.39284900806939,19.365171033077146,17.304011100721528,0.4473444727851848,3.971305345026644,23.88054233494752,16.122670476445865,280.968451605213,85.39326616352957,19.52763158896618,17.200614019176705,0.4441796057165238,3.960731135590456,24.83927056205328,16.101475434584604,670.6327362688767,3.6507120835350784,3.386365790497532,monthly,296.44336941516485,0.0016719598681131376
Cauca,2016-05-08,2016-05-24,0.5241222327256698,0.3514112066323108,264.06039103576245,76.66543414437606,19.186308615682144,16.887848795082245,0.4438079985282407,3.95065241617293,23.554939937869968,15.968731505862488,371.1562312237148,74.71286180854995,18.919013487687273,16.925020404524275,0.44851139325815814,3.961116572732836,23.48627322590747,16.155600137628333,299.4765050451618,82.39284900806939,19.365171033077146,17.304011100721528,0.4473444727851848,3.971305345026644,23.88054233494752,16.122670476445865,635.2166222594773,3.781046923642331,3.6507120835350784,monthly,187.39495689138639,-0.002197696822856643
Cauca,2016-05-24,2016-06-09,0.6767747417997131,0.4042890591188116,387.60201848035825,71.54368679213599,18.60440839927474,16.574558117239437,0.4471608143471351,3.965457085132247,22.99382415710336,14.4702551550437,264.06039103576245,76.66543414437606,19.186308615682144,16.887848795082245,0.4438079985282407,3.95065241617293,23.554939937869968,15.968731505862488,371.1562312237148,74.71286180854995,18.919013487687273,16.925020404524275,0.44851139325815814,3.961116572732836,23.48627322590747,16.155600137628333,651.6624095161208,3.781046923642331,3.6507120835350784,monthly,316.05833168822227,0.001460816824917499
Cauca,2016-06-09,2016-06-25,0.5104708859307091,0.332043094002344,324.0081423904267,73.12352449914745,18.035177445362546,15.642742865171542,0.4448536064999965,3.9796353668121807,22.35635153287273,14.73048572459986,387.60201848035825,71.54368679213599,18.60440839927474,16.574558117239437,0.4471608143471351,3.965457085132247,22.99382415710336,14.4702551550437,264.06039103576245,76.66543414437606,19.186308615682144,16.887848795082245,0.4438079985282407,3.95065241617293,23.554939937869968,15.968731505862488,711.610160870785,3.5907933821642346,3.781046923642331,monthly,250.88461789127928,0.0024151049682578085
Cauca,2016-06-25,2016-07-11,0.4863423644987854,0.3070642359495424,236.69851533336106,80.91249655855879,18.352911858867607,15.484763029187675,0.4391618407962946,3.9752765559901717,23.060872453596225,14.838093765938236,324.0081423904267,73.12352449914745,18.035177445362546,15.642742865171542,0.4448536064999965,3.9796353668121807,22.35635153287273,14.73048572459986,387.60201848035825,71.54368679213599,18.60440839927474,16.574558117239437,0.4471608143471351,3.965457085132247,22.99382415710336,14.4702551550437,560.7066577237878,3.5907933821642346,3.781046923642331,monthly,155.78601877480227,0.0017062701093553123
Cauca,2016-07-11,2016-07-27,0.4726473178632397,0.3065302974784877,278.97031966355695,81.97518973739369,17.812746203265597,15.13977737939749,0.4368978361376084,3.962177083011067,22.668560902737934,14.332353939496391,236.69851533336106,80.91249655855879,18.352911858867607,15.484763029187675,0.4391618407962946,3.9752765559901717,23.060872453596225,14.838093765938236,324.0081423904267,73.12352449914745,18.035177445362546,15.642742865171542,0.4448536064999965,3.9796353668121807,22.35635153287273,14.73048572459986,515.668834996918,3.393475699468939,3.5907933821642346,monthly,196.99512992616326,0.0026312823639601524
Cauca,2016-07-27,2016-08-12,0.5485232724890625,0.3353826483425255,182.1906167064722,94.29673015022766,18.45423655593569,15.287658264500436,0.4277472956614667,3.930752155954042,24.13203869200741,14.106466362786792,278.97031966355695,81.97518973739369,17.812746203265597,15.13977737939749,0.4368978361376084,3.962177083011067,22.668560902737934,14.332353939496391,236.69851533336106,80.91249655855879,18.352911858867607,15.484763029187675,0.4391618407962946,3.9752765559901717,23.060872453596225,14.838093765938236,461.16093637002916,3.393475699468939,3.5907933821642346,monthly,87.89388655624455,0.0005135726797890761
Cauca,2016-08-12,2016-08-28,0.579961301944052,0.3674613578921569,188.26241043530646,104.54909562180357,18.478697817964353,14.889262269309635,0.4120405037265789,3.9074397029357404,23.30902878151778,14.348456239581624,182.1906167064722,94.29673015022766,18.45423655593569,15.287658264500436,0.4277472956614667,3.930752155954042,24.13203869200741,14.106466362786792,278.97031966355695,81.97518973739369,17.812746203265597,15.13977737939749,0.4368978361376084,3.962177083011067,22.668560902737934,14.332353939496391,370.45302714177865,3.297357466549519,3.393475699468939,monthly,83.71331481350289,-0.01342075563238515
Cauca,2016-08-28,2016-09-13,0.5323638908226908,0.3476306536661128,298.08679409436036,91.43051314477873,18.148894032725565,15.366421065440132,0.4319305165234194,3.9044845074065018,23.213940578554794,13.566985017820745,188.26241043530646,104.54909562180357,18.478697817964353,14.889262269309635,0.4120405037265789,3.9074397029357404,23.30902878151778,14.348456239581624,182.1906167064722,94.29673015022766,18.45423655593569,15.287658264500436,0.4277472956614667,3.930752155954042,24.13203869200741,14.106466362786792,486.34920452966685,3.297357466549519,3.393475699468939,monthly,206.65628094958163,0.007189902217910327
Cauca,2016-09-13,2016-09-29,0.6534667505438441,0.3900857275329302,257.51076412672535,92.40384258490897,18.282522170996653,15.338334810396226,0.4309472485899983,3.9056181417496507,23.21060494996805,14.638523553405433,298.08679409436036,91.43051314477873,18.148894032725565,15.366421065440132,0.4319305165234194,3.9044845074065018,23.213940578554794,13.566985017820745,188.26241043530646,104.54909562180357,18.478697817964353,14.889262269309635,0.4120405037265789,3.9074397029357404,23.30902878151778,14.348456239581624,555.5975582210857,3.210377775701168,3.297357466549519,monthly,165.10692154181638,0.0021676176110466128
Cauca,2016-09-29,2016-10-15,0.4646134814992321,0.30824138232516,313.8935297903896,79.25911463703197,18.31572792398967,16.32399215941539,0.4461069523194465,3.9127967267113832,23.109057276151493,15.08128785081835,257.51076412672535,92.40384258490897,18.282522170996653,15.338334810396226,0.4309472485899983,3.9056181417496507,23.21060494996805,14.638523553405433,298.08679409436036,91.43051314477873,18.148894032725565,15.366421065440132,0.4319305165234194,3.9044845074065018,23.213940578554794,13.566985017820745,571.404293917115,3.210377775701168,3.297357466549519,monthly,234.63441515335762,0.00788127576274572
Cauca,2016-10-15,2016-10-31,0.5170930792683197,0.3367078608553803,316.38246700273976,84.025590293358,18.254202275340905,16.078245496910775,0.44345541885680584,3.9241031378291034,22.88413369010997,14.97271828454091,313.8935297903896,79.25911463703197,18.31572792398967,16.32399215941539,0.4461069523194465,3.9127967267113832,23.109057276151493,15.08128785081835,257.51076412672535,92.40384258490897,18.282522170996653,15.338334810396226,0.4309472485899983,3.9056181417496507,23.21060494996805,14.638523553405433,630.2759967931294,3.813531956076861,3.210377775701168,monthly,232.35687670938177,-0.0006483702466509311
Cauca,2016-10-31,2016-11-16,0.5634875750915697,0.3633256913166097,278.0782156773963,74.9283044801424,18.221124173706162,16.3589451137412,0.44747011090513067,3.9399913440992833,22.620935095944017,14.853928174158398,316.38246700273976,84.025590293358,18.254202275340905,16.078245496910775,0.44345541885680584,3.9241031378291034,22.88413369010997,14.97271828454091,313.8935297903896,79.25911463703197,18.31572792398967,16.32399215941539,0.4461069523194465,3.9127967267113832,23.109057276151493,15.08128785081835,594.4606826801361,3.813531956076861,3.210377775701168,monthly,203.1499111972539,0.0007968818180684178
Cauca,2016-11-16,2016-12-02,0.6910699460569116,0.4290224440655393,224.18162796272367,84.52414095437035,18.217522237239542,16.004072097774888,0.44269095559632976,3.936746673059302,23.231887080598824,13.027881590002377,278.0782156773963,74.9283044801424,18.221124173706162,16.3589451137412,0.44747011090513067,3.9399913440992833,22.620935095944017,14.853928174158398,316.38246700273976,84.025590293358,18.254202275340905,16.078245496910775,0.44345541885680584,3.9241031378291034,22.88413369010997,14.97271828454091,502.25984364012,3.7484795351947047,3.813531956076861,monthly,139.6574870083533,-0.004334867748226057
Cauca,2016-12-02,2016-12-18,0.52982855413587,0.364255203262596,331.102396644215,76.5441736566676,18.00399028530134,16.135119174916404,0.4473893757098054,3.9174885857707493,22.484998148275533,14.91085284847482,224.18162796272367,84.52414095437035,18.217522237239542,16.004072097774888,0.44269095559632976,3.936746673059302,23.231887080598824,13.027881590002377,278.0782156773963,74.9283044801424,18.221124173706162,16.3589451137412,0.44747011090513067,3.9399913440992833,22.620935095944017,14.853928174158398,555.2840246069386,3.3249493141562225,3.7484795351947047,monthly,254.5582229875474,0.002637526902875942
Cauca,2016-12-18,2017-01-01,0.5167643506241444,0.3475118894494864,263.3430495261808,60.20889295439659,17.966351327083988,16.200018335760127,0.44825230374360087,3.952056897762947,22.24348734303268,14.669046790496555,331.102396644215,76.5441736566676,18.00399028530134,16.135119174916404,0.4473893757098054,3.9174885857707493,22.484998148275533,14.91085284847482,224.18162796272367,84.52414095437035,18.217522237239542,16.004072097774888,0.44269095559632976,3.936746673059302,23.231887080598824,13.027881590002377,594.4454461703958,3.3249493141562225,3.7484795351947047,monthly,203.1341565717842,0.004980352656620335
Cauca,2017-01-01,2017-01-17,0.5657581523263745,0.3801794881593,302.2696853768291,68.80036210826768,17.978495981003466,16.208047663172827,0.4486436319944197,4.019294821879716,22.242392502291835,15.320272434478756,263.3430495261808,60.20889295439659,17.966351327083988,16.200018335760127,0.44825230374360087,3.952056897762947,22.24348734303268,14.669046790496555,331.102396644215,76.5441736566676,18.00399028530134,16.135119174916404,0.4473893757098054,3.9174885857707493,22.484998148275533,14.91085284847482,565.6127349030098,3.254732648486564,3.3249493141562225,monthly,233.46932326856142,0.011316342920619338
Cauca,2017-01-17,2017-02-02,0.7974876408143812,0.4216148983230851,275.5724532767394,77.88516317487935,17.693264898597533,15.389420762283955,0.440637286709758,4.027123229487458,22.85894198428508,11.863735258293666,302.2696853768291,68.80036210826768,17.978495981003466,16.208047663172827,0.4486436319944197,4.019294821879716,22.242392502291835,15.320272434478756,263.3430495261808,60.20889295439659,17.966351327083988,16.200018335760127,0.44825230374360087,3.952056897762947,22.24348734303268,14.669046790496555,577.8421386535686,3.254732648486564,3.3249493141562225,monthly,197.68729010186004,0.0040561099073407325
Cauca,2017-02-02,2017-02-18,0.7172189921960693,0.4107919353967372,182.3248331468388,95.61322646516747,18.51678494719703,15.823967448908745,0.43553195577295434,3.990023639261449,23.057923730421862,14.804241433467505,275.5724532767394,77.88516317487935,17.693264898597533,15.389420762283955,0.440637286709758,4.027123229487458,22.85894198428508,11.863735258293666,302.2696853768291,68.80036210826768,17.978495981003466,16.208047663172827,0.4486436319944197,4.019294821879716,22.242392502291835,15.320272434478756,457.8972864235782,3.7689290134518063,3.254732648486564,monthly,86.71160668167134,-0.0012799775259873525
Cauca,2017-02-18,2017-03-06,0.6817129571351395,0.4040515022814182,204.1038144953244,93.13481147734778,18.19039263654814,15.668154067902424,0.4378951138697039,3.9667838865098206,22.60445142176517,13.738956050732424,182.3248331468388,95.61322646516747,18.51678494719703,15.823967448908745,0.43553195577295434,3.990023639261449,23.057923730421862,14.804241433467505,275.5724532767394,77.88516317487935,17.693264898597533,15.389420762283955,0.440637286709758,4.027123229487458,22.85894198428508,11.863735258293666,386.42864764216324,3.7689290134518063,3.254732648486564,monthly,110.96900301797662,-0.004130307191734128
Cauca,2017-03-06,2017-03-22,0.5644044707429106,0.3576502224312362,288.0889751712007,76.41252880087823,18.217292092045085,16.221209226659823,0.4486411053222663,3.9536970600673036,22.604156311863488,14.741075269004812,204.1038144953244,93.13481147734778,18.19039263654814,15.668154067902424,0.4378951138697039,3.9667838865098206,22.60445142176517,13.738956050732424,182.3248331468388,95.61322646516747,18.51678494719703,15.823967448908745,0.43553195577295434,3.990023639261449,23.057923730421862,14.804241433467505,492.1927896665251,3.419509823993429,3.7689290134518063,monthly,211.67644637032242,0.0049249141945791886
Cauca,2017-03-22,2017-04-07,0.6098176724569117,0.3564450681091035,205.77846149487738,92.20640641283254,18.645425500645068,16.196150877422767,0.4421895579142851,3.961533772785018,24.279546690557385,15.019531403464145,288.0889751712007,76.41252880087823,18.217292092045085,16.221209226659823,0.4486411053222663,3.9536970600673036,22.604156311863488,14.741075269004812,204.1038144953244,93.13481147734778,18.19039263654814,15.668154067902424,0.4378951138697039,3.9667838865098206,22.60445142176517,13.738956050732424,493.86743666607805,3.419509823993429,3.7689290134518063,monthly,113.57205508204484,-0.0029407815127634462
Cauca,2017-04-07,2017-04-23,0.5699772593389365,0.3659949571487446,275.8001421840835,78.66577872158194,18.760292970077064,16.60105584921797,0.4435561095821331,3.9713473534227983,23.61006582007024,15.91862932687236,205.77846149487738,92.20640641283254,18.645425500645068,16.196150877422767,0.4421895579142851,3.961533772785018,24.279546690557385,15.019531403464145,288.0889751712007,76.41252880087823,18.217292092045085,16.221209226659823,0.4486411053222663,3.9536970600673036,22.604156311863488,14.741075269004812,481.57860367896086,3.564231908897511,3.419509823993429,monthly,197.13436346250154,-0.0023016785843577026
Cauca,2017-04-23,2017-05-09,0.6246507241956252,0.4069577064649366,331.3755181483216,72.13525573846131,18.49310602100955,16.462956543481603,0.44660667553955885,3.960168594048689,23.247333406670045,15.15829639888092,275.8001421840835,78.66577872158194,18.760292970077064,16.60105584921797,0.4435561095821331,3.9713473534227983,23.61006582007024,15.91862932687236,205.77846149487738,92.20640641283254,18.645425500645068,16.196150877422767,0.4421895579142851,3.961533772785018,24.279546690557385,15.019531403464145,607.1756603324051,3.564231908897511,3.419509823993429,monthly,259.2402624098603,-0.00023275785048615383
Cauca,2017-05-09,2017-05-25,0.6398267943979468,0.4007852913262906,332.7636667205287,75.13790736044925,18.6070186102135,16.566070077732157,0.44904603600821047,3.950884538241548,23.4917933467604,15.39243791681344,331.3755181483216,72.13525573846131,18.49310602100955,16.462956543481603,0.44660667553955885,3.960168594048689,23.247333406670045,15.15829639888092,275.8001421840835,78.66577872158194,18.760292970077064,16.60105584921797,0.4435561095821331,3.9713473534227983,23.61006582007024,15.91862932687236,664.1391848688503,3.5507771222318274,3.564231908897511,monthly,257.6257593600794,0.0030403406571131164
Cauca,2017-05-25,2017-06-10,0.5997208168471024,0.3609902858827141,242.60206297556448,85.6829860922543,18.667453084619822,16.03630139568394,0.43661145076825486,3.9666149707618157,23.184657293077137,15.031423511966574,332.7636667205287,75.13790736044925,18.6070186102135,16.566070077732157,0.44904603600821047,3.950884538241548,23.4917933467604,15.39243791681344,331.3755181483216,72.13525573846131,18.49310602100955,16.462956543481603,0.44660667553955885,3.960168594048689,23.247333406670045,15.15829639888092,575.3657296960932,3.5507771222318274,3.564231908897511,monthly,156.9190768833102,-0.009088546753962756
Cauca,2017-06-10,2017-06-26,0.6080333627654932,0.3916063569725401,340.26785418664014,70.53737259347385,18.120904492065662,16.00001832332608,0.4481073182738623,3.9798227446678176,22.259251972455235,14.667963973647844,242.60206297556448,85.6829860922543,18.667453084619822,16.03630139568394,0.43661145076825486,3.9666149707618157,23.184657293077137,15.031423511966574,332.7636667205287,75.13790736044925,18.6070186102135,16.566070077732157,0.44904603600821047,3.950884538241548,23.4917933467604,15.39243791681344,582.8699171622046,3.289485648469975,3.5507771222318274,monthly,269.7304815931663,0.005668816742123606
Cauca,2017-06-26,2017-07-12,0.531608544438362,0.3450891992826738,249.32520861760776,78.32510962894125,18.104996197710424,15.429655690718958,0.4405817297365949,3.974873941209179,22.656966387925632,14.908648748994086,340.26785418664014,70.53737259347385,18.120904492065662,16.00001832332608,0.4481073182738623,3.9798227446678176,22.259251972455235,14.667963973647844,242.60206297556448,85.6829860922543,18.667453084619822,16.03630139568394,0.43661145076825486,3.9666149707618157,23.184657293077137,15.031423511966574,589.5930628042479,3.289485648469975,3.5507771222318274,monthly,171.0000989886665,0.0031261590496555747
Cauca,2017-07-12,2017-07-28,0.676184711596469,0.4345013595357055,280.0721978572905,95.65240886290496,18.19631861792202,15.019136851298526,0.429839670545614,3.9605592569871906,22.943268978233945,13.598734206150768,249.32520861760776,78.32510962894125,18.104996197710424,15.429655690718958,0.4405817297365949,3.974873941209179,22.656966387925632,14.908648748994086,340.26785418664014,70.53737259347385,18.120904492065662,16.00001832332608,0.4481073182738623,3.9798227446678176,22.259251972455235,14.667963973647844,529.3974064748983,3.7031463021024456,3.289485648469975,monthly,184.41978899438556,-0.004426883228034251
Cauca,2017-07-28,2017-08-13,0.609285395972387,0.3726596789077739,203.53222196947382,99.5703377668845,18.308975548401325,14.6850782104706,0.4132618651986006,3.928723427683921,23.65510411380456,13.995313032014591,280.0721978572905,95.65240886290496,18.19631861792202,15.019136851298526,0.429839670545614,3.9605592569871906,22.943268978233945,13.598734206150768,249.32520861760776,78.32510962894125,18.104996197710424,15.429655690718958,0.4405817297365949,3.974873941209179,22.656966387925632,14.908648748994086,483.60441982676434,3.7031463021024456,3.289485648469975,monthly,103.96188420258932,-0.013971857783077024
Cauca,2017-08-13,2017-08-29,0.6017089012418512,0.3964694366832887,260.45230155026195,104.06563056195802,18.410321375264274,15.210589774218617,0.4240229526984539,3.9069408336301445,23.641580146632723,14.848711690956147,203.53222196947382,99.5703377668845,18.308975548401325,14.6850782104706,0.4132618651986006,3.928723427683921,23.65510411380456,13.995313032014591,280.0721978572905,95.65240886290496,18.19631861792202,15.019136851298526,0.429839670545614,3.9605592569871906,22.943268978233945,13.598734206150768,463.9845235197358,3.2759346539438483,3.7031463021024456,monthly,156.38667098830393,-0.0014383066605101469
Cauca,2017-08-29,2017-09-14,0.6701922706146833,0.4093341670209601,277.69331019174257,111.89975856120566,18.47993416637829,14.892258227503058,0.41959841625612804,3.904345525960367,24.25859580943277,14.287564873197343,260.45230155026195,104.06563056195802,18.410321375264274,15.210589774218617,0.4240229526984539,3.9069408336301445,23.641580146632723,14.848711690956147,203.53222196947382,99.5703377668845,18.308975548401325,14.6850782104706,0.4132618651986006,3.928723427683921,23.65510411380456,13.995313032014591,538.1456117420046,3.2759346539438483,3.7031463021024456,monthly,165.7935516305369,-0.0051421980493810415
Cauca,2017-09-14,2017-09-30,0.5938578172909558,0.3754399894160565,276.9493298867492,97.40070352593615,18.583598546859584,15.481385369224856,0.42308053979732163,3.905997852224383,23.46533167104636,15.00018813559698,277.69331019174257,111.89975856120566,18.47993416637829,14.892258227503058,0.41959841625612804,3.904345525960367,24.25859580943277,14.287564873197343,260.45230155026195,104.06563056195802,18.410321375264274,15.210589774218617,0.4240229526984539,3.9069408336301445,23.641580146632723,14.848711690956147,554.6426400784917,3.0272757414746345,3.2759346539438483,monthly,179.54862636081305,-0.005699091181630034
Cauca,2017-09-30,2017-10-16,0.5462438370161912,0.3555982493046577,324.4424232087142,92.16299043783714,18.243985892400467,15.6463489226538,0.4380692659640031,3.913252467418305,23.17042348284337,14.165208908195313,276.9493298867492,97.40070352593615,18.583598546859584,15.481385369224856,0.42308053979732163,3.905997852224383,23.46533167104636,15.00018813559698,277.69331019174257,111.89975856120566,18.47993416637829,14.892258227503058,0.41959841625612804,3.904345525960367,24.25859580943277,14.287564873197343,601.3917530954634,3.0272757414746345,3.2759346539438483,monthly,232.27943277087707,-0.00015641059269771995
Cauca,2017-10-16,2017-11-01,0.4853679322363889,0.3422479526850006,309.82459774293,75.36278260506039,18.3794934475389,16.023268064528622,0.4387038243499977,3.925094907039089,23.643616144139006,14.678358874039334,324.4424232087142,92.16299043783714,18.243985892400467,15.6463489226538,0.4380692659640031,3.913252467418305,23.17042348284337,14.165208908195313,276.9493298867492,97.40070352593615,18.583598546859584,15.481385369224856,0.42308053979732163,3.905997852224383,23.46533167104636,15.00018813559698,634.2670209516442,3.2560495363957336,3.0272757414746345,monthly,234.46181513786962,-0.005399964753459052
Cauca,2017-11-01,2017-11-17,0.441571149351741,0.3037896346167653,287.8703547783995,75.99101129955314,18.168467967766,16.340134756024252,0.4470379370200406,3.9408495048496714,22.61680548208745,15.210248712971085,309.82459774293,75.36278260506039,18.3794934475389,16.023268064528622,0.4387038243499977,3.925094907039089,23.643616144139006,14.678358874039334,324.4424232087142,92.16299043783714,18.243985892400467,15.6463489226538,0.4380692659640031,3.913252467418305,23.17042348284337,14.165208908195313,597.6949525213295,3.609872982633064,3.2560495363957336,monthly,211.87934347884635,0.0003647079329783254
Cauca,2017-11-17,2017-12-03,0.4402683178264624,0.2933190405632654,347.0601861216205,77.05689885061224,18.059515617350517,16.144011829996696,0.44628562857834386,3.9354767993760094,22.321878854376784,14.91999421634983,287.8703547783995,75.99101129955314,18.168467967766,16.340134756024252,0.4470379370200406,3.9408495048496714,22.61680548208745,15.210248712971085,309.82459774293,75.36278260506039,18.3794934475389,16.023268064528622,0.4387038243499977,3.925094907039089,23.643616144139006,14.678358874039334,634.93054090002,3.609872982633064,3.2560495363957336,monthly,270.0032872710083,-0.0007401947662119546
Cauca,2017-12-03,2017-12-19,0.63486983199384,0.356674668014209,199.43925321791482,94.85975491902857,18.38370807067502,15.808731933754263,0.43717234017922596,3.917288124198164,23.25822879197716,13.553228693191915,347.0601861216205,77.05689885061224,18.059515617350517,16.144011829996696,0.44628562857834386,3.9354767993760094,22.321878854376784,14.91999421634983,287.8703547783995,75.99101129955314,18.168467967766,16.340134756024252,0.4470379370200406,3.9408495048496714,22.61680548208745,15.210248712971085,546.4994393395353,3.560551851762514,3.609872982633064,monthly,104.57949829888625,-0.007579508627703513
Cauca,2017-12-19,2018-01-01,0.4979961516944041,0.3334029960845631,190.21445939181126,69.36849346290336,18.095209836621112,15.969378551821851,0.43527576556732855,3.954311722318013,22.310708252665712,15.096500195724875,199.43925321791482,94.85975491902857,18.38370807067502,15.808731933754263,0.43717234017922596,3.917288124198164,23.25822879197716,13.553228693191915,347.0601861216205,77.05689885061224,18.059515617350517,16.144011829996696,0.44628562857834386,3.9354767993760094,22.321878854376784,14.91999421634983,389.6537126097261,3.560551851762514,3.609872982633064,monthly,120.8459659289079,-0.007996185519651977
Cauca,2018-01-01,2018-01-17,0.6445883752913202,0.4093053025605397,381.52170636495225,71.62087150013771,17.6128735933624,15.822493650026018,0.4494586335260006,4.019294821879716,22.35161482328312,14.87272755350673,190.21445939181126,69.36849346290336,18.095209836621112,15.969378551821851,0.43527576556732855,3.954311722318013,22.310708252665712,15.096500195724875,199.43925321791482,94.85975491902857,18.38370807067502,15.808731933754263,0.43717234017922596,3.917288124198164,23.25822879197716,13.553228693191915,571.7361657567635,3.2614979734508163,3.560551851762514,monthly,309.90083486481456,0.01213134445220021
Cauca,2018-01-17,2018-02-02,0.5785483101766126,0.3902732284945368,185.11843097407032,88.09531720777592,18.06969935634753,15.656553781012017,0.4381412312903007,4.027123229487458,23.290831890488235,14.299015389229051,381.52170636495225,71.62087150013771,17.6128735933624,15.822493650026018,0.4494586335260006,4.019294821879716,22.35161482328312,14.87272755350673,190.21445939181126,69.36849346290336,18.095209836621112,15.969378551821851,0.43527576556732855,3.954311722318013,22.310708252665712,15.096500195724875,566.6401373390225,3.2614979734508163,3.560551851762514,monthly,97.0231137662944,0.0015600544878834333
Cauca,2018-02-02,2018-02-18,0.5439587547007761,0.3521213007896394,247.1188576688534,82.06426754768003,18.497938659571798,16.43829629263741,0.4436781165268036,3.990023639261449,22.862680267756406,15.463181795440322,185.11843097407032,88.09531720777592,18.06969935634753,15.656553781012017,0.4381412312903007,4.027123229487458,23.290831890488235,14.299015389229051,381.52170636495225,71.62087150013771,17.6128735933624,15.822493650026018,0.4494586335260006,4.019294821879716,22.35161482328312,14.87272755350673,432.2372886429237,3.6333920349731184,3.2614979734508163,monthly,165.05459012117336,0.006866183227861922
Cauca,2018-02-18,2018-03-06,0.5849778681894391,0.3806501579413216,240.34558379588054,86.81010747974199,17.929332241107417,15.596595544651965,0.4411221571307967,3.9667838865098206,22.52995478543739,13.911770111166428,247.1188576688534,82.06426754768003,18.497938659571798,16.43829629263741,0.4436781165268036,3.990023639261449,22.862680267756406,15.463181795440322,185.11843097407032,88.09531720777592,18.06969935634753,15.656553781012017,0.4381412312903007,4.027123229487458,23.290831890488235,14.299015389229051,487.4644414647339,3.6333920349731184,3.2614979734508163,monthly,153.53547631613856,-0.0009032639306413293
Cauca,2018-03-06,2018-03-22,0.6225051791969309,0.4112322112343978,188.85555902374566,104.9462685699272,18.708109351680253,15.915778515650706,0.4290465967141454,3.9536970600673036,24.20397948393769,14.802395056167242,240.34558379588054,86.81010747974199,17.929332241107417,15.596595544651965,0.4411221571307967,3.9667838865098206,22.52995478543739,13.911770111166428,247.1188576688534,82.06426754768003,18.497938659571798,16.43829629263741,0.4436781165268036,3.990023639261449,22.862680267756406,15.463181795440322,429.20114281962617,3.5712145014183663,3.6333920349731184,monthly,83.90929045381846,-0.014669594413541709
Cauca,2018-03-22,2018-04-07,0.514008956492843,0.3545666396722551,316.4216727297795,69.99220300815085,18.164648457687782,16.397737925277315,0.4497513282075595,3.961533772785018,22.62348674460035,14.974126082834042,188.85555902374566,104.9462685699272,18.708109351680253,15.915778515650706,0.4290465967141454,3.9536970600673036,24.20397948393769,14.802395056167242,240.34558379588054,86.81010747974199,17.929332241107417,15.596595544651965,0.4411221571307967,3.9667838865098206,22.52995478543739,13.911770111166428,505.27723175352514,3.5712145014183663,3.6333920349731184,monthly,246.42946972162866,0.004620988780510926
Cauca,2018-04-07,2018-04-23,0.574472811767102,0.3738738979036606,285.70954303930694,76.60418850023075,18.16522963734136,15.914627176801167,0.4459991456082851,3.9713473534227983,22.724976789722287,15.029552946305756,316.4216727297795,69.99220300815085,18.164648457687782,16.397737925277315,0.4497513282075595,3.961533772785018,22.62348674460035,14.974126082834042,188.85555902374566,104.9462685699272,18.708109351680253,15.915778515650706,0.4290465967141454,3.9536970600673036,24.20397948393769,14.802395056167242,602.1312157690865,3.5606501425180603,3.5712145014183663,monthly,209.1053545390762,0.00014135744179427645
Cauca,2018-04-23,2018-05-09,0.5024832930768494,0.3258117115172383,326.3897380945198,74.016798582585,18.36544946821582,16.363464515419338,0.44855239919995143,3.960168594048689,22.73221673369165,14.895272150945557,285.70954303930694,76.60418850023075,18.16522963734136,15.914627176801167,0.4459991456082851,3.9713473534227983,22.724976789722287,15.029552946305756,316.4216727297795,69.99220300815085,18.164648457687782,16.397737925277315,0.4497513282075595,3.961533772785018,22.62348674460035,14.974126082834042,612.0992811338267,3.5606501425180603,3.5712145014183663,monthly,252.37293951193482,0.0017129658099064304
Cauca,2018-05-09,2018-05-25,0.5999608944407938,0.3805257833954423,353.1753101442662,70.19941070561252,18.11717156116355,16.206780129351355,0.4488137777365163,3.950884538241548,22.263185361481792,14.971316665448867,326.3897380945198,74.016798582585,18.36544946821582,16.363464515419338,0.44855239919995143,3.960168594048689,22.73221673369165,14.895272150945557,285.70954303930694,76.60418850023075,18.16522963734136,15.914627176801167,0.4459991456082851,3.9713473534227983,22.724976789722287,15.029552946305756,679.565048238786,3.428467167626384,3.5606501425180603,monthly,282.97589943865364,0.002808082385418964
Cauca,2018-05-25,2018-06-10,0.5023971299775987,0.3122755494277098,269.4296806184816,69.28941363174236,18.46857094170545,16.337490098561386,0.44642826646757566,3.9666149707618157,23.252396414606533,15.122963145039764,353.1753101442662,70.19941070561252,18.11717156116355,16.206780129351355,0.4488137777365163,3.950884538241548,22.263185361481792,14.971316665448867,326.3897380945198,74.016798582585,18.36544946821582,16.363464515419338,0.44855239919995143,3.960168594048689,22.73221673369165,14.895272150945557,622.6049907627478,3.428467167626384,3.5606501425180603,monthly,200.14026698673922,0.000728268945358046
Cauca,2018-06-10,2018-06-26,0.4943584300562619,0.3307319366948404,284.5520519293424,74.40815197763004,18.018209436396667,15.453662547974194,0.4421290950528366,3.9798227446678176,22.285430673594657,14.439234144620618,269.4296806184816,69.28941363174236,18.46857094170545,16.337490098561386,0.44642826646757566,3.9666149707618157,23.252396414606533,15.122963145039764,353.1753101442662,70.19941070561252,18.11717156116355,16.206780129351355,0.4488137777365163,3.950884538241548,22.263185361481792,14.971316665448867,553.981732547824,3.631215360510581,3.428467167626384,monthly,210.14389995171234,-0.0003094064789020967
Cauca,2018-06-26,2018-07-12,0.6305126742120799,0.3874304722980549,241.5128159387434,78.84395023715416,17.789824465296405,15.172242907051977,0.4404470804164017,3.974873941209179,22.49713098211685,13.90470150201627,284.5520519293424,74.40815197763004,18.018209436396667,15.453662547974194,0.4421290950528366,3.9798227446678176,22.285430673594657,14.439234144620618,269.4296806184816,69.28941363174236,18.46857094170545,16.337490098561386,0.44642826646757566,3.9666149707618157,23.252396414606533,15.122963145039764,526.0648678680858,3.631215360510581,3.428467167626384,monthly,162.66886570158923,0.0029915097294623827
Cauca,2018-07-12,2018-07-28,0.4626828256116825,0.2975539603935194,203.17401433691523,89.03520622233438,18.353747511918748,15.295081481498745,0.42843898750187237,3.9605592569871906,22.76070168978364,14.59604064047459,241.5128159387434,78.84395023715416,17.789824465296405,15.172242907051977,0.4404470804164017,3.974873941209179,22.49713098211685,13.90470150201627,284.5520519293424,74.40815197763004,18.018209436396667,15.453662547974194,0.4421290950528366,3.9798227446678176,22.285430673594657,14.439234144620618,444.6868302756586,3.4701302711424336,3.631215360510581,monthly,114.13880811458085,-0.005827566271775886
Cauca,2018-07-28,2018-08-13,0.5850257587727673,0.3757057728561963,240.9951025300694,94.89625284591233,18.161650798947463,14.917082023179628,0.4358579342526201,3.928723427683921,22.995574466193936,14.0165711914085,203.17401433691523,89.03520622233438,18.353747511918748,15.295081481498745,0.42843898750187237,3.9605592569871906,22.76070168978364,14.59604064047459,241.5128159387434,78.84395023715416,17.789824465296405,15.172242907051977,0.4404470804164017,3.974873941209179,22.49713098211685,13.90470150201627,444.1691168669846,3.4701302711424336,3.631215360510581,monthly,146.09884968415707,0.008624211270942483
Cauca,2018-08-13,2018-08-29,0.5345875281879782,0.3500863080065593,174.55546239264334,107.00749339257234,18.290736964550298,14.4895830872469,0.41362279929288026,3.9069408336301445,23.25792971823395,14.373422710551068,240.9951025300694,94.89625284591233,18.161650798947463,14.917082023179628,0.4358579342526201,3.928723427683921,22.995574466193936,14.0165711914085,203.17401433691523,89.03520622233438,18.353747511918748,15.295081481498745,0.42843898750187237,3.9605592569871906,22.76070168978364,14.59604064047459,415.55056492271274,3.487303345911958,3.4701302711424336,monthly,67.54796900007099,-0.0118384600660838
Cauca,2018-08-29,2018-09-14,0.554864014258686,0.3506254870563036,249.87371099131423,112.31473072021149,18.40999694503462,14.663769170782526,0.4121465064044665,3.904345525960367,23.33122968198242,14.744506883507658,174.55546239264334,107.00749339257234,18.290736964550298,14.4895830872469,0.41362279929288026,3.9069408336301445,23.25792971823395,14.373422710551068,240.9951025300694,94.89625284591233,18.161650798947463,14.917082023179628,0.4358579342526201,3.928723427683921,22.995574466193936,14.0165711914085,424.42917338395756,3.487303345911958,3.4701302711424336,monthly,137.55898027110274,-0.012594107901042595
Cauca,2018-09-14,2018-09-30,0.6193950896457945,0.4166159731801269,229.51465368097715,102.11328070662314,18.37581706889226,15.411254875020127,0.4303769597510865,3.905997852224383,23.433462507298696,14.226295983073824,249.87371099131423,112.31473072021149,18.40999694503462,14.663769170782526,0.4121465064044665,3.904345525960367,23.33122968198242,14.744506883507658,174.55546239264334,107.00749339257234,18.290736964550298,14.4895830872469,0.41362279929288026,3.9069408336301445,23.25792971823395,14.373422710551068,479.38836467229135,3.1059838735371064,3.487303345911958,monthly,127.401372974354,0.0015973287721348095
Cauca,2018-09-30,2018-10-16,0.6639879636092422,0.435401397142675,209.0424527180709,94.24801607431401,18.408368193076576,15.768053805109579,0.4358527904497226,3.913252467418305,23.456744429134435,14.964724312014807,229.51465368097715,102.11328070662314,18.37581706889226,15.411254875020127,0.4303769597510865,3.905997852224383,23.433462507298696,14.226295983073824,249.87371099131423,112.31473072021149,18.40999694503462,14.663769170782526,0.4121465064044665,3.904345525960367,23.33122968198242,14.744506883507658,438.55710639904805,3.1059838735371064,3.487303345911958,monthly,114.7944366437569,-0.0023728861069782226
Cauca,2018-10-16,2018-11-01,0.5564415683438712,0.3644026132446109,191.08183934539642,88.98949484453539,18.424956039190338,16.13976027845217,0.4404137068485837,3.925094907039089,22.77927554060542,15.43101560256522,209.0424527180709,94.24801607431401,18.408368193076576,15.768053805109579,0.4358527904497226,3.913252467418305,23.456744429134435,14.964724312014807,229.51465368097715,102.11328070662314,18.37581706889226,15.411254875020127,0.4303769597510865,3.905997852224383,23.433462507298696,14.226295983073824,400.12429206346735,3.864795657311528,3.1059838735371064,monthly,102.09234450086103,-0.0036900822548730505
Cauca,2018-11-01,2018-11-17,0.5030109239972629,0.3629634078336644,335.30077152506686,70.79119126764624,18.31678140938625,16.48391447867412,0.4478108230985681,3.9408495048496714,22.773816951132883,15.589847071869528,191.08183934539642,88.98949484453539,18.424956039190338,16.13976027845217,0.4404137068485837,3.925094907039089,22.77927554060542,15.43101560256522,209.0424527180709,94.24801607431401,18.408368193076576,15.768053805109579,0.4358527904497226,3.913252467418305,23.456744429134435,14.964724312014807,526.3826108704633,3.336014352422981,3.864795657311528,monthly,264.5095802574206,0.0011375940115058714
Cauca,2018-11-17,2018-12-03,0.5007574096686103,0.34165825415173,325.8000929163942,70.14834098754878,18.482456134281023,16.727149619876677,0.4481377576980994,3.9354767993760094,22.79161524736801,15.486267791042456,335.30077152506686,70.79119126764624,18.31678140938625,16.48391447867412,0.4478108230985681,3.9408495048496714,22.773816951132883,15.589847071869528,191.08183934539642,88.98949484453539,18.424956039190338,16.13976027845217,0.4404137068485837,3.925094907039089,22.77927554060542,15.43101560256522,661.100864441461,3.336014352422981,3.864795657311528,monthly,255.6517519288454,0.0011119343535435644
Cauca,2018-12-03,2018-12-19,0.6059977555094496,0.391695063494868,280.7065931406719,83.63998937141534,18.137142711586407,15.792197720277663,0.4419296632498336,3.917288124198164,22.70403630857688,14.761751174244342,325.8000929163942,70.14834098754878,18.482456134281023,16.727149619876677,0.4481377576980994,3.9354767993760094,22.79161524736801,15.486267791042456,335.30077152506686,70.79119126764624,18.31678140938625,16.48391447867412,0.4478108230985681,3.9408495048496714,22.773816951132883,15.589847071869528,606.5066860570661,3.955202617927087,3.336014352422981,monthly,197.06660376925655,-0.0028221855570958465
Cauca,2018-12-19,2019-01-01,0.6610234951270275,0.4246945368088081,134.40965937002932,81.0708124845662,18.553180702603854,15.581897115176535,0.42433300110403405,3.954311722318013,23.448516316192247,14.945918423880634,280.7065931406719,83.63998937141534,18.137142711586407,15.792197720277663,0.4419296632498336,3.917288124198164,22.70403630857688,14.761751174244342,325.8000929163942,70.14834098754878,18.482456134281023,16.727149619876677,0.4481377576980994,3.9354767993760094,22.79161524736801,15.486267791042456,415.1162525107012,3.955202617927087,3.336014352422981,monthly,53.33884688546311,-0.018938949982946485
Cauca,2019-01-01,2019-01-17,0.6894243831323447,0.4104581854694756,221.72797706074368,91.92819764986851,18.364457219203132,15.56550574719649,0.4226703170561585,4.019294821879716,24.204310838516943,13.779613688611782,134.40965937002932,81.0708124845662,18.553180702603854,15.581897115176535,0.42433300110403405,3.954311722318013,23.448516316192247,14.945918423880634,280.7065931406719,83.63998937141534,18.137142711586407,15.792197720277663,0.4419296632498336,3.917288124198164,22.70403630857688,14.761751174244342,356.137636430773,3.457488308963385,3.955202617927087,monthly,129.79977941087517,-0.014656972017641878
Cauca,2019-01-17,2019-02-02,0.5280518428456512,0.3276975133040099,177.40685360428375,90.41146947289627,18.819308822552294,16.32484923190824,0.4362729679732845,4.027123229487458,24.07437340134573,15.4616079843214,221.72797706074368,91.92819764986851,18.364457219203132,15.56550574719649,0.4226703170561585,4.019294821879716,24.204310838516943,13.779613688611782,134.40965937002932,81.0708124845662,18.553180702603854,15.581897115176535,0.42433300110403405,3.954311722318013,23.448516316192247,14.945918423880634,399.13483066502744,3.457488308963385,3.955202617927087,monthly,86.99538413138748,-0.00030820882913273895
Cauca,2019-02-02,2019-02-18,0.5534807870842138,0.3535904836130538,234.41079447613345,87.32965828702132,18.881433028168374,16.67288415837377,0.4441424609272727,3.990023639261449,23.35670586275185,15.44772003614228,177.40685360428375,90.41146947289627,18.819308822552294,16.32484923190824,0.4362729679732845,4.027123229487458,24.07437340134573,15.4616079843214,221.72797706074368,91.92819764986851,18.364457219203132,15.56550574719649,0.4226703170561585,4.019294821879716,24.204310838516943,13.779613688611782,411.8176480804172,3.178175785800693,3.457488308963385,monthly,147.08113618911213,0.0073305276283310294
Cauca,2019-02-18,2019-03-06,0.5918427111094419,0.3657692520036704,246.65792152249753,87.32373857492394,18.822088843876564,16.591691882499653,0.4465005207480972,3.9667838865098206,23.441473972032856,15.81555522415754,234.41079447613345,87.32965828702132,18.881433028168374,16.67288415837377,0.4441424609272727,3.990023639261449,23.35670586275185,15.44772003614228,177.40685360428375,90.41146947289627,18.819308822552294,16.32484923190824,0.4362729679732845,4.027123229487458,24.07437340134573,15.4616079843214,481.068715998631,3.178175785800693,3.457488308963385,monthly,159.3341829475736,0.004475099686659156
Cauca,2019-03-06,2019-03-22,0.4299522715171008,0.318942347960195,235.27763862931772,84.33733855658878,19.00028164172008,16.785650802663277,0.4448143029590364,3.9536970600673036,23.59232448433053,15.411801331626128,246.65792152249753,87.32373857492394,18.822088843876564,16.591691882499653,0.4465005207480972,3.9667838865098206,23.441473972032856,15.81555522415754,234.41079447613345,87.32965828702132,18.881433028168374,16.67288415837377,0.4441424609272727,3.990023639261449,23.35670586275185,15.44772003614228,481.93556015181525,3.37270810512092,3.178175785800693,monthly,150.94030007272895,0.00109811183134928
Cauca,2019-03-22,2019-04-07,0.535996746570482,0.3694105851622458,324.71159801049936,79.58000362432051,18.884126354667085,16.952148567705848,0.44818015482751694,3.961533772785018,23.66448534673249,15.92830437537376,235.27763862931772,84.33733855658878,19.00028164172008,16.785650802663277,0.4448143029590364,3.9536970600673036,23.59232448433053,15.411801331626128,246.65792152249753,87.32373857492394,18.822088843876564,16.591691882499653,0.4465005207480972,3.9667838865098206,23.441473972032856,15.81555522415754,559.9892366398171,3.37270810512092,3.178175785800693,monthly,245.13159438617885,0.003049815400468392
Cauca,2019-04-07,2019-04-23,0.5378520155400831,0.3275455672995839,369.53693221961674,79.95589769121204,18.851459917617028,16.802757381913644,0.447052854441249,3.9713473534227983,23.68171049241208,15.595227440783002,324.71159801049936,79.58000362432051,18.884126354667085,16.952148567705848,0.44818015482751694,3.961533772785018,23.66448534673249,15.92830437537376,235.27763862931772,84.33733855658878,19.00028164172008,16.785650802663277,0.4448143029590364,3.9536970600673036,23.59232448433053,15.411801331626128,694.2485302301161,3.447929054370507,3.37270810512092,monthly,289.5810345284047,0.001195066274758183
Cauca,2019-04-23,2019-05-09,0.5715316746143239,0.3773266246162383,236.3271709686257,83.7407984250254,19.234922143980768,16.670336224703533,0.4392526720349345,3.960168594048689,23.828218344271782,15.76172389094752,369.53693221961674,79.95589769121204,18.851459917617028,16.802757381913644,0.447052854441249,3.9713473534227983,23.68171049241208,15.595227440783002,324.71159801049936,79.58000362432051,18.884126354667085,16.952148567705848,0.44818015482751694,3.961533772785018,23.66448534673249,15.92830437537376,605.8641031882424,3.447929054370507,3.37270810512092,monthly,152.5863725436003,-0.007586761355110494
Cauca,2019-05-09,2019-05-25,0.5655391034460524,0.3683368913671323,320.57443157349826,75.17560236655508,18.643267025925113,16.564244745366324,0.4484916842144817,3.950884538241548,23.03041997769516,15.93325447180099,236.3271709686257,83.7407984250254,19.234922143980768,16.670336224703533,0.4392526720349345,3.960168594048689,23.828218344271782,15.76172389094752,369.53693221961674,79.95589769121204,18.851459917617028,16.802757381913644,0.447052854441249,3.9713473534227983,23.68171049241208,15.595227440783002,556.901602542124,3.4091259117354884,3.447929054370507,monthly,245.39882920694316,0.0024859888633843585
Cauca,2019-05-25,2019-06-10,0.647077666310313,0.4177496960625572,322.70661317984093,75.60770965345739,18.543785783947527,16.360994295594793,0.44662280581838304,3.9666149707618157,22.80057494508918,14.894368837528472,320.57443157349826,75.17560236655508,18.643267025925113,16.564244745366324,0.4484916842144817,3.950884538241548,23.03041997769516,15.93325447180099,236.3271709686257,83.7407984250254,19.234922143980768,16.670336224703533,0.4392526720349345,3.960168594048689,23.828218344271782,15.76172389094752,643.2810447533392,3.4091259117354884,3.447929054370507,monthly,247.09890352638354,0.0009228082961654227
Cauca,2019-06-10,2019-06-26,0.5151878773977437,0.3395435398461751,287.19413409716645,70.7790989914705,18.598681580010478,16.21366534126745,0.444824417852745,3.9798227446678176,22.654543377881723,15.835285948660369,322.70661317984093,75.60770965345739,18.543785783947527,16.360994295594793,0.44662280581838304,3.9666149707618157,22.80057494508918,14.894368837528472,320.57443157349826,75.17560236655508,18.643267025925113,16.564244745366324,0.4484916842144817,3.950884538241548,23.03041997769516,15.93325447180099,609.9007472770074,3.7578154387312073,3.4091259117354884,monthly,216.41503510569595,0.0023859163210063206
Cauca,2019-06-26,2019-07-12,0.5943150724841451,0.3923477601090767,231.83776951573344,89.13528799674788,18.523932043261066,15.692144516303768,0.4399863402153494,3.974873941209179,23.45437469874401,14.568322260965616,287.19413409716645,70.7790989914705,18.598681580010478,16.21366534126745,0.444824417852745,3.9798227446678176,22.654543377881723,15.835285948660369,322.70661317984093,75.60770965345739,18.543785783947527,16.360994295594793,0.44662280581838304,3.9666149707618157,22.80057494508918,14.894368837528472,519.0319036128999,3.7578154387312073,3.4091259117354884,monthly,142.70248151898556,0.0025307695284100817
Cauca,2019-07-12,2019-07-28,0.5349477892123645,0.3413838924576315,232.21379934733133,84.24644007273383,18.172013990831392,15.218496322927514,0.43525551876429563,3.9605592569871906,23.062634848350427,15.085331763403854,231.83776951573344,89.13528799674788,18.523932043261066,15.692144516303768,0.4399863402153494,3.974873941209179,23.45437469874401,14.568322260965616,287.19413409716645,70.7790989914705,18.598681580010478,16.21366534126745,0.444824417852745,3.9798227446678176,22.654543377881723,15.835285948660369,464.05156886306474,3.5682609036324164,3.7578154387312073,monthly,147.9673592745975,0.0009889649906473785
Cauca,2019-07-28,2019-08-13,0.5074976315678295,0.3365425260004234,178.51734020928373,115.01726537009768,18.63943344805302,14.478557946120333,0.41595203225111405,3.928723427683921,23.525116886555946,14.50663550231706,232.21379934733133,84.24644007273383,18.172013990831392,15.218496322927514,0.43525551876429563,3.9605592569871906,23.062634848350427,15.085331763403854,231.83776951573344,89.13528799674788,18.523932043261066,15.692144516303768,0.4399863402153494,3.974873941209179,23.45437469874401,14.568322260965616,410.73113955661506,3.5682609036324164,3.7578154387312073,monthly,63.500074839186055,-0.011281690730563565
Cauca,2019-08-13,2019-08-29,0.5885676296138312,0.3758993693549574,149.97172458733155,126.15143386841125,18.728064030092483,13.785094163254088,0.3883544614062898,3.9069408336301445,24.083168636684977,14.425242944064012,178.51734020928373,115.01726537009768,18.63943344805302,14.478557946120333,0.41595203225111405,3.928723427683921,23.525116886555946,14.50663550231706,232.21379934733133,84.24644007273383,18.172013990831392,15.218496322927514,0.43525551876429563,3.9605592569871906,23.062634848350427,15.085331763403854,328.48906479661525,3.318840618429933,3.5682609036324164,monthly,23.820290718920305,-0.03710679795267424
Cauca,2019-08-29,2019-09-14,0.533427668523475,0.3565943962979074,158.97360626437808,124.6631395486044,18.991033657457315,14.461264579439657,0.37666766596462287,3.904345525960367,24.23619039711325,14.32448366181138,149.97172458733155,126.15143386841125,18.728064030092483,13.785094163254088,0.3883544614062898,3.9069408336301445,24.083168636684977,14.425242944064012,178.51734020928373,115.01726537009768,18.63943344805302,14.478557946120333,0.41595203225111405,3.928723427683921,23.525116886555946,14.50663550231706,308.9453308517096,3.318840618429933,3.5682609036324164,monthly,34.31046671577367,-0.04807294834088621
Cauca,2019-09-14,2019-09-30,0.4018100207018411,0.2706754791982518,292.0670631384291,100.32281120557789,18.509063267227084,15.317067708749349,0.4172422595218619,3.905997852224383,23.729163685244952,14.992569319176656,158.97360626437808,124.6631395486044,18.991033657457315,14.461264579439657,0.37666766596462287,3.904345525960367,24.23619039711325,14.32448366181138,149.97172458733155,126.15143386841125,18.728064030092483,13.785094163254088,0.3883544614062898,3.9069408336301445,24.083168636684977,14.425242944064012,451.04066940280717,2.8695122829841537,3.318840618429933,monthly,191.7442519328512,-0.011537371457089773
Cauca,2019-09-30,2019-10-16,0.5330391983553906,0.3274109963271071,350.29813481907917,92.61972498705668,18.126296529416926,15.42239382634122,0.43553750888037224,3.913252467418305,23.07901140871547,14.449701462334756,292.0670631384291,100.32281120557789,18.509063267227084,15.317067708749349,0.4172422595218619,3.905997852224383,23.729163685244952,14.992569319176656,158.97360626437808,124.6631395486044,18.991033657457315,14.461264579439657,0.37666766596462287,3.904345525960367,24.23619039711325,14.32448366181138,642.3651979575083,2.8695122829841537,3.318840618429933,monthly,257.67840983202245,-0.002688167676328568
Cauca,2019-10-16,2019-11-01,0.4550279938282752,0.3120020950738015,405.0226072963295,79.52191999643975,18.044455421177936,15.824596353462875,0.4440276394239511,3.925094907039089,23.072036331860403,14.895391054084012,350.29813481907917,92.61972498705668,18.126296529416926,15.42239382634122,0.43553750888037224,3.913252467418305,23.07901140871547,14.449701462334756,292.0670631384291,100.32281120557789,18.509063267227084,15.317067708749349,0.4172422595218619,3.905997852224383,23.729163685244952,14.992569319176656,755.3207421154086,3.2111952411038924,2.8695122829841537,monthly,325.50068729988976,-7.614967950564377e-05
Cauca,2019-11-01,2019-11-17,0.5561515814252502,0.3638480208609687,400.7390185357282,69.68256214324022,18.27526283174657,16.46795869969938,0.4469429528469684,3.9408495048496714,22.86219105213568,15.47230064134842,405.0226072963295,79.52191999643975,18.044455421177936,15.824596353462875,0.4440276394239511,3.925094907039089,23.072036331860403,14.895391054084012,350.29813481907917,92.61972498705668,18.126296529416926,15.42239382634122,0.43553750888037224,3.913252467418305,23.07901140871547,14.449701462334756,805.7616258320577,3.601095485828115,3.2111952411038924,monthly,331.056456392488,0.0002697237599061375
Cauca,2019-11-17,2019-12-03,0.5134394938637722,0.3526044906575279,226.92336003496953,82.90022029343837,18.42114273654123,16.23449211625463,0.4430592652023123,3.9354767993760094,23.121669756163296,14.92697508638548,400.7390185357282,69.68256214324022,18.27526283174657,16.46795869969938,0.4469429528469684,3.9408495048496714,22.86219105213568,15.47230064134842,405.0226072963295,79.52191999643975,18.044455421177936,15.824596353462875,0.4440276394239511,3.925094907039089,23.072036331860403,14.895391054084012,627.6623785706977,3.601095485828115,3.2111952411038924,monthly,144.02313974153117,-0.003966558142243504
Cauca,2019-12-03,2019-12-19,0.5166938413056713,0.347673533361592,309.3027451509308,71.75625958431527,18.08886883687275,16.173941703836448,0.44668006496364354,3.917288124198164,22.62495898594788,15.07264715173688,226.92336003496953,82.90022029343837,18.42114273654123,16.23449211625463,0.4430592652023123,3.9354767993760094,23.121669756163296,14.92697508638548,400.7390185357282,69.68256214324022,18.27526283174657,16.46795869969938,0.4469429528469684,3.9408495048496714,22.86219105213568,15.47230064134842,536.2261051859003,3.365496506158073,3.601095485828115,monthly,237.5464855666155,0.0019282161567140688
Cauca,2019-12-19,2020-01-01,0.5522572107780283,0.3613776317545875,217.65960716683813,65.51394274405504,18.790642582133106,16.607057327098058,0.4436636350902292,3.954311722318013,23.242846740473983,15.407957069417757,309.3027451509308,71.75625958431527,18.08886883687275,16.173941703836448,0.44668006496364354,3.917288124198164,22.62495898594788,15.07264715173688,226.92336003496953,82.90022029343837,18.42114273654123,16.23449211625463,0.4430592652023123,3.9354767993760094,23.121669756163296,14.92697508638548,526.9623523177689,3.365496506158073,3.601095485828115,monthly,152.14566442278309,0.00039168400324868236
Cauca,2020-01-01,2020-01-17,0.7021391489304172,0.4180483478440419,183.31447131639686,108.76714681318613,18.871328765323682,15.733709846929612,0.41981985533097266,4.019294821879716,23.89150901994428,14.873246414722006,217.65960716683813,65.51394274405504,18.790642582133106,16.607057327098058,0.4436636350902292,3.954311722318013,23.242846740473983,15.407957069417757,309.3027451509308,71.75625958431527,18.08886883687275,16.173941703836448,0.44668006496364354,3.917288124198164,22.62495898594788,15.07264715173688,400.97407848323496,3.8139248211980807,3.365496506158073,monthly,74.54732450321073,-0.017507433742827705
Cauca,2020-01-17,2020-02-02,0.6202729445351076,0.3975611152659604,251.71826545972147,91.10763869164468,18.94481216417001,16.413180178331608,0.4300353370101828,4.027123229487458,24.44602371759048,15.505952406309827,183.31447131639686,108.76714681318613,18.871328765323682,15.733709846929612,0.41981985533097266,4.019294821879716,23.89150901994428,14.873246414722006,217.65960716683813,65.51394274405504,18.790642582133106,16.607057327098058,0.4436636350902292,3.954311722318013,23.242846740473983,15.407957069417757,435.0327367761183,3.8139248211980807,3.365496506158073,monthly,160.61062676807677,-0.0065458397922344425
Cauca,2020-02-02,2020-02-18,0.7371291709891395,0.484427337522176,172.77968725062792,114.03887672721194,19.195838405423107,15.877386863907244,0.41558720037503494,3.9900292368451513,24.47764808605847,14.327998110854615,251.71826545972147,91.10763869164468,18.94481216417001,16.413180178331608,0.4300353370101828,4.027123229487458,24.44602371759048,15.505952406309827,183.31447131639686,108.76714681318613,18.871328765323682,15.733709846929612,0.41981985533097266,4.019294821879716,23.89150901994428,14.873246414722006,424.4979527103494,3.5630178394295537,3.8139248211980807,monthly,58.74081052341597,-0.021224732923906753
Cauca,2020-02-18,2020-03-05,0.5439094285785894,0.3582207207948495,272.1562623609878,88.66478186922654,19.106436782169318,16.836937048063184,0.4366517934708596,3.9671307103022357,24.73865685857689,15.725462542240336,172.77968725062792,114.03887672721194,19.195838405423107,15.877386863907244,0.41558720037503494,3.9900292368451513,24.47764808605847,14.327998110854615,251.71826545972147,91.10763869164468,18.94481216417001,16.413180178331608,0.4300353370101828,4.027123229487458,24.44602371759048,15.505952406309827,444.9359496116157,3.5630178394295537,3.8139248211980807,monthly,183.49148049176125,-0.005373627590578467
Cauca,2020-03-05,2020-03-21,0.4877451359404272,0.3196606123284678,288.2641555192033,88.3283198611091,18.98973476355059,16.800592206546085,0.4422134668462927,3.9538856527964246,23.568932327271188,16.096212185440027,272.1562623609878,88.66478186922654,19.106436782169318,16.836937048063184,0.4366517934708596,3.9671307103022357,24.73865685857689,15.725462542240336,172.77968725062792,114.03887672721194,19.195838405423107,15.877386863907244,0.41558720037503494,3.9900292368451513,24.47764808605847,14.327998110854615,560.420417880191,3.495219561978594,3.5630178394295537,monthly,199.93583565809422,-0.0015027242813944186
Cauca,2020-03-21,2020-04-06,0.6689951181418807,0.4445190885983229,157.47199938895852,96.28219988752272,18.85606065081109,16.338760225848,0.4380003331355373,3.960731135590456,23.60479459173212,13.926127507063748,288.2641555192033,88.3283198611091,18.98973476355059,16.800592206546085,0.4422134668462927,3.9538856527964246,23.568932327271188,16.096212185440027,272.1562623609878,88.66478186922654,19.106436782169318,16.836937048063184,0.4366517934708596,3.9671307103022357,24.73865685857689,15.725462542240336,445.73615490816184,3.495219561978594,3.5630178394295537,monthly,61.1897995014358,-0.007130006291511226
Cauca,2020-04-06,2020-04-22,0.5831861545242135,0.3748503644907755,261.5926122134426,78.87149853440084,18.736187878251762,16.691937986515583,0.4470788107284994,3.971305345026644,23.55523310658717,14.939869564941317,157.47199938895852,96.28219988752272,18.85606065081109,16.338760225848,0.4380003331355373,3.960731135590456,23.60479459173212,13.926127507063748,288.2641555192033,88.3283198611091,18.98973476355059,16.800592206546085,0.4422134668462927,3.9538856527964246,23.568932327271188,16.096212185440027,419.0646116024011,3.6368783611100968,3.495219561978594,monthly,182.72111367904174,0.0012210225620086224
Cauca,2020-04-22,2020-05-08,0.5514908186284421,0.3696206406878302,380.55461984238644,78.46229281353871,18.82487609206687,16.7597183468473,0.4451810507698911,3.961116572732836,23.066387197046097,15.274736518865463,261.5926122134426,78.87149853440084,18.736187878251762,16.691937986515583,0.4470788107284994,3.971305345026644,23.55523310658717,14.939869564941317,157.47199938895852,96.28219988752272,18.85606065081109,16.338760225848,0.4380003331355373,3.960731135590456,23.60479459173212,13.926127507063748,642.147232055829,3.6368783611100968,3.495219561978594,monthly,302.09232702884776,-0.0016583826201538865
Cauca,2020-05-08,2020-05-24,0.5906175972916449,0.3631375768457237,302.9183989875504,76.61113153518863,18.980142845585974,16.828676597506092,0.4457130322351759,3.95065241617293,23.62561612561657,15.142015848648049,380.55461984238644,78.46229281353871,18.82487609206687,16.7597183468473,0.4451810507698911,3.961116572732836,23.066387197046097,15.274736518865463,261.5926122134426,78.87149853440084,18.736187878251762,16.691937986515583,0.4470788107284994,3.971305345026644,23.55523310658717,14.939869564941317,683.4730188299368,3.617142909938024,3.6368783611100968,monthly,226.30726745236177,-0.00029266311592146543
Cauca,2020-05-24,2020-06-09,0.6569219695546815,0.4092403908989018,320.25546463565325,70.14730106744855,18.45550143876069,16.346000400728826,0.4452619748774618,3.965457085132247,23.2325973694005,15.05499563153668,302.9183989875504,76.61113153518863,18.980142845585974,16.828676597506092,0.4457130322351759,3.95065241617293,23.62561612561657,15.142015848648049,380.55461984238644,78.46229281353871,18.82487609206687,16.7597183468473,0.4451810507698911,3.961116572732836,23.066387197046097,15.274736518865463,623.1738636232037,3.617142909938024,3.6368783611100968,monthly,250.1081635682047,-0.0004380226447558422
Cauca,2020-06-09,2020-06-25,0.6480948144077437,0.4141685914215169,327.44765609956255,74.12251414869401,18.275675643131255,16.047565279928286,0.4436553843490331,3.9796353668121807,22.31487335331911,14.89307586791818,320.25546463565325,70.14730106744855,18.45550143876069,16.346000400728826,0.4452619748774618,3.965457085132247,23.2325973694005,15.05499563153668,302.9183989875504,76.61113153518863,18.980142845585974,16.828676597506092,0.4457130322351759,3.95065241617293,23.62561612561657,15.142015848648049,647.7031207352159,3.709863135101278,3.617142909938024,monthly,253.32514195086856,0.001216882817294429
Cauca,2020-06-25,2020-07-11,0.5356198499190368,0.341027944199916,337.0576381623408,72.6977661440408,17.984060262794703,15.934974604690977,0.4467061764630894,3.9752765559901717,22.802417034709336,15.245382626318642,327.44765609956255,74.12251414869401,18.275675643131255,16.047565279928286,0.4436553843490331,3.9796353668121807,22.31487335331911,14.89307586791818,320.25546463565325,70.14730106744855,18.45550143876069,16.346000400728826,0.4452619748774618,3.965457085132247,23.2325973694005,15.05499563153668,664.5052942619034,3.709863135101278,3.617142909938024,monthly,264.35987201830005,0.009250605776150111
Cauca,2020-07-11,2020-07-27,0.6494565769297679,0.3916659968004639,265.6627625267319,83.75600245478056,17.9203143373304,15.317403319362482,0.43850990537393375,3.962177083011067,22.517742614019664,13.891682715419314,337.0576381623408,72.6977661440408,17.984060262794703,15.934974604690977,0.4467061764630894,3.9752765559901717,22.802417034709336,15.245382626318642,327.44765609956255,74.12251414869401,18.275675643131255,16.047565279928286,0.4436553843490331,3.9796353668121807,22.31487335331911,14.89307586791818,602.7204006890727,3.611908153885536,3.709863135101278,monthly,181.90676007195134,0.004243351600285494
Cauca,2020-07-27,2020-08-12,0.5778755971505357,0.3581423386866413,163.37156754093803,105.33808002321629,18.41135648908342,14.763499418128752,0.4224599015958093,3.930752155954042,23.65459344336557,14.371915462418386,265.6627625267319,83.75600245478056,17.9203143373304,15.317403319362482,0.43850990537393375,3.962177083011067,22.517742614019664,13.891682715419314,337.0576381623408,72.6977661440408,17.984060262794703,15.934974604690977,0.4467061764630894,3.9752765559901717,22.802417034709336,15.245382626318642,429.03433006766994,3.611908153885536,3.709863135101278,monthly,58.03348751772174,-0.004773821385868293
Cauca,2020-08-12,2020-08-28,0.520784498242388,0.3212576572006314,251.57713347873033,85.22603676724528,18.107747091278718,15.834009413868767,0.4396415195968988,3.9074397029357404,23.152671081593084,14.74351557999091,163.37156754093803,105.33808002321629,18.41135648908342,14.763499418128752,0.4224599015958093,3.930752155954042,23.65459344336557,14.371915462418386,265.6627625267319,83.75600245478056,17.9203143373304,15.317403319362482,0.43850990537393375,3.962177083011067,22.517742614019664,13.891682715419314,414.94870101966836,3.675807299288601,3.611908153885536,monthly,166.35109671148507,0.014180260237934728
Cauca,2020-08-28,2020-09-13,0.6488217799949332,0.3977332799176925,233.29936952962188,99.59268268488017,18.093543948190117,15.277463411203726,0.43801010802792806,3.9044845074065018,22.932776645734705,13.253739010117394,251.57713347873033,85.22603676724528,18.107747091278718,15.834009413868767,0.4396415195968988,3.9074397029357404,23.152671081593084,14.74351557999091,163.37156754093803,105.33808002321629,18.41135648908342,14.763499418128752,0.4224599015958093,3.930752155954042,23.65459344336557,14.371915462418386,484.8765030083522,3.675807299288601,3.611908153885536,monthly,133.7066868447417,0.013269493722418979
Cauca,2020-09-13,2020-09-29,0.6242789164688995,0.4292492958984541,277.5087167715391,99.84627040107459,18.297181561274133,15.5197778401818,0.4348802191139758,3.9056181417496507,23.59997605954636,14.377471643250068,233.29936952962188,99.59268268488017,18.093543948190117,15.277463411203726,0.43801010802792806,3.9044845074065018,22.932776645734705,13.253739010117394,251.57713347873033,85.22603676724528,18.107747091278718,15.834009413868767,0.4396415195968988,3.9074397029357404,23.152671081593084,14.74351557999091,510.808086301161,3.4172975872754106,3.675807299288601,monthly,177.66244637046452,0.006100588135024121
Cauca,2020-09-29,2020-10-15,0.5598839980776928,0.3985234325448287,227.13883704592945,101.80088621121735,18.240272985340198,15.106002879342025,0.43211875436682856,3.9127967267113832,23.86483997570053,14.548470242706138,277.5087167715391,99.84627040107459,18.297181561274133,15.5197778401818,0.4348802191139758,3.9056181417496507,23.59997605954636,14.377471643250068,233.29936952962188,99.59268268488017,18.093543948190117,15.277463411203726,0.43801010802792806,3.9044845074065018,22.932776645734705,13.253739010117394,504.6475538174686,3.4172975872754106,3.675807299288601,monthly,125.3379508347121,-0.006106922189872244
Cauca,2020-10-15,2020-10-31,0.6088687252028453,0.3762445240663895,313.6584151171586,84.18364625048824,18.392905752378372,16.003712223345097,0.43843980097145485,3.9241031378291034,22.683731187212,15.416663457654892,227.13883704592945,101.80088621121735,18.240272985340198,15.106002879342025,0.43211875436682856,3.9127967267113832,23.86483997570053,14.548470242706138,277.5087167715391,99.84627040107459,18.297181561274133,15.5197778401818,0.4348802191139758,3.9056181417496507,23.59997605954636,14.377471643250068,540.797252163088,3.394502302197872,3.4172975872754106,monthly,229.47476886667036,-0.005663988132001918
Cauca,2020-10-31,2020-11-16,0.6136686485651578,0.3952938116066236,182.5487152159755,97.81286302377924,18.367676573316743,15.910255499175886,0.437259693427161,3.9399913440992833,23.38183346639426,14.962733196523082,313.6584151171586,84.18364625048824,18.392905752378372,16.003712223345097,0.43843980097145485,3.9241031378291034,22.683731187212,15.416663457654892,227.13883704592945,101.80088621121735,18.240272985340198,15.106002879342025,0.43211875436682856,3.9127967267113832,23.86483997570053,14.548470242706138,496.2071303331341,3.394502302197872,3.4172975872754106,monthly,84.73585219219626,-0.009413535659901273
Cauca,2020-11-16,2020-12-02,0.4680966685460149,0.3088394364793335,293.25363677493226,80.34552545020352,18.209475439011243,16.22344961510739,0.44655922709559714,3.936746673059302,22.23177695947803,15.120654786983495,182.5487152159755,97.81286302377924,18.367676573316743,15.910255499175886,0.437259693427161,3.9399913440992833,23.38183346639426,14.962733196523082,313.6584151171586,84.18364625048824,18.392905752378372,16.003712223345097,0.43843980097145485,3.9241031378291034,22.683731187212,15.416663457654892,475.80235199090777,3.274487337228882,3.394502302197872,monthly,212.90811132472874,-0.0004665962489586728
Cauca,2020-12-02,2020-12-18,0.524860010767433,0.3389413915909082,362.99868319510676,76.66010063153055,17.974841581720774,15.978878906634916,0.44552816358707376,3.9174885857707493,22.30630268709872,14.66931762912842,293.25363677493226,80.34552545020352,18.209475439011243,16.22344961510739,0.44655922709559714,3.936746673059302,22.23177695947803,15.120654786983495,182.5487152159755,97.81286302377924,18.367676573316743,15.910255499175886,0.437259693427161,3.9399913440992833,23.38183346639426,14.962733196523082,656.252319970039,2.96751060879462,3.274487337228882,monthly,286.3385825635762,0.0007763147801442827
Cauca,2020-12-18,2021-01-01,0.5602702402317238,0.353354047642886,341.40863505368054,58.207716989775804,17.590861798387184,15.813053058836962,0.44795930438001835,3.952056897762947,21.90928992104084,14.89833628788754,362.99868319510676,76.66010063153055,17.974841581720774,15.978878906634916,0.44552816358707376,3.9174885857707493,22.30630268709872,14.66931762912842,293.25363677493226,80.34552545020352,18.209475439011243,16.22344961510739,0.44655922709559714,3.936746673059302,22.23177695947803,15.120654786983495,704.4073182487873,2.96751060879462,3.274487337228882,monthly,283.20091806390474,0.0046873532930378214
Cauca,2021-01-01,2021-01-17,0.5322725814194897,0.3556658002201005,356.67008927390054,75.60330183253845,17.66672705007784,15.69304534035507,0.4461198496979618,4.019294821879716,22.45870676547423,14.626893433589071,341.40863505368054,58.207716989775804,17.590861798387184,15.813053058836962,0.44795930438001835,3.952056897762947,21.90928992104084,14.89833628788754,362.99868319510676,76.66010063153055,17.974841581720774,15.978878906634916,0.44552816358707376,3.9174885857707493,22.30630268709872,14.66931762912842,698.0787243275811,3.1550790928548795,2.96751060879462,monthly,281.06678744136207,0.00879256062416145
Cauca,2021-01-17,2021-02-02,0.6822375910228743,0.4206673352178419,231.26223410761128,97.75862264472127,18.219414431012183,15.472823227080879,0.4290091352011838,4.027123229487458,23.36224778688809,14.662140970972828,356.67008927390054,75.60330183253845,17.66672705007784,15.69304534035507,0.4461198496979618,4.019294821879716,22.45870676547423,14.626893433589071,341.40863505368054,58.207716989775804,17.590861798387184,15.813053058836962,0.44795930438001835,3.952056897762947,21.90928992104084,14.89833628788754,587.9323233815119,3.1550790928548795,2.96751060879462,monthly,133.50361146289,-0.007572041601233481
Cauca,2021-02-02,2021-02-18,0.5440440748481351,0.3602575924221695,262.80831236554513,78.43675697108992,18.389869606152097,16.25985790872759,0.4386148321438793,3.990023639261449,22.57472351742423,15.105289808832522,231.26223410761128,97.75862264472127,18.219414431012183,15.472823227080879,0.4290091352011838,4.027123229487458,23.36224778688809,14.662140970972828,356.67008927390054,75.60330183253845,17.66672705007784,15.69304534035507,0.4461198496979618,4.019294821879716,22.45870676547423,14.626893433589071,494.0705464731564,3.4494299742287926,3.1550790928548795,monthly,184.3715553944552,0.001802898844937617
Cauca,2021-02-18,2021-03-06,0.5239717997003919,0.3469092162308678,274.2104001025688,76.94720463678719,18.14679778734064,16.235439579609334,0.44795687826358305,3.9667838865098206,22.805299206184632,15.19740332407375,262.80831236554513,78.43675697108992,18.389869606152097,16.25985790872759,0.4386148321438793,3.990023639261449,22.57472351742423,15.105289808832522,231.26223410761128,97.75862264472127,18.219414431012183,15.472823227080879,0.4290091352011838,4.027123229487458,23.36224778688809,14.662140970972828,537.018712468114,3.4494299742287926,3.1550790928548795,monthly,197.26319546578162,0.005931457202144996
Cauca,2021-03-06,2021-03-22,0.5813023336725104,0.4220122279890809,262.59445900177604,77.29606278999333,17.96005900304622,15.909256195255693,0.4493318187971823,3.9536970600673036,22.24141083245946,14.566373695358202,274.2104001025688,76.94720463678719,18.14679778734064,16.235439579609334,0.44795687826358305,3.9667838865098206,22.805299206184632,15.19740332407375,262.80831236554513,78.43675697108992,18.389869606152097,16.25985790872759,0.4386148321438793,3.990023639261449,22.57472351742423,15.105289808832522,536.8048591043448,3.2162547193248745,3.4494299742287926,monthly,185.29839621178272,0.005615627669495193
Cauca,2021-03-22,2021-04-07,0.5098341436996119,0.3411741520291845,353.23404045362076,68.31390891698265,18.23360554105013,16.254260072029155,0.4485257570553911,3.961533772785018,22.49722699635345,15.130370817276374,262.59445900177604,77.29606278999333,17.96005900304622,15.909256195255693,0.4493318187971823,3.9536970600673036,22.24141083245946,14.566373695358202,274.2104001025688,76.94720463678719,18.14679778734064,16.235439579609334,0.44795687826358305,3.9667838865098206,22.805299206184632,15.19740332407375,615.8284994553968,3.2162547193248745,3.4494299742287926,monthly,284.9201315366381,0.0033954176283425563
Cauca,2021-04-07,2021-04-23,0.5403745924422456,0.3813988089114994,286.63299487197384,81.7914423040211,18.44477790950927,16.16288079849234,0.4448363348108896,3.9713473534227983,23.2004516778874,14.86561495053804,353.23404045362076,68.31390891698265,18.23360554105013,16.254260072029155,0.4485257570553911,3.961533772785018,22.49722699635345,15.130370817276374,262.59445900177604,77.29606278999333,17.96005900304622,15.909256195255693,0.4493318187971823,3.9536970600673036,22.24141083245946,14.566373695358202,639.8670353255945,3.518128995104836,3.2162547193248745,monthly,204.84155256795273,-0.0010214533556012206
Cauca,2021-04-23,2021-05-09,0.5799926019279462,0.3966156000919034,335.49822436610526,74.92963456244411,18.109648840443427,16.1794354053917,0.4471468790591433,3.960168594048689,22.723228323310103,14.63280438696134,286.63299487197384,81.7914423040211,18.44477790950927,16.16288079849234,0.4448363348108896,3.9713473534227983,23.2004516778874,14.86561495053804,353.23404045362076,68.31390891698265,18.23360554105013,16.254260072029155,0.4485257570553911,3.961533772785018,22.49722699635345,15.130370817276374,622.1312192380791,3.518128995104836,3.2162547193248745,monthly,260.56858980366115,0.00030744566909829407
Cauca,2021-05-09,2021-05-25,0.513897351504901,0.3475206354203626,340.4030730787714,75.30539878172769,18.559065441419204,16.500163537607033,0.4465289286068084,3.950884538241548,23.05951632951353,14.515155267599331,335.49822436610526,74.92963456244411,18.109648840443427,16.1794354053917,0.4471468790591433,3.960168594048689,22.723228323310103,14.63280438696134,286.63299487197384,81.7914423040211,18.44477790950927,16.16288079849234,0.4448363348108896,3.9713473534227983,23.2004516778874,14.86561495053804,675.9012974448767,3.84316097385208,3.518128995104836,monthly,265.0976742970437,0.0005232332557110198
Cauca,2021-05-25,2021-06-10,0.6076323451278862,0.3952627673762942,350.6406184963399,65.08016346842592,18.251453025058602,16.46252931407701,0.44888286306708625,3.9666149707618157,21.964229341589903,15.207111805110856,340.4030730787714,75.30539878172769,18.559065441419204,16.500163537607033,0.4465289286068084,3.950884538241548,23.05951632951353,14.515155267599331,335.49822436610526,74.92963456244411,18.109648840443427,16.1794354053917,0.4471468790591433,3.960168594048689,22.723228323310103,14.63280438696134,691.0436915751113,3.84316097385208,3.518128995104836,monthly,285.56045502791403,0.0031828655448686294
Cauca,2021-06-10,2021-06-26,0.6881221072576614,0.4194089422105796,324.6717811204705,69.14482241491154,17.850318606744274,15.772794212487877,0.4475706231609637,3.9798227446678176,22.14858876273833,14.487003821726852,350.6406184963399,65.08016346842592,18.251453025058602,16.46252931407701,0.44888286306708625,3.9666149707618157,21.964229341589903,15.207111805110856,340.4030730787714,75.30539878172769,18.559065441419204,16.500163537607033,0.4465289286068084,3.950884538241548,23.05951632951353,14.515155267599331,675.3123996168104,3.5213345328822707,3.84316097385208,monthly,255.52695870555894,0.005132121629224995
Cauca,2021-06-26,2021-07-12,0.6371624651321959,0.3849644591184928,209.13464398277165,89.03923934978435,17.806987111385894,14.913188072072023,0.4340266469921299,3.974873941209179,22.668034451222702,13.909238125134316,324.6717811204705,69.14482241491154,17.850318606744274,15.772794212487877,0.4475706231609637,3.9798227446678176,22.14858876273833,14.487003821726852,350.6406184963399,65.08016346842592,18.251453025058602,16.46252931407701,0.44888286306708625,3.9666149707618157,21.964229341589903,15.207111805110856,533.8064251032422,3.5213345328822707,3.84316097385208,monthly,120.0954046329873,-0.003428923694809405
Cauca,2021-07-12,2021-07-28,0.512678945152041,0.3273963934954342,285.63371305180146,72.47041920095648,18.0086730945768,15.590251826151608,0.441409346550265,3.9605592569871906,22.00440225408166,15.044789901301783,209.13464398277165,89.03923934978435,17.806987111385894,14.913188072072023,0.4340266469921299,3.974873941209179,22.668034451222702,13.909238125134316,324.6717811204705,69.14482241491154,17.850318606744274,15.772794212487877,0.4475706231609637,3.9798227446678176,22.14858876273833,14.487003821726852,494.7683570345731,3.8304227584392345,3.5213345328822707,monthly,213.16329385084498,0.007142792776616724
Cauca,2021-07-28,2021-08-13,0.5866743295073628,0.3544099927177106,180.41147138926576,99.16087056334047,18.150257339324682,14.678354855291122,0.42669130050154624,3.928723427683921,23.42969112764876,13.648779553729424,285.63371305180146,72.47041920095648,18.0086730945768,15.590251826151608,0.441409346550265,3.9605592569871906,22.00440225408166,15.044789901301783,209.13464398277165,89.03923934978435,17.806987111385894,14.913188072072023,0.4340266469921299,3.974873941209179,22.668034451222702,13.909238125134316,466.04518444106725,3.8304227584392345,3.5213345328822707,monthly,81.25060082592529,-0.000542422480131366
Cauca,2021-08-13,2021-08-29,0.6127162587092413,0.358071868134548,332.71550356488075,84.9148362695416,17.982733711796246,15.638609178710096,0.44154079429359105,3.9069408336301445,22.738098234377,14.756734840516458,180.41147138926576,99.16087056334047,18.150257339324682,14.678354855291122,0.42669130050154624,3.928723427683921,23.42969112764876,13.648779553729424,285.63371305180146,72.47041920095648,18.0086730945768,15.590251826151608,0.441409346550265,3.9605592569871906,22.00440225408166,15.044789901301783,513.1269749541465,3.4590478718489783,3.8304227584392345,monthly,247.80066729533917,0.016079534934626993
Cauca,2021-08-29,2021-09-14,0.5602193215331124,0.3974817457046933,357.68766938222876,85.68714296179027,17.95578044532038,15.527179211510639,0.44296927515609674,3.904345525960367,23.089988746523588,14.096039266931152,332.71550356488075,84.9148362695416,17.982733711796246,15.638609178710096,0.44154079429359105,3.9069408336301445,22.738098234377,14.756734840516458,180.41147138926576,99.16087056334047,18.150257339324682,14.678354855291122,0.42669130050154624,3.928723427683921,23.42969112764876,13.648779553729424,690.4031729471095,3.4590478718489783,3.8304227584392345,monthly,272.0005264204385,0.018228660850587664
Cauca,2021-09-14,2021-09-30,0.6890357065933226,0.4895950992268765,289.87754722101,99.79113849004962,18.141535557058994,15.045903716027876,0.4334044606196987,3.905997852224383,23.77381847305102,14.150738390232087,357.68766938222876,85.68714296179027,17.95578044532038,15.527179211510639,0.44296927515609674,3.904345525960367,23.089988746523588,14.096039266931152,332.71550356488075,84.9148362695416,17.982733711796246,15.638609178710096,0.44154079429359105,3.9069408336301445,22.738098234377,14.756734840516458,647.5652166032387,3.4550334275191203,3.4590478718489783,monthly,190.0864087309604,0.004624829640747008
Cauca,2021-09-30,2021-10-16,0.5651075224959762,0.3890373474854803,315.86930632081715,86.16537536684282,18.325045949793726,16.140538829229648,0.4440496019207622,3.913252467418305,23.73938760318152,14.018375031342933,289.87754722101,99.79113849004962,18.141535557058994,15.045903716027876,0.4334044606196987,3.905997852224383,23.77381847305102,14.150738390232087,357.68766938222876,85.68714296179027,17.95578044532038,15.527179211510639,0.44296927515609674,3.904345525960367,23.089988746523588,14.096039266931152,605.7468535418271,3.4550334275191203,3.4590478718489783,monthly,229.70393095397432,0.0058239253640614
Cauca,2021-10-16,2021-11-01,0.5384658881484525,0.36423028429346,392.7693951496824,71.6857140710172,17.98312954640546,16.134558506229055,0.4479241693779129,3.925094907039089,23.157089662063903,14.8338609982102,315.86930632081715,86.16537536684282,18.325045949793726,16.140538829229648,0.4440496019207622,3.913252467418305,23.73938760318152,14.018375031342933,289.87754722101,99.79113849004962,18.141535557058994,15.045903716027876,0.4334044606196987,3.905997852224383,23.77381847305102,14.150738390232087,708.6387014704995,3.601873821510233,3.4550334275191203,monthly,321.0836810786652,0.0038203802744561366
Cauca,2021-11-01,2021-11-17,0.5038183947170671,0.3347991551779878,322.4121413336602,70.268920406034,17.89648235100747,16.19382701494994,0.448512196801634,3.9408495048496714,21.97297587821644,14.960215571438615,392.7693951496824,71.6857140710172,17.98312954640546,16.134558506229055,0.4479241693779129,3.925094907039089,23.157089662063903,14.8338609982102,315.86930632081715,86.16537536684282,18.325045949793726,16.140538829229648,0.4440496019207622,3.913252467418305,23.73938760318152,14.018375031342933,715.1815364833426,3.448477705316086,3.601873821510233,monthly,252.1432209276262,0.0018389677145717598
Cauca,2021-11-17,2021-12-03,0.5152859637991452,0.3471199373571712,373.4930403887944,69.95673409600121,17.737868489107814,16.134647414895845,0.44917573711010256,3.9354767993760094,21.792017484012387,15.06113595332364,322.4121413336602,70.268920406034,17.89648235100747,16.19382701494994,0.448512196801634,3.9408495048496714,21.97297587821644,14.960215571438615,392.7693951496824,71.6857140710172,17.98312954640546,16.134558506229055,0.4479241693779129,3.925094907039089,23.157089662063903,14.8338609982102,695.9051817224546,3.448477705316086,3.601873821510233,monthly,303.53630629279314,0.0021499137655467404
Cauca,2021-12-03,2021-12-19,0.4176960276619809,0.2827603354834254,298.72473191785343,68.62648281122236,18.059089450176216,16.37325226176139,0.44731661410079004,3.917288124198164,22.379069557563,15.278216021253275,373.4930403887944,69.95673409600121,17.737868489107814,16.134647414895845,0.44917573711010256,3.9354767993760094,21.792017484012387,15.06113595332364,322.4121413336602,70.268920406034,17.89648235100747,16.19382701494994,0.448512196801634,3.9408495048496714,21.97297587821644,14.960215571438615,672.2177723066478,3.4308748245736247,3.448477705316086,monthly,230.09824910663107,0.0025647652938605714
Cauca,2021-12-19,2022-01-01,0.5171763384606756,0.344597616448882,196.8833255562959,58.392428964251785,18.179202508224282,16.41070735937492,0.44704966582437733,3.954311722318013,22.008231191009404,14.825389062735391,298.72473191785343,68.62648281122236,18.059089450176216,16.37325226176139,0.44731661410079004,3.917288124198164,22.379069557563,15.278216021253275,373.4930403887944,69.95673409600121,17.737868489107814,16.134647414895845,0.44917573711010256,3.9354767993760094,21.792017484012387,15.06113595332364,495.6080574741493,3.4308748245736247,3.448477705316086,monthly,138.4908965920441,0.003777714737396798
Cauca,2022-01-01,2022-01-17,0.61401997244237,0.4167027032330722,196.7970840575721,79.37391152136175,17.74852744592002,15.567126433469998,0.44087987190628775,4.019294821879716,22.209417757567927,14.552343238302187,196.8833255562959,58.392428964251785,18.179202508224282,16.41070735937492,0.44704966582437733,3.954311722318013,22.008231191009404,14.825389062735391,298.72473191785343,68.62648281122236,18.059089450176216,16.37325226176139,0.44731661410079004,3.917288124198164,22.379069557563,15.278216021253275,393.680409613868,3.6094689634471417,3.4308748245736247,monthly,117.42317253621036,0.003552582832487383
Cauca,2022-01-17,2022-02-02,0.587859926719233,0.4100339257796589,299.2133552152119,76.20125583564914,17.889496078761624,15.964633533309051,0.4443187967765606,4.027123229487458,22.8655122426117,14.08790998529273,196.7970840575721,79.37391152136175,17.74852744592002,15.567126433469998,0.44087987190628775,4.019294821879716,22.209417757567927,14.552343238302187,196.8833255562959,58.392428964251785,18.179202508224282,16.41070735937492,0.44704966582437733,3.954311722318013,22.008231191009404,14.825389062735391,496.01043927278397,3.6094689634471417,3.4308748245736247,monthly,223.01209937956276,0.0077376199741433505
Cauca,2022-02-02,2022-02-18,0.4175082102817814,0.2887366792287411,281.3264373376997,73.21481727546744,17.742023430048643,15.976947957446558,0.4490960624332898,3.990023639261449,22.234172836446803,14.895277001751802,299.2133552152119,76.20125583564914,17.889496078761624,15.964633533309051,0.4443187967765606,4.027123229487458,22.8655122426117,14.08790998529273,196.7970840575721,79.37391152136175,17.74852744592002,15.567126433469998,0.44087987190628775,4.019294821879716,22.209417757567927,14.552343238302187,580.5397925529116,3.4358801175382268,3.6094689634471417,monthly,208.11162006223225,0.01228412913434812
Cauca,2022-02-18,2022-03-06,0.526413668565006,0.3390247881810419,360.5478662284115,64.54519640483022,17.706890518042766,16.13657139814959,0.4499780698696233,3.9667838865098206,22.45062773360802,14.874302388883116,281.3264373376997,73.21481727546744,17.742023430048643,15.976947957446558,0.4490960624332898,3.990023639261449,22.234172836446803,14.895277001751802,299.2133552152119,76.20125583564914,17.889496078761624,15.964633533309051,0.4443187967765606,4.027123229487458,22.8655122426117,14.08790998529273,641.8743035661112,3.4358801175382268,3.6094689634471417,monthly,296.0026698235813,0.007952648808185248
Cauca,2022-03-06,2022-03-22,0.5965840969985081,0.3969732453234713,209.34784028915712,86.2072751326038,18.107783945261417,15.796292124497292,0.44223914858379487,3.9536970600673036,22.46191452482169,14.924059798004212,360.5478662284115,64.54519640483022,17.706890518042766,16.13657139814959,0.4499780698696233,3.9667838865098206,22.45062773360802,14.874302388883116,281.3264373376997,73.21481727546744,17.742023430048643,15.976947957446558,0.4490960624332898,3.990023639261449,22.234172836446803,14.895277001751802,569.8957065175687,3.46933347743555,3.4358801175382268,monthly,123.14056515655332,-0.0014770425438922485
Cauca,2022-03-22,2022-04-07,0.6213693113842005,0.4276630994305179,337.0304807759554,72.7088352948611,18.267252992135298,16.411063288490674,0.44962758994354607,3.961533772785018,22.61861310711602,15.467133646959317,209.34784028915712,86.2072751326038,18.107783945261417,15.796292124497292,0.44223914858379487,3.9536970600673036,22.46191452482169,14.924059798004212,360.5478662284115,64.54519640483022,17.706890518042766,16.13657139814959,0.4499780698696233,3.9667838865098206,22.45062773360802,14.874302388883116,546.3783210651126,3.46933347743555,3.4358801175382268,monthly,264.3216454810943,0.00449725051649752
Cauca,2022-04-07,2022-04-23,0.5334380052049077,0.3855357244865558,371.89031758793146,68.23958006603526,18.157552303538694,16.27850747634512,0.448877735830966,3.9713473534227983,22.643977818463423,15.283234987144338,337.0304807759554,72.7088352948611,18.267252992135298,16.411063288490674,0.44962758994354607,3.961533772785018,22.61861310711602,15.467133646959317,209.34784028915712,86.2072751326038,18.107783945261417,15.796292124497292,0.44223914858379487,3.9536970600673036,22.46191452482169,14.924059798004212,708.9207983638869,3.4393125297754965,3.46933347743555,monthly,303.6507375218962,0.00301994766447522
Cauca,2022-04-23,2022-05-09,0.6821596508134965,0.4294968471586934,280.63880696471256,82.29541337600067,18.37827502575088,16.147405994527578,0.44595634318898086,3.960168594048689,23.57368543011096,14.88344139835962,371.89031758793146,68.23958006603526,18.157552303538694,16.27850747634512,0.448877735830966,3.9713473534227983,22.643977818463423,15.283234987144338,337.0304807759554,72.7088352948611,18.267252992135298,16.411063288490674,0.44962758994354607,3.961533772785018,22.61861310711602,15.467133646959317,652.529124552644,3.4393125297754965,3.46933347743555,monthly,198.34339358871188,-0.0008830902010641406
Cauca,2022-05-09,2022-05-25,0.5200568886777283,0.3445569889141071,366.51966993179406,64.44617121078592,18.240676467595783,16.456919303231082,0.4488532164405528,3.950884538241548,22.56411639030884,14.998292538528164,280.63880696471256,82.29541337600067,18.37827502575088,16.147405994527578,0.44595634318898086,3.960168594048689,23.57368543011096,14.88344139835962,371.89031758793146,68.23958006603526,18.157552303538694,16.27850747634512,0.448877735830966,3.9713473534227983,22.643977818463423,15.283234987144338,647.1584768965066,3.627938925555101,3.4393125297754965,monthly,302.07349872100815,0.0028475210894554626
Cauca,2022-05-25,2022-06-10,0.5654114925996503,0.3544332470667736,313.6412604323665,65.54230800743963,17.665190092764718,15.837029050013802,0.4490747092736515,3.9666149707618157,21.54045511416347,14.49311309708144,366.51966993179406,64.44617121078592,18.240676467595783,16.456919303231082,0.4488532164405528,3.950884538241548,22.56411639030884,14.998292538528164,280.63880696471256,82.29541337600067,18.37827502575088,16.147405994527578,0.44595634318898086,3.960168594048689,23.57368543011096,14.88344139835962,680.1609303641605,3.627938925555101,3.4393125297754965,monthly,248.09895242492686,0.00337471175143389
Cauca,2022-06-10,2022-06-26,0.5809376877564945,0.363063369567303,342.3361193505378,69.89238500811936,17.36040395057305,15.31690522004514,0.44632008378639376,3.9798227446678176,21.65176809037281,13.61667588550381,313.6412604323665,65.54230800743963,17.665190092764718,15.837029050013802,0.4490747092736515,3.9666149707618157,21.54045511416347,14.49311309708144,366.51966993179406,64.44617121078592,18.240676467595783,16.456919303231082,0.4488532164405528,3.950884538241548,22.56411639030884,14.998292538528164,655.9773797829043,3.3325937210379,3.627938925555101,monthly,272.44373434241845,0.0038815822546550693
Cauca,2022-06-26,2022-07-12,0.6427041152391256,0.3918057574805559,287.22426723751846,83.17202200791367,17.827859707268914,15.290960106844722,0.443451830246695,3.974873941209179,22.31397462412633,14.014375080971892,342.3361193505378,69.89238500811936,17.36040395057305,15.31690522004514,0.44632008378639376,3.9798227446678176,21.65176809037281,13.61667588550381,313.6412604323665,65.54230800743963,17.665190092764718,15.837029050013802,0.4490747092736515,3.9666149707618157,21.54045511416347,14.49311309708144,629.5603865880562,3.3325937210379,3.627938925555101,monthly,204.0522452296048,0.00599625955975569
Cauca,2022-07-12,2022-07-28,0.4911422575775762,0.3238660925970505,288.54489210898396,74.56629320724795,17.709259439900833,15.591715783060888,0.4455257659026649,3.9605592569871906,22.374128717213715,14.694452839078002,287.22426723751846,83.17202200791367,17.827859707268914,15.290960106844722,0.443451830246695,3.974873941209179,22.31397462412633,14.014375080971892,342.3361193505378,69.89238500811936,17.36040395057305,15.31690522004514,0.44632008378639376,3.9798227446678176,21.65176809037281,13.61667588550381,575.7691593465024,3.333998264798107,3.3325937210379,monthly,213.978598901736,0.01125921212901665
Cauca,2022-07-28,2022-08-13,0.6545818987807172,0.3949844103074002,250.95720723181077,84.10316803875077,17.911813857600325,15.498994338140012,0.4432509919489407,3.928723427683921,22.85327751721261,14.589443412223437,288.54489210898396,74.56629320724795,17.709259439900833,15.591715783060888,0.4455257659026649,3.9605592569871906,22.374128717213715,14.694452839078002,287.22426723751846,83.17202200791367,17.827859707268914,15.290960106844722,0.443451830246695,3.974873941209179,22.31397462412633,14.014375080971892,539.5020993407948,3.333998264798107,3.3325937210379,monthly,166.85403919306,0.016017268967263076
Cauca,2022-08-13,2022-08-29,0.706673280006732,0.4256483810998923,232.37363626831825,98.65929873092617,17.77174195896231,14.547501849525688,0.4277897819032471,3.9069408336301445,23.203610159594007,13.602931953343823,250.95720723181077,84.10316803875077,17.911813857600325,15.498994338140012,0.4432509919489407,3.928723427683921,22.85327751721261,14.589443412223437,288.54489210898396,74.56629320724795,17.709259439900833,15.591715783060888,0.4455257659026649,3.9605592569871906,22.374128717213715,14.694452839078002,483.33084350012905,3.8048640826064055,3.333998264798107,monthly,133.71433753739208,0.0023285225442830626
Cauca,2022-08-29,2022-09-14,0.695412142525518,0.4273086456154213,238.81997125835133,102.81218658205465,18.0875901942979,14.84144034544645,0.4266066205726602,3.904345525960367,23.08836130584956,14.17693714104234,232.37363626831825,98.65929873092617,17.77174195896231,14.547501849525688,0.4277897819032471,3.9069408336301445,23.203610159594007,13.602931953343823,250.95720723181077,84.10316803875077,17.911813857600325,15.498994338140012,0.4432509919489407,3.928723427683921,22.85327751721261,14.589443412223437,471.19360752666955,3.8048640826064055,3.333998264798107,monthly,136.0077846762967,0.0018660062671511102
Cauca,2022-09-14,2022-09-30,0.6324227965818187,0.4182648186935455,282.5065451462177,94.82552884023941,17.94165682139712,15.338022557829005,0.4341551847732026,3.905997852224383,22.84612470059428,14.393385267145414,238.81997125835133,102.81218658205465,18.0875901942979,14.84144034544645,0.4266066205726602,3.904345525960367,23.08836130584956,14.17693714104234,232.37363626831825,98.65929873092617,17.77174195896231,14.547501849525688,0.4277897819032471,3.9069408336301445,23.203610159594007,13.602931953343823,521.326516404569,3.555648499899468,3.8048640826064055,monthly,187.6810163059783,0.00537555379425092
Cauca,2022-09-30,2022-10-16,0.5999146607874705,0.3809168612112139,286.90344144911285,90.28607224132813,18.021958933463573,15.600019556900747,0.44132368016890366,3.913252467418305,22.853697052541747,14.640136722197663,282.5065451462177,94.82552884023941,17.94165682139712,15.338022557829005,0.4341551847732026,3.905997852224383,22.84612470059428,14.393385267145414,238.81997125835133,102.81218658205465,18.0875901942979,14.84144034544645,0.4266066205726602,3.904345525960367,23.08836130584956,14.17693714104234,569.4099865953306,3.555648499899468,3.8048640826064055,monthly,196.61736920778472,0.00309800361220286
Cauca,2022-10-16,2022-11-01,0.4330493945239043,0.28346524813117,242.94941198856446,73.01804986637508,17.995456861707677,16.26708161322032,0.448783935983927,3.925094907039089,22.24490085344414,14.901930004732058,286.90344144911285,90.28607224132813,18.021958933463573,15.600019556900747,0.44132368016890366,3.913252467418305,22.853697052541747,14.640136722197663,282.5065451462177,94.82552884023941,17.94165682139712,15.338022557829005,0.4341551847732026,3.905997852224383,22.84612470059428,14.393385267145414,529.8528534376774,3.7187869079726186,3.555648499899468,monthly,169.9313621221894,0.004680146880470248
Cauca,2022-11-01,2022-11-17,0.4511815330180485,0.3081209165433478,276.66893713715046,76.67253125964139,17.796485366992613,15.849349448436671,0.4449374866680982,3.9408495048496714,22.446165138386178,14.05660094160003,242.94941198856446,73.01804986637508,17.995456861707677,16.26708161322032,0.448783935983927,3.925094907039089,22.24490085344414,14.901930004732058,286.90344144911285,90.28607224132813,18.021958933463573,15.600019556900747,0.44132368016890366,3.913252467418305,22.853697052541747,14.640136722197663,519.618349125715,3.5527117253478924,3.7187869079726186,monthly,199.99640587750906,-0.0017357424189640702
Cauca,2022-11-17,2022-12-03,0.5175271154146039,0.3438414450814273,269.51333837168187,73.69178375890719,17.825654889663618,15.92830227262979,0.4478205019491842,3.9354767993760094,22.48224193379121,15.10808112368272,276.66893713715046,76.67253125964139,17.796485366992613,15.849349448436671,0.4449374866680982,3.9408495048496714,22.446165138386178,14.05660094160003,242.94941198856446,73.01804986637508,17.995456861707677,16.26708161322032,0.448783935983927,3.925094907039089,22.24490085344414,14.901930004732058,546.1822755088324,3.5527117253478924,3.7187869079726186,monthly,195.82155461277466,0.000794678604628396
Cauca,2022-12-03,2022-12-19,0.5671531420953833,0.3866526798140052,261.7172575713681,80.48247110664809,17.457813425566457,15.43670578876928,0.44438309418237965,3.917288124198164,22.03515301752473,14.070307950211705,269.51333837168187,73.69178375890719,17.825654889663618,15.92830227262979,0.4478205019491842,3.9354767993760094,22.48224193379121,15.10808112368272,276.66893713715046,76.67253125964139,17.796485366992613,15.849349448436671,0.4449374866680982,3.9408495048496714,22.446165138386178,14.05660094160003,531.23059594305,3.627105253527647,3.5527117253478924,monthly,181.23478646472003,-0.00036875462454982744
Cauca,2022-12-19,2023-01-01,0.6905186112448107,0.4165622595515647,189.76383500408406,72.3908948613411,17.815315025452342,15.246164074845455,0.4304310230065076,3.954311722318013,22.2823143729904,14.159250047236878,261.7172575713681,80.48247110664809,17.457813425566457,15.43670578876928,0.44438309418237965,3.917288124198164,22.03515301752473,14.070307950211705,269.51333837168187,73.69178375890719,17.825654889663618,15.92830227262979,0.4478205019491842,3.9354767993760094,22.48224193379121,15.10808112368272,451.4810925754522,3.627105253527647,3.5527117253478924,monthly,117.37294014274296,-0.012840928080472935
Cauca,2023-01-01,2023-01-17,0.5655622829492449,0.3470598608990468,312.23765736265665,68.09400886172168,17.38671270800097,15.602745929678953,0.4472564672453135,4.019294821879716,21.97909714565389,13.894649662824651,189.76383500408406,72.3908948613411,17.815315025452342,15.246164074845455,0.4304310230065076,3.954311722318013,22.2823143729904,14.159250047236878,261.7172575713681,80.48247110664809,17.457813425566457,15.43670578876928,0.44438309418237965,3.917288124198164,22.03515301752473,14.070307950211705,502.0014923667407,3.53370127278737,3.627105253527647,monthly,244.14364850093497,0.00992917817151312
Cauca,2023-01-17,2023-02-02,0.6440944501515822,0.3834981534325599,262.2518647032083,88.8742114571233,17.688482252154273,15.196601360061504,0.4350967970921324,4.027123229487458,22.843162724870265,14.053559828595256,312.23765736265665,68.09400886172168,17.38671270800097,15.602745929678953,0.4472564672453135,4.019294821879716,21.97909714565389,13.894649662824651,189.76383500408406,72.3908948613411,17.815315025452342,15.246164074845455,0.4304310230065076,3.954311722318013,22.2823143729904,14.159250047236878,574.489522065865,3.53370127278737,3.627105253527647,monthly,173.377653246085,-0.0014843797102848666
Cauca,2023-02-02,2023-02-18,0.689300938476548,0.4531919267845926,220.78624483198922,91.63386800084395,18.346229126969384,15.770138267335053,0.42661592669724246,3.990023639261449,22.82858941689224,13.896927468210016,262.2518647032083,88.8742114571233,17.688482252154273,15.196601360061504,0.4350967970921324,4.027123229487458,22.843162724870265,14.053559828595256,312.23765736265665,68.09400886172168,17.38671270800097,15.602745929678953,0.4472564672453135,4.019294821879716,21.97909714565389,13.894649662824651,483.0381095351975,3.844627068038891,3.53370127278737,monthly,129.15237683114526,-0.010196006601699226
Cauca,2023-02-18,2023-03-06,0.6435675850301256,0.4018815242917637,195.83659789024117,85.5415890104613,18.420638941817703,16.08325256131809,0.44223111385715724,3.9667838865098206,22.984444550551007,14.477960468992148,220.78624483198922,91.63386800084395,18.346229126969384,15.770138267335053,0.42661592669724246,3.990023639261449,22.82858941689224,13.896927468210016,262.2518647032083,88.8742114571233,17.688482252154273,15.196601360061504,0.4350967970921324,4.027123229487458,22.843162724870265,14.053559828595256,416.6228427222304,3.844627068038891,3.53370127278737,monthly,110.29500887977987,0.0002056927957191923
Cauca,2023-03-06,2023-03-22,0.6037510116437004,0.3868922477904396,294.97900437143363,72.93278223568896,17.839340985851038,15.917479661735541,0.4472842459085239,3.9536970600673036,22.41769321628355,14.191065519863152,195.83659789024117,85.5415890104613,18.420638941817703,16.08325256131809,0.44223111385715724,3.9667838865098206,22.984444550551007,14.477960468992148,220.78624483198922,91.63386800084395,18.346229126969384,15.770138267335053,0.42661592669724246,3.990023639261449,22.82858941689224,13.896927468210016,490.8156022616748,3.610095451317152,3.844627068038891,monthly,222.04622213574467,0.0035680547808367713
Cauca,2023-03-22,2023-04-07,0.5392530190921182,0.3447734085715468,288.3590777793398,76.19204672764087,18.30610973412464,16.29550225611945,0.44863123727989834,3.961533772785018,23.15063820118699,14.923486186932978,294.97900437143363,72.93278223568896,17.839340985851038,15.917479661735541,0.4472842459085239,3.9536970600673036,22.41769321628355,14.191065519863152,195.83659789024117,85.5415890104613,18.420638941817703,16.08325256131809,0.44223111385715724,3.9667838865098206,22.984444550551007,14.477960468992148,583.3380821507735,3.610095451317152,3.844627068038891,monthly,212.16703105169896,0.0035008978528497936
Cauca,2023-04-07,2023-04-23,0.5776376998069803,0.375182632501539,285.23606703059795,75.71572288160351,18.428769200282456,16.32962173910652,0.4459177609716697,3.9713473534227983,23.458631316218124,15.376646608674791,288.3590777793398,76.19204672764087,18.30610973412464,16.29550225611945,0.44863123727989834,3.961533772785018,23.15063820118699,14.923486186932978,294.97900437143363,72.93278223568896,17.839340985851038,15.917479661735541,0.4472842459085239,3.9536970600673036,22.41769321628355,14.191065519863152,573.5951448099378,3.7412415072975183,3.610095451317152,monthly,209.52034414899444,5.9972805178887256e-05
Cauca,2023-04-23,2023-05-09,0.6924014004150282,0.4405933350033872,212.7963146509502,90.6499090224066,18.83881448535001,16.233299540047884,0.43936601123896846,3.960168594048689,24.280080299561703,14.28208983916942,285.23606703059795,75.71572288160351,18.428769200282456,16.32962173910652,0.4459177609716697,3.9713473534227983,23.458631316218124,15.376646608674791,288.3590777793398,76.19204672764087,18.30610973412464,16.29550225611945,0.44863123727989834,3.961533772785018,23.15063820118699,14.923486186932978,498.03238168154815,3.7412415072975183,3.610095451317152,monthly,122.14640562854359,-0.0074734221510765475
Cauca,2023-05-09,2023-05-25,0.6236326699086031,0.4192172598687123,336.2737050401656,66.90790335691513,19.022120957360627,17.07491547778971,0.4464170750940855,3.950884538241548,24.062559633456573,15.467705763612,212.7963146509502,90.6499090224066,18.83881448535001,16.233299540047884,0.43936601123896846,3.960168594048689,24.280080299561703,14.28208983916942,285.23606703059795,75.71572288160351,18.428769200282456,16.32962173910652,0.4459177609716697,3.9713473534227983,23.458631316218124,15.376646608674791,549.0700196911158,3.965187452068636,3.7412415072975183,monthly,269.3658016832505,0.0004113797429881605
Cauca,2023-05-25,2023-06-10,0.6840436762534531,0.4031364814880477,325.05127380429246,71.1153657226893,18.626636758728814,16.502703891563822,0.4464375766880247,3.9666149707618157,23.51423048192032,15.76379455026263,336.2737050401656,66.90790335691513,19.022120957360627,17.07491547778971,0.4464170750940855,3.950884538241548,24.062559633456573,15.467705763612,212.7963146509502,90.6499090224066,18.83881448535001,16.233299540047884,0.43936601123896846,3.960168594048689,24.280080299561703,14.28208983916942,661.3249788444581,3.965187452068636,3.7412415072975183,monthly,253.93590808160315,0.0007375791658070785
Cauca,2023-06-10,2023-06-26,0.7271123566932034,0.459258096931603,194.1186862580875,88.37235470495935,18.65099036390886,15.627282859755919,0.43134795248496954,3.9798227446678176,23.94643714903459,13.94555194554032,325.05127380429246,71.1153657226893,18.626636758728814,16.502703891563822,0.4464375766880247,3.9666149707618157,23.51423048192032,15.76379455026263,336.2737050401656,66.90790335691513,19.022120957360627,17.07491547778971,0.4464170750940855,3.950884538241548,24.062559633456573,15.467705763612,519.1699600623799,3.971931382632607,3.965187452068636,monthly,105.74633155312816,-0.01109054904676915
Cauca,2023-06-26,2023-07-12,0.6483536433074103,0.3966857051054336,243.19884620350388,84.96615893087352,18.705980163026013,16.030286359985613,0.4381330233561603,3.974873941209179,23.72499495567052,15.687040669220314,194.1186862580875,88.37235470495935,18.65099036390886,15.627282859755919,0.43134795248496954,3.9798227446678176,23.94643714903459,13.94555194554032,325.05127380429246,71.1153657226893,18.626636758728814,16.502703891563822,0.4464375766880247,3.9666149707618157,23.51423048192032,15.76379455026263,437.3175324615914,3.971931382632607,3.965187452068636,monthly,158.23268727263036,0.0006774526692209792
Cauca,2023-07-12,2023-07-28,0.6715522690572122,0.3932826326061208,218.20036231993197,92.84975339533035,18.975865281460077,15.516480583207109,0.426512574166079,3.9605592569871906,23.685623981579084,15.341316866573566,243.19884620350388,84.96615893087352,18.705980163026013,16.030286359985613,0.4381330233561603,3.974873941209179,23.72499495567052,15.687040669220314,194.1186862580875,88.37235470495935,18.65099036390886,15.627282859755919,0.43134795248496954,3.9798227446678176,23.94643714903459,13.94555194554032,461.39920852343585,3.608386463830685,3.971931382632607,monthly,125.35060892460162,-0.007753979607569239
Cauca,2023-07-28,2023-08-13,0.6497285512798774,0.3883990268126249,221.76428272037788,93.10248391307333,18.97556226239543,15.377408131309664,0.4142964222080392,3.928723427683921,23.75793093601472,15.18556847096916,218.20036231993197,92.84975339533035,18.975865281460077,15.516480583207109,0.426512574166079,3.9605592569871906,23.685623981579084,15.341316866573566,243.19884620350388,84.96615893087352,18.705980163026013,16.030286359985613,0.4381330233561603,3.974873941209179,23.72499495567052,15.687040669220314,439.96464504030985,3.608386463830685,3.971931382632607,monthly,128.66179880730454,-0.012937300773638416
Cauca,2023-08-13,2023-08-29,0.705334285046719,0.402287930852865,249.0789661276629,93.20706464421869,18.64396600122282,15.683810597052815,0.4287204106161361,3.9069408336301445,24.6071290522442,14.015951617629504,221.76428272037788,93.10248391307333,18.97556226239543,15.377408131309664,0.4142964222080392,3.928723427683921,23.75793093601472,15.18556847096916,218.20036231993197,92.84975339533035,18.975865281460077,15.516480583207109,0.426512574166079,3.9605592569871906,23.685623981579084,15.341316866573566,470.8432488480408,3.432898349454675,3.608386463830685,monthly,155.87190148344422,0.0032591512571720216
Cauca,2023-08-29,2023-09-14,0.6922579164279609,0.4035765455350509,227.86280459366708,109.12001607578483,19.201344965221143,15.59505819129085,0.41736152216884476,3.904345525960367,25.22646415174523,15.300989130925204,249.0789661276629,93.20706464421869,18.64396600122282,15.683810597052815,0.4287204106161361,3.9069408336301445,24.6071290522442,14.015951617629504,221.76428272037788,93.10248391307333,18.97556226239543,15.377408131309664,0.4142964222080392,3.928723427683921,23.75793093601472,15.18556847096916,476.94177072133,3.432898349454675,3.608386463830685,monthly,118.74278851788225,-0.0073790921366643225
Cauca,2023-09-14,2023-09-30,0.6453187151721903,0.414866772560512,258.0533366705255,106.44247226658857,19.102078810192523,15.7262823600899,0.42199015974102216,3.905997852224383,24.24136986667522,14.984379690487648,227.86280459366708,109.12001607578483,19.201344965221143,15.59505819129085,0.41736152216884476,3.904345525960367,25.22646415174523,15.300989130925204,249.0789661276629,93.20706464421869,18.64396600122282,15.683810597052815,0.4287204106161361,3.9069408336301445,24.6071290522442,14.015951617629504,485.91614126419256,3.253361943888373,3.432898349454675,monthly,151.61086440393692,-0.006789471237929501
Cauca,2023-09-30,2023-10-16,0.5341756818687343,0.3379936601256937,319.8073083937428,94.51029903932903,19.22424809134948,16.526643783504756,0.43488736870259337,3.913252467418305,23.83066603807952,15.107339249128165,258.0533366705255,106.44247226658857,19.102078810192523,15.7262823600899,0.42199015974102216,3.905997852224383,24.24136986667522,14.984379690487648,227.86280459366708,109.12001607578483,19.201344965221143,15.59505819129085,0.41736152216884476,3.904345525960367,25.22646415174523,15.300989130925204,577.8606450642683,3.253361943888373,3.432898349454675,monthly,225.29700935441377,-0.0033383078541074362
Cauca,2023-10-16,2023-11-01,0.5676847222226822,0.3289647886552215,259.5542575725282,86.55639388427836,18.730528902361307,16.094603021666643,0.43625732112166726,3.925094907039089,23.9989778384027,15.54635008801083,319.8073083937428,94.51029903932903,19.22424809134948,16.526643783504756,0.43488736870259337,3.913252467418305,23.83066603807952,15.107339249128165,258.0533366705255,106.44247226658857,19.102078810192523,15.7262823600899,0.42199015974102216,3.905997852224383,24.24136986667522,14.984379690487648,579.361565966271,3.3900702253063444,3.253361943888373,monthly,172.99786368824982,-0.007846467981789507
Cauca,2023-11-01,2023-11-17,0.6396905520356891,0.4044014082018463,263.4264368115127,71.63419152313257,18.928299538107353,16.970290102927347,0.44728513092415967,3.9408495048496714,23.56980245195499,15.451612299722765,259.5542575725282,86.55639388427836,18.730528902361307,16.094603021666643,0.43625732112166726,3.925094907039089,23.9989778384027,15.54635008801083,319.8073083937428,94.51029903932903,19.22424809134948,16.526643783504756,0.43488736870259337,3.913252467418305,23.83066603807952,15.107339249128165,522.9806943840408,3.726413091459565,3.3900702253063444,monthly,191.79224528838012,0.0006119018370974172
Cauca,2023-11-17,2023-12-03,0.7048476776872198,0.4519118832119289,262.6846838844847,84.83611233289427,18.680927193423795,16.380998289104426,0.4427934141949027,3.9354767993760094,23.5143587341018,15.4317560974197,263.4264368115127,71.63419152313257,18.928299538107353,16.970290102927347,0.44728513092415967,3.9408495048496714,23.56980245195499,15.451612299722765,259.5542575725282,86.55639388427836,18.730528902361307,16.094603021666643,0.43625732112166726,3.925094907039089,23.9989778384027,15.54635008801083,526.1111206959974,3.726413091459565,3.3900702253063444,monthly,177.8485715515904,-0.004232409149653116
Cauca,2023-12-03,2023-12-19,0.6094882600620121,0.3953558429400018,316.1761931166109,77.46947473974348,19.060091860517048,16.82171354697695,0.4341211564572104,3.917288124198164,23.38555501635916,16.00283062774429,262.6846838844847,84.83611233289427,18.680927193423795,16.380998289104426,0.4427934141949027,3.9354767993760094,23.5143587341018,15.4317560974197,263.4264368115127,71.63419152313257,18.928299538107353,16.970290102927347,0.44728513092415967,3.9408495048496714,23.56980245195499,15.451612299722765,578.8608770010956,3.519779967499,3.726413091459565,monthly,238.7067183768674,-0.010630692349719084
Cauca,2023-12-19,2024-01-01,0.6414031279930406,0.4237179829940222,302.92927959596,49.69739792932248,18.703557496535225,17.143774493261482,0.4496063303990029,3.954311722318013,23.72777040140472,15.364634620798116,316.1761931166109,77.46947473974348,19.060091860517048,16.82171354697695,0.4341211564572104,3.917288124198164,23.38555501635916,16.00283062774429,262.6846838844847,84.83611233289427,18.680927193423795,16.380998289104426,0.4427934141949027,3.9354767993760094,23.5143587341018,15.4317560974197,619.1054727125709,3.519779967499,3.726413091459565,monthly,253.23188166663752,0.0063343793120223535
Cauca,2024-01-01,2024-01-17,0.764351471203201,0.4555524493064357,184.4200873561421,103.81687370540408,19.001134951425858,16.222719219367583,0.4281315132134853,4.019294821879716,23.90422822836508,15.14683949473326,302.92927959596,49.69739792932248,18.703557496535225,17.143774493261482,0.4496063303990029,3.954311722318013,23.72777040140472,15.364634620798116,316.1761931166109,77.46947473974348,19.060091860517048,16.82171354697695,0.4341211564572104,3.917288124198164,23.38555501635916,16.00283062774429,487.34936695210206,4.133659654029701,3.519779967499,monthly,80.60321365073801,-0.009195775860315059
Cauca,2024-01-17,2024-02-02,0.7498442653287337,0.4644534984431461,184.6702669259289,110.22696158572043,19.757815874822988,16.425668775858288,0.40284468174778065,4.027123229487458,24.7694286758366,15.452598143953317,184.4200873561421,103.81687370540408,19.001134951425858,16.222719219367583,0.4281315132134853,4.019294821879716,23.90422822836508,15.14683949473326,302.92927959596,49.69739792932248,18.703557496535225,17.143774493261482,0.4496063303990029,3.954311722318013,23.72777040140472,15.364634620798116,369.09035428207096,4.133659654029701,3.519779967499,monthly,74.44330534020847,-0.033736495054636606
Cauca,2024-02-02,2024-02-18,0.6443808515632791,0.4585542146093145,204.24576808103976,87.76100428166879,19.50564398752709,17.128324993015696,0.4391770348980214,3.9900292368451513,23.909226223759177,15.876703908810798,184.6702669259289,110.22696158572043,19.757815874822988,16.425668775858288,0.40284468174778065,4.027123229487458,24.7694286758366,15.452598143953317,184.4200873561421,103.81687370540408,19.001134951425858,16.222719219367583,0.4281315132134853,4.019294821879716,23.90422822836508,15.14683949473326,388.9160350069686,3.345244797998724,4.133659654029701,monthly,116.48476379937097,0.002365101599079711
Cauca,2024-02-18,2024-03-05,0.7661047024418911,0.4503403494388692,237.80895728160323,96.3325847832659,19.14907401779834,16.648649850203437,0.43540685540068946,3.9671307103022357,23.875141783174847,14.433638697028464,204.24576808103976,87.76100428166879,19.50564398752709,17.128324993015696,0.4391770348980214,3.9900292368451513,23.909226223759177,15.876703908810798,184.6702669259289,110.22696158572043,19.757815874822988,16.425668775858288,0.40284468174778065,4.027123229487458,24.7694286758366,15.452598143953317,442.054725362643,3.345244797998724,4.133659654029701,monthly,141.47637249833733,-0.006618565660748588
Cauca,2024-03-05,2024-03-21,0.6321121152341649,0.4143547634569481,212.32413683553293,96.00362278752633,19.808258062150195,17.27607908736379,0.4408056904343038,3.9538856527964246,24.40439485131258,16.318427473818332,237.80895728160323,96.3325847832659,19.14907401779834,16.648649850203437,0.43540685540068946,3.9671307103022357,23.875141783174847,14.433638697028464,204.24576808103976,87.76100428166879,19.50564398752709,17.128324993015696,0.4391770348980214,3.9900292368451513,23.909226223759177,15.876703908810798,450.1330941171361,3.5867765052273173,3.345244797998724,monthly,116.3205140480066,-0.0029105006933833333
Cauca,2024-03-21,2024-04-06,0.6240339630524289,0.3852186514087056,230.83421799990558,85.27874621046561,19.198012295114303,17.048825663609605,0.44472345779423494,3.960731135590456,23.427864944084373,16.05811928705254,212.32413683553293,96.00362278752633,19.808258062150195,17.27607908736379,0.4408056904343038,3.9538856527964246,24.40439485131258,16.318427473818332,237.80895728160323,96.3325847832659,19.14907401779834,16.648649850203437,0.43540685540068946,3.9671307103022357,23.875141783174847,14.433638697028464,443.1583548354385,3.5867765052273173,3.345244797998724,monthly,145.55547178943996,-0.0004068816328136049
Cauca,2024-04-06,2024-04-22,0.6963816344066969,0.439981125646631,274.71413954821764,101.0768360379665,19.640810475248067,16.989892537693308,0.4324663008520995,3.971305345026644,25.00344393653995,15.692469328662142,230.83421799990558,85.27874621046561,19.198012295114303,17.048825663609605,0.44472345779423494,3.960731135590456,23.427864944084373,16.05811928705254,212.32413683553293,96.00362278752633,19.808258062150195,17.27607908736379,0.4408056904343038,3.9538856527964246,24.40439485131258,16.318427473818332,505.54835754812325,3.661179729476321,3.5867765052273173,monthly,173.63730351025114,-0.013391487314391326
Cauca,2024-04-22,2024-05-08,0.5973144089027772,0.4009195425960038,383.0256646196509,64.93991398176678,19.144067426216218,17.455538851975128,0.4513313785509393,3.961116572732836,23.514372360769084,15.630994177791289,274.71413954821764,101.0768360379665,19.640810475248067,16.989892537693308,0.4324663008520995,3.971305345026644,25.00344393653995,15.692469328662142,230.83421799990558,85.27874621046561,19.198012295114303,17.048825663609605,0.44472345779423494,3.960731135590456,23.427864944084373,16.05811928705254,657.7398041678686,3.661179729476321,3.5867765052273173,monthly,318.08575063788413,0.004491945160894295
Cauca,2024-05-08,2024-05-24,0.6275106771235842,0.4046594603633653,399.17876899494877,67.84533186345125,19.25392669769527,17.365653179970025,0.44958275361844957,3.95065241617293,23.774915709335342,16.325355532925023,383.0256646196509,64.93991398176678,19.144067426216218,17.455538851975128,0.4513313785509393,3.961116572732836,23.514372360769084,15.630994177791289,274.71413954821764,101.0768360379665,19.640810475248067,16.989892537693308,0.4324663008520995,3.971305345026644,25.00344393653995,15.692469328662142,782.2044336145997,3.5989882753189417,3.661179729476321,monthly,331.33343713149753,0.0035770582673522178
Cauca,2024-05-24,2024-06-09,0.709766096221288,0.4083789376183071,288.94014618791016,71.685541274424,19.052176943595413,16.860198376357474,0.44580133656330684,3.965457085132247,24.43309466054547,16.323947519970837,399.17876899494877,67.84533186345125,19.25392669769527,17.365653179970025,0.44958275361844957,3.95065241617293,23.774915709335342,16.325355532925023,383.0256646196509,64.93991398176678,19.144067426216218,17.455538851975128,0.4513313785509393,3.961116572732836,23.514372360769084,15.630994177791289,688.1189151828589,3.5989882753189417,3.661179729476321,monthly,217.25460491348616,0.0001013390410892212
Cauca,2024-06-09,2024-06-25,0.6320096799619147,0.4018213014165407,386.44585394966975,70.8728402810124,18.555437230440944,16.4718464468367,0.44763047555385227,3.9796353668121807,23.920979140575213,15.034792046902629,288.94014618791016,71.685541274424,19.052176943595413,16.860198376357474,0.44580133656330684,3.965457085132247,24.43309466054547,16.323947519970837,399.17876899494877,67.84533186345125,19.25392669769527,17.365653179970025,0.44958275361844957,3.95065241617293,23.774915709335342,16.325355532925023,675.3860001375799,3.59798719447128,3.5989882753189417,monthly,315.5730136686574,0.005191974022113577
Cauca,2024-06-25,2024-07-11,0.6468414981750659,0.3785695157909559,275.5933071742247,74.57019534063869,18.27139834911293,15.943076569929453,0.4439394059937601,3.9752765559901717,23.582853759086,14.546764459982288,386.44585394966975,70.8728402810124,18.555437230440944,16.4718464468367,0.44763047555385227,3.9796353668121807,23.920979140575213,15.034792046902629,288.94014618791016,71.685541274424,19.052176943595413,16.860198376357474,0.44580133656330684,3.965457085132247,24.43309466054547,16.323947519970837,662.0391611238945,3.59798719447128,3.5989882753189417,monthly,201.02311183358603,0.006483835306820784
Cauca,2024-07-11,2024-07-27,0.6155454791795475,0.3748558564710717,168.1392798216954,95.98588572530649,18.60837517025699,15.05157033847767,0.4218687106807985,3.962177083011067,23.153001292271096,14.746852238376077,275.5933071742247,74.57019534063869,18.27139834911293,15.943076569929453,0.4439394059937601,3.9752765559901717,23.582853759086,14.546764459982288,386.44585394966975,70.8728402810124,18.555437230440944,16.4718464468367,0.44763047555385227,3.9796353668121807,23.920979140575213,15.034792046902629,443.7325869959201,3.872908637731753,3.59798719447128,monthly,72.15339409638891,-0.012397843092849747
Cauca,2024-07-27,2024-08-12,0.6931312239932056,0.4356823402709814,219.4405112629526,96.18422467661722,18.58383737498745,15.475231468716407,0.4198841060714846,3.930752155954042,24.29818886249277,15.08559522598639,168.1392798216954,95.98588572530649,18.60837517025699,15.05157033847767,0.4218687106807985,3.962177083011067,23.153001292271096,14.746852238376077,275.5933071742247,74.57019534063869,18.27139834911293,15.943076569929453,0.4439394059937601,3.9752765559901717,23.582853759086,14.546764459982288,387.57979108464804,3.872908637731753,3.59798719447128,monthly,123.25628658633539,-0.007349616910193035
Cauca,2024-08-12,2024-08-28,0.6806800251862358,0.4226376924672258,187.55970980112482,116.55883203960494,18.728466369535447,15.015238799172032,0.41958708657123805,3.9074397029357404,24.19229878661136,14.07463083576962,219.4405112629526,96.18422467661722,18.58383737498745,15.475231468716407,0.4198841060714846,3.930752155954042,24.29818886249277,15.08559522598639,168.1392798216954,95.98588572530649,18.60837517025699,15.05157033847767,0.4218687106807985,3.962177083011067,23.153001292271096,14.746852238376077,407.00022106407744,3.65866614489197,3.872908637731753,monthly,71.00087776151989,-0.005874172787726006
Cauca,2024-08-28,2024-09-13,0.7388621844990665,0.4756860217266601,124.93760480516045,136.15514444304492,19.324447409424195,14.680925611426694,0.39312158522070745,3.9044845074065018,24.66116400500865,14.538052382816788,187.55970980112482,116.55883203960494,18.728466369535447,15.015238799172032,0.41958708657123805,3.9074397029357404,24.19229878661136,14.07463083576962,219.4405112629526,96.18422467661722,18.58383737498745,15.475231468716407,0.4198841060714846,3.930752155954042,24.29818886249277,15.08559522598639,312.4973146062853,3.65866614489197,3.872908637731753,monthly,-11.217539637884471,-0.03161902908480163
Cauca,2024-09-13,2024-09-29,0.6767924950919538,0.3638375309591456,167.95511449852972,125.20627097681596,19.48419100186593,15.52653759964033,0.38809928663265647,3.9056181417496507,25.158518607549205,15.40019823775961,124.93760480516045,136.15514444304492,19.324447409424195,14.680925611426694,0.39312158522070745,3.9044845074065018,24.66116400500865,14.538052382816788,187.55970980112482,116.55883203960494,18.728466369535447,15.015238799172032,0.41958708657123805,3.9074397029357404,24.19229878661136,14.07463083576962,292.89271930369017,3.208505367155302,3.65866614489197,monthly,42.748843521713766,-0.040680344346295194
Cauca,2024-09-29,2024-10-15,0.6593739710194327,0.3734733329284538,276.16252363498404,93.93455985158297,18.578754298271086,16.05836354708837,0.44043185866917595,3.9127967267113832,23.408054232275788,14.896315844483205,167.95511449852972,125.20627097681596,19.48419100186593,15.52653759964033,0.38809928663265647,3.9056181417496507,25.158518607549205,15.40019823775961,124.93760480516045,136.15514444304492,19.324447409424195,14.680925611426694,0.39312158522070745,3.9044845074065018,24.66116400500865,14.538052382816788,444.11763813351376,3.208505367155302,3.65866614489197,monthly,182.22796378340107,0.0022061821124751413
Cauca,2024-10-15,2024-10-31,0.6033059179995444,0.3311721199767911,241.58576599417768,92.38605467650731,18.968422958389137,16.271600616361617,0.4341890015572246,3.9241031378291034,24.059945110454347,15.08117813603493,276.16252363498404,93.93455985158297,18.578754298271086,16.05836354708837,0.44043185866917595,3.9127967267113832,23.408054232275788,14.896315844483205,167.95511449852972,125.20627097681596,19.48419100186593,15.52653759964033,0.38809928663265647,3.9056181417496507,25.158518607549205,15.40019823775961,517.7482896291617,3.946613356010336,3.208505367155302,monthly,149.19971131767036,-0.009914787546232151
Cauca,2024-10-31,2024-11-16,0.5474398016076061,0.3282661732720383,127.2824023740527,101.88331058874883,18.50345878419617,15.773370016395656,0.4314724919147821,3.9399913440992833,23.33319442310064,14.897594960041449,241.58576599417768,92.38605467650731,18.968422958389137,16.271600616361617,0.4341890015572246,3.9241031378291034,24.059945110454347,15.08117813603493,276.16252363498404,93.93455985158297,18.578754298271086,16.05836354708837,0.44043185866917595,3.9127967267113832,23.408054232275788,14.896315844483205,368.8681683682304,3.946613356010336,3.208505367155302,monthly,25.399091785303867,-0.015200737172280154
Cauca,2024-11-16,2024-12-02,0.5574415173018883,0.361841289662849,215.0444183410402,75.74833687893127,18.242903746869914,16.297474096983258,0.44460006198884583,3.936746673059302,23.100114660196564,15.57080746238031,127.2824023740527,101.88331058874883,18.50345878419617,15.773370016395656,0.4314724919147821,3.9399913440992833,23.33319442310064,14.897594960041449,241.58576599417768,92.38605467650731,18.968422958389137,16.271600616361617,0.4341890015572246,3.9241031378291034,24.059945110454347,15.08117813603493,342.3268207150929,3.589856453479544,3.946613356010336,monthly,139.29608146210893,-0.0024257613557099877
Cauca,2024-12-02,2024-12-18,0.5295850795433518,0.3444475222468897,229.84904936789388,78.41303052127336,18.449714140377104,16.530137849911625,0.4460016356062892,3.9174885857707493,22.73387882262992,15.603447640202354,215.0444183410402,75.74833687893127,18.242903746869914,16.297474096983258,0.44460006198884583,3.936746673059302,23.100114660196564,15.57080746238031,127.2824023740527,101.88331058874883,18.50345878419617,15.773370016395656,0.4314724919147821,3.9399913440992833,23.33319442310064,14.897594960041449,444.89346770893405,3.4427805698422955,3.589856453479544,monthly,151.43601884662053,0.00124978679935972
Cauca,2024-12-18,2025-01-01,0.4691955983249027,0.3118327430761178,292.65722327323857,57.96631112697344,18.16165273083733,16.524656095029318,0.44877947305677013,3.952056897762947,22.180044241388835,15.603618517378964,229.84904936789388,78.41303052127336,18.449714140377104,16.530137849911625,0.4460016356062892,3.9174885857707493,22.73387882262992,15.603447640202354,215.0444183410402,75.74833687893127,18.242903746869914,16.297474096983258,0.44460006198884583,3.936746673059302,23.100114660196564,15.57080746238031,522.5062726411325,3.4427805698422955,3.589856453479544,monthly,234.69091214626513,0.005507521969789597
Cauca,2025-01-01,2025-01-17,0.6055608507395894,0.3737246976608763,279.95299947125216,79.75516285722085,18.152762461695524,16.179172098586797,0.4444594850133309,4.019294821879716,22.717108948830138,14.948099188719736,292.65722327323857,57.96631112697344,18.16165273083733,16.524656095029318,0.44877947305677013,3.952056897762947,22.180044241388835,15.603618517378964,229.84904936789388,78.41303052127336,18.449714140377104,16.530137849911625,0.4460016356062892,3.9174885857707493,22.73387882262992,15.603447640202354,572.6102227444908,3.695344319939151,3.4427805698422955,monthly,200.1978366140313,0.007132195939530517
Cauca,2025-01-17,2025-02-02,0.7482666567585953,0.432778887493452,269.3966264494708,94.88792878557217,18.244392759532055,15.502662953400506,0.4309834615716468,4.027123229487458,22.92739580932801,13.985766855461735,279.95299947125216,79.75516285722085,18.152762461695524,16.179172098586797,0.4444594850133309,4.019294821879716,22.717108948830138,14.948099188719736,292.65722327323857,57.96631112697344,18.16165273083733,16.524656095029318,0.44877947305677013,3.952056897762947,22.180044241388835,15.603618517378964,549.3496259207229,3.695344319939151,3.4427805698422955,monthly,174.5086976638986,-0.005597715230770461
Cauca,2025-02-02,2025-02-18,0.4570060520292795,0.3311365998963446,411.6549760067847,61.40795853527311,18.005505989783792,16.45509267345983,0.4472635293344762,3.990023639261449,21.84783601566295,15.011733299709803,269.3966264494708,94.88792878557217,18.244392759532055,15.502662953400506,0.4309834615716468,4.027123229487458,22.92739580932801,13.985766855461735,279.95299947125216,79.75516285722085,18.152762461695524,16.179172098586797,0.4444594850133309,4.019294821879716,22.717108948830138,14.948099188719736,681.0516024562555,3.257379740212817,3.695344319939151,monthly,350.2470174715116,0.010451596035534527
Cauca,2025-02-18,2025-03-06,0.5395055170891249,0.3296440734952331,332.19683350692753,62.89455332055867,18.244342963439642,16.690504560076462,0.4515881363787679,3.9667838865098206,22.43199375306458,15.235803240099992,411.6549760067847,61.40795853527311,18.005505989783792,16.45509267345983,0.4472635293344762,3.990023639261449,21.84783601566295,15.011733299709803,269.3966264494708,94.88792878557217,18.244392759532055,15.502662953400506,0.4309834615716468,4.027123229487458,22.92739580932801,13.985766855461735,743.8518095137122,3.257379740212817,3.695344319939151,monthly,269.3022801863689,0.009562715317329828
Cauca,2025-03-06,2025-03-22,0.5102331943914833,0.3189563575834036,259.64874740126686,75.42367865130595,18.417289112369502,16.40507135274091,0.44873158186865836,3.9536970600673036,23.29000182163923,14.87830581036033,332.19683350692753,62.89455332055867,18.244342963439642,16.690504560076462,0.4515881363787679,3.9667838865098206,22.43199375306458,15.235803240099992,411.6549760067847,61.40795853527311,18.005505989783792,16.45509267345983,0.4472635293344762,3.990023639261449,21.84783601566295,15.011733299709803,591.8455809081944,3.2339492872030697,3.257379740212817,monthly,184.2250687499609,0.005015390740971237
Cauca,2025-03-22,2025-04-07,0.6202028468487347,0.454817575854203,328.043094680946,73.20664091875669,18.709055402222184,16.659257055661392,0.44799635247991926,3.961533772785018,23.35342679345369,15.600645877146048,259.64874740126686,75.42367865130595,18.417289112369502,16.40507135274091,0.44873158186865836,3.9536970600673036,23.29000182163923,14.87830581036033,332.19683350692753,62.89455332055867,18.244342963439642,16.690504560076462,0.4515881363787679,3.9667838865098206,22.43199375306458,15.235803240099992,587.6918420822128,3.2339492872030697,3.257379740212817,monthly,254.8364537621893,0.0028660130528707084
Cauca,2025-04-07,2025-04-23,0.6959829199192609,0.3841976987734047,311.0619119788778,85.90417848550616,18.921231466384206,16.556138229058465,0.4434393709453108,3.9713473534227983,24.09285084513814,15.34427347371899,328.043094680946,73.20664091875669,18.709055402222184,16.659257055661392,0.44799635247991926,3.961533772785018,23.35342679345369,15.600645877146048,259.64874740126686,75.42367865130595,18.417289112369502,16.40507135274091,0.44873158186865836,3.9536970600673036,23.29000182163923,14.87830581036033,639.1050066598239,3.329800731797032,3.2339492872030697,monthly,225.1577334933716,-0.0024184172211800248
Cauca,2025-04-23,2025-05-09,0.5471115067870133,0.3400092761848431,336.2671019937691,68.28770129796918,18.381155595167677,16.61637391429605,0.44943787019739584,3.960168594048689,23.13476104996965,15.033028457762834,311.0619119788778,85.90417848550616,18.921231466384206,16.556138229058465,0.4434393709453108,3.9713473534227983,24.09285084513814,15.34427347371899,328.043094680946,73.20664091875669,18.709055402222184,16.659257055661392,0.44799635247991926,3.961533772785018,23.35342679345369,15.600645877146048,647.3290139726469,3.329800731797032,3.2339492872030697,monthly,267.9794006957999,0.0025984368073508346
Cauca,2025-05-09,2025-05-25,0.6096164349796659,0.3316822684726454,276.82532929763613,77.00438956449952,18.7852298876405,16.511115860723038,0.4454369562341176,3.950884538241548,23.515152851944308,15.76518767485146,336.2671019937691,68.28770129796918,18.381155595167677,16.61637391429605,0.44943787019739584,3.960168594048689,23.13476104996965,15.033028457762834,311.0619119788778,85.90417848550616,18.921231466384206,16.556138229058465,0.4434393709453108,3.9713473534227983,24.09285084513814,15.34427347371899,613.0924312914052,3.563423300463284,3.329800731797032,monthly,199.8209397331366,-0.000568739116979744
Cauca,2025-05-25,2025-06-10,0.6355720720856849,0.4155062196822289,296.97050268683677,69.67354094912962,18.516751872494968,16.391707658462146,0.4464673238305761,3.9666149707618157,23.14612069542125,15.454232544899147,276.82532929763613,77.00438956449952,18.7852298876405,16.511115860723038,0.4454369562341176,3.950884538241548,23.515152851944308,15.76518767485146,336.2671019937691,68.28770129796918,18.381155595167677,16.61637391429605,0.44943787019739584,3.960168594048689,23.13476104996965,15.033028457762834,573.7958319844729,3.563423300463284,3.329800731797032,monthly,227.29696173770714,0.0007673263083584625
Cauca,2025-06-10,2025-06-26,0.6856689301985671,0.3879085259783261,313.5216507802362,68.29636951274492,18.192058004204966,16.120842705547627,0.4477536010111772,3.9798227446678176,22.764470451020227,15.047551209779096,296.97050268683677,69.67354094912962,18.516751872494968,16.391707658462146,0.4464673238305761,3.9666149707618157,23.14612069542125,15.454232544899147,276.82532929763613,77.00438956449952,18.7852298876405,16.511115860723038,0.4454369562341176,3.950884538241548,23.515152851944308,15.76518767485146,610.492153467073,3.352213320233042,3.563423300463284,monthly,245.22528126749128,0.005315099479438534
Cauca,2025-06-26,2025-07-12,0.6200906267811018,0.3650425737929786,275.3527738166807,76.60751966490632,18.00292919479097,15.437281821145632,0.44239354451217333,3.974873941209179,22.489950223442573,14.40986224127255,313.5216507802362,68.29636951274492,18.192058004204966,16.120842705547627,0.4477536010111772,3.9798227446678176,22.764470451020227,15.047551209779096,296.97050268683677,69.67354094912962,18.516751872494968,16.391707658462146,0.4464673238305761,3.9666149707618157,23.14612069542125,15.454232544899147,588.8744245969169,3.352213320233042,3.563423300463284,monthly,198.74525415177442,0.004937973825234032
Cauca,2025-07-12,2025-07-28,0.6258632341702567,0.406929163017236,197.696043079354,87.59478726890916,18.45325012490592,15.276347382812308,0.4303797564036166,3.9605592569871906,22.8646738436414,14.488387425708016,275.3527738166807,76.60751966490632,18.00292919479097,15.437281821145632,0.44239354451217333,3.974873941209179,22.489950223442573,14.40986224127255,313.5216507802362,68.29636951274492,18.192058004204966,16.120842705547627,0.4477536010111772,3.9798227446678176,22.764470451020227,15.047551209779096,473.04881689603474,3.473250209307371,3.352213320233042,monthly,110.10125581044485,-0.0038867973700316694
Cauca,2025-07-28,2025-08-13,0.6032390873702871,0.3783256726722551,199.70203408639082,88.71530121060789,18.203613047223502,15.217935643628,0.43025361080500235,3.928723427683921,22.85441697605392,13.985241617212433,197.696043079354,87.59478726890916,18.45325012490592,15.276347382812308,0.4303797564036166,3.9605592569871906,22.8646738436414,14.488387425708016,275.3527738166807,76.60751966490632,18.00292919479097,15.437281821145632,0.44239354451217333,3.974873941209179,22.489950223442573,14.40986224127255,397.39807716574484,3.473250209307371,3.352213320233042,monthly,110.98673287578293,0.0030198878233247406
Cauca,2025-08-13,2025-08-29,0.656300244376165,0.3655837190000564,273.4522558543824,87.1865343035791,18.15159181411025,15.54412144582366,0.44041115086190824,3.9069408336301445,23.165543952646345,14.933441331375516,199.70203408639082,88.71530121060789,18.203613047223502,15.217935643628,0.43025361080500235,3.928723427683921,22.85441697605392,13.985241617212433,197.696043079354,87.59478726890916,18.45325012490592,15.276347382812308,0.4303797564036166,3.9605592569871906,22.8646738436414,14.488387425708016,473.1542899407732,3.263715077722791,3.473250209307371,monthly,186.26572155080328,0.01494989150294418
Cauca,2025-08-29,2025-09-14,0.5064067140442408,0.3288179734804818,208.336709144628,96.03542316588097,18.269450767080077,15.320267324046224,0.43647291327850984,3.904345525960367,22.89026126172806,14.743562192017572,273.4522558543824,87.1865343035791,18.15159181411025,15.54412144582366,0.44041115086190824,3.9069408336301445,23.165543952646345,14.933441331375516,199.70203408639082,88.71530121060789,18.203613047223502,15.217935643628,0.43025361080500235,3.928723427683921,22.85441697605392,13.985241617212433,481.7889649990104,3.263715077722791,3.473250209307371,monthly,112.30128597874703,0.011732298973000765
Cauca,2025-09-14,2025-09-30,0.7152527859675268,0.4396427953527756,291.1930493023727,90.03686033820688,18.21305364003822,15.552050675072694,0.43985085621315095,3.905997852224383,23.388893770460093,14.211254311764792,208.336709144628,96.03542316588097,18.269450767080077,15.320267324046224,0.43647291327850984,3.904345525960367,22.89026126172806,14.743562192017572,273.4522558543824,87.1865343035791,18.15159181411025,15.54412144582366,0.44041115086190824,3.9069408336301445,23.165543952646345,14.933441331375516,499.5297584470007,2.997056646610516,3.263715077722791,monthly,201.1561889641658,0.011071225234199289
Cauca,2025-09-30,2025-10-16,0.6146939762611446,0.4198508760945073,305.26707775249565,76.03759701655802,17.75211467140535,15.680098662776441,0.4452003348187341,3.913252467418305,22.41651828295868,14.537726213964277,291.1930493023727,90.03686033820688,18.21305364003822,15.552050675072694,0.43985085621315095,3.905997852224383,23.388893770460093,14.211254311764792,208.336709144628,96.03542316588097,18.269450767080077,15.320267324046224,0.43647291327850984,3.904345525960367,22.89026126172806,14.743562192017572,596.4601270548683,2.997056646610516,3.263715077722791,monthly,229.2294807359376,0.006974658262033306
Cauca,2025-10-16,2025-11-01,0.6652298495859996,0.3499749162301225,362.66164808420365,72.23055295008581,18.193688490748784,16.38195941150645,0.44824897548512843,3.925094907039089,22.50561618573807,14.646341437786004,305.26707775249565,76.03759701655802,17.75211467140535,15.680098662776441,0.4452003348187341,3.913252467418305,22.41651828295868,14.537726213964277,291.1930493023727,90.03686033820688,18.21305364003822,15.552050675072694,0.43985085621315095,3.905997852224383,23.388893770460093,14.211254311764792,667.9287258366993,3.2733527276433163,2.997056646610516,monthly,290.43109513411787,0.004145186381671662
Cauca,2025-11-01,2025-11-17,0.5686422565269671,0.3385653685596809,334.9917196825319,69.75885365065278,18.18473555909417,16.477457870397068,0.4488352212355677,3.9408495048496714,22.655100336303573,15.21833254208089,362.66164808420365,72.23055295008581,18.193688490748784,16.38195941150645,0.44824897548512843,3.925094907039089,22.50561618573807,14.646341437786004,305.26707775249565,76.03759701655802,17.75211467140535,15.680098662776441,0.4452003348187341,3.913252467418305,22.41651828295868,14.537726213964277,697.6533677667355,3.376603274703219,3.2733527276433163,monthly,265.2328660318791,0.0021619921485054316
Cauca,2025-11-17,2025-12-03,0.6186963024194562,0.3500671329365018,304.6319325720957,69.43518424693309,18.19847508782464,16.434948994335073,0.44898682661620304,3.9354767993760094,22.647639796907484,15.275412257908926,334.9917196825319,69.75885365065278,18.18473555909417,16.477457870397068,0.4488352212355677,3.9408495048496714,22.655100336303573,15.21833254208089,362.66164808420365,72.23055295008581,18.193688490748784,16.38195941150645,0.44824897548512843,3.925094907039089,22.50561618573807,14.646341437786004,639.6236522546276,3.376603274703219,3.2733527276433163,monthly,235.19674832516262,0.0019610032716472214
Cauca,2025-12-03,2025-12-19,0.7052880673992082,0.3882739431425907,112.61124822637916,104.72791908767827,18.394296969748442,15.412825048644141,0.42437422684328263,3.917288124198164,23.124273501169423,13.945343358203708,304.6319325720957,69.43518424693309,18.19847508782464,16.434948994335073,0.44898682661620304,3.9354767993760094,22.647639796907484,15.275412257908926,334.9917196825319,69.75885365065278,18.18473555909417,16.477457870397068,0.4488352212355677,3.9408495048496714,22.655100336303573,15.21833254208089,417.2431807984749,3.68157144220629,3.376603274703219,monthly,7.883329138700887,-0.02037762196364684
Cauca,2025-12-19,2026-01-01,0.5998976094850323,0.3352117191720766,167.3144526697799,56.91921501137669,18.02663026490767,16.165815519429522,0.4459035980941596,3.954311722318013,22.316295323346232,14.648644598007474,112.61124822637916,104.72791908767827,18.394296969748442,15.412825048644141,0.42437422684328263,3.917288124198164,23.124273501169423,13.945343358203708,304.6319325720957,69.43518424693309,18.19847508782464,16.434948994335073,0.44898682661620304,3.9354767993760094,22.647639796907484,15.275412257908926,279.92570089615907,3.68157144220629,3.376603274703219,monthly,110.39523765840322,0.00263164700717905
Cauca,2026-01-01,2026-01-17,0.5209853795285233,0.295337339781529,330.0629739630523,63.02299517803232,17.852960858740904,16.253429873854635,0.4494530804127037,4.019294821879716,22.015506042642222,15.090641558083544,167.3144526697799,56.91921501137669,18.02663026490767,16.165815519429522,0.4459035980941596,3.954311722318013,22.316295323346232,14.648644598007474,112.61124822637916,104.72791908767827,18.394296969748442,15.412825048644141,0.42437422684328263,3.917288124198164,23.124273501169423,13.945343358203708,497.3774266328322,2.9366583111244102,3.68157144220629,monthly,267.03997878501997,0.012125791338903347
Cauca,2026-01-17,2026-02-02,0.6240716286529098,0.3487605637640571,350.8844942815588,64.53451801753741,18.149485717897456,16.51463529545183,0.448469705437882,4.027123229487458,22.70411950102251,15.598303605311097,330.0629739630523,63.02299517803232,17.852960858740904,16.253429873854635,0.4494530804127037,4.019294821879716,22.015506042642222,15.090641558083544,167.3144526697799,56.91921501137669,18.02663026490767,16.165815519429522,0.4459035980941596,3.954311722318013,22.316295323346232,14.648644598007474,680.9474682446111,2.9366583111244102,3.68157144220629,monthly,286.3499762640214,0.011888528635464746
Cauca,2026-02-02,2026-02-18,0.6032881091599586,0.3474825833016967,260.78632818676886,76.19827102201425,18.07048998770887,16.115893355509858,0.4471618326729805,3.990023639261449,22.5261193809732,14.694414871365792,350.8844942815588,64.53451801753741,18.149485717897456,16.51463529545183,0.448469705437882,4.027123229487458,22.70411950102251,15.598303605311097,330.0629739630523,63.02299517803232,17.852960858740904,16.253429873854635,0.4494530804127037,4.019294821879716,22.015506042642222,15.090641558083544,611.6708224683276,3.1138165760580354,2.9366583111244102,monthly,184.58805716475462,0.010349899374038796
Cauca,2026-02-18,2026-03-06,0.7036979355303792,0.4090759614797082,235.9465708359309,89.33881076789467,18.68191027859678,16.342283363851926,0.4402135967990799,3.9667838865098206,23.75825377700523,15.182324327599115,260.78632818676886,76.19827102201425,18.07048998770887,16.115893355509858,0.4471618326729805,3.990023639261449,22.5261193809732,14.694414871365792,350.8844942815588,64.53451801753741,18.149485717897456,16.51463529545183,0.448469705437882,4.027123229487458,22.70411950102251,15.598303605311097,496.73289902269977,3.1138165760580354,2.9366583111244102,monthly,146.60776006803624,-0.0018118242623581526
Cauca,2026-03-06,2026-03-22,0.7791722417936074,0.4170400172811159,190.80169917932963,99.08853167806741,18.856123690529223,16.144299383759673,0.4356541972118887,3.9536970600673036,24.033929662124933,13.955332595582783,235.9465708359309,89.33881076789467,18.68191027859678,16.342283363851926,0.4402135967990799,3.9667838865098206,23.75825377700523,15.182324327599115,260.78632818676886,76.19827102201425,18.07048998770887,16.115893355509858,0.4471618326729805,3.990023639261449,22.5261193809732,14.694414871365792,426.7482700152606,3.484729263708811,3.1138165760580354,monthly,91.71316750126222,-0.008061993915798427
Cauca,2026-03-22,2026-04-07,0.7175898568764196,0.4441667594556908,177.47266258643583,90.35100701370615,18.7919954515673,16.46006137327218,0.4367556790328304,3.961533772785018,23.36939325721415,15.549829885301063,190.80169917932963,99.08853167806741,18.856123690529223,16.144299383759673,0.4356541972118887,3.9536970600673036,24.033929662124933,13.955332595582783,235.9465708359309,89.33881076789467,18.68191027859678,16.342283363851926,0.4402135967990799,3.9667838865098206,23.75825377700523,15.182324327599115,368.27436176576543,3.484729263708811,3.1138165760580354,monthly,87.12165557272968,-0.008374660394218136
Cauca,2026-04-07,2026-04-23,0.7067027826678596,0.4910537594532291,221.86871643389637,85.45258131477486,18.9222357189481,16.495689509721103,0.44270362662688845,3.9713473534227983,24.218215586488824,15.58459989665138,177.47266258643583,90.35100701370615,18.7919954515673,16.46006137327218,0.4367556790328304,3.961533772785018,23.36939325721415,15.549829885301063,190.80169917932963,99.08853167806741,18.856123690529223,16.144299383759673,0.4356541972118887,3.9536970600673036,24.033929662124933,13.955332595582783,399.34137902033217,3.462979627799813,3.484729263708811,monthly,136.41613511912152,-0.0031541615396023515
Cauca,2026-04-23,2026-05-09,0.7210264542333548,0.4084056036929498,276.1512195361977,80.50478777199963,18.798983736978286,16.598298078202127,0.4432539073725281,3.960168594048689,23.1766985288631,15.7630499571469,221.86871643389637,85.45258131477486,18.9222357189481,16.495689509721103,0.44270362662688845,3.9713473534227983,24.218215586488824,15.58459989665138,177.47266258643583,90.35100701370615,18.7919954515673,16.46006137327218,0.4367556790328304,3.961533772785018,23.36939325721415,15.549829885301063,498.019935970094,3.462979627799813,3.484729263708811,monthly,195.64643176419804,-0.0035855260175168824
Cauca,2026-05-09,2026-05-25,0.5986176685433081,0.3853656954471307,246.56980577203683,77.2557998404229,19.237825042639606,16.85985382914349,0.4438748808873436,3.950884538241548,24.065100901219243,15.727106848377794,276.1512195361977,80.50478777199963,18.798983736978286,16.598298078202127,0.4432539073725281,3.960168594048689,23.1766985288631,15.7630499571469,221.86871643389637,85.45258131477486,18.9222357189481,16.495689509721103,0.44270362662688845,3.9713473534227983,24.218215586488824,15.58459989665138,522.7210253082345,3.5144769173671824,3.462979627799813,monthly,169.31400593161393,-0.0021308144637537385
Cauca,2026-05-25,2026-06-10,0.6360197193679393,0.4152551077401333,267.95329136916047,68.82335711254285,18.947635763120005,16.696126650498847,0.4424929472567463,3.9666149707618157,23.80417450293076,15.908436252404714,246.56980577203683,77.2557998404229,19.237825042639606,16.85985382914349,0.4438748808873436,3.950884538241548,24.065100901219243,15.727106848377794,276.1512195361977,80.50478777199963,18.798983736978286,16.598298078202127,0.4432539073725281,3.960168594048689,23.1766985288631,15.7630499571469,514.5230971411972,3.5144769173671824,3.462979627799813,monthly,199.12993425661762,-0.0032070502654713007
Cauca,2026-06-10,2026-06-26,0.7831052318486895,0.4963253270905134,240.71910715434208,78.46859885106132,18.76410438868293,16.22006858533841,0.4425866956697645,3.9798227446678176,24.03952793950797,15.179284175849007,267.95329136916047,68.82335711254285,18.947635763120005,16.696126650498847,0.4424929472567463,3.9666149707618157,23.80417450293076,15.908436252404714,246.56980577203683,77.2557998404229,19.237825042639606,16.85985382914349,0.4438748808873436,3.950884538241548,24.065100901219243,15.727106848377794,508.6723985235026,3.2373574163810908,3.5144769173671824,monthly,162.25050830328075,0.0001481941380258034
Cauca,2026-06-26,2026-07-12,0.6300139371618753,0.3378058597164433,256.55036636405606,79.64199667153497,19.214983857049198,16.294570726915985,0.43580704002801396,3.974873941209179,23.90055956608175,16.141901397571658,240.71910715434208,78.46859885106132,18.76410438868293,16.22006858533841,0.4425866956697645,3.9798227446678176,24.03952793950797,15.179284175849007,267.95329136916047,68.82335711254285,18.947635763120005,16.696126650498847,0.4424929472567463,3.9666149707618157,23.80417450293076,15.908436252404714,497.2694735183982,3.2373574163810908,3.5144769173671824,monthly,176.9083696925211,-0.0016485306589253401
Cauca,2026-07-12,2026-07-28,0.7253191950515477,0.4044675649158965,182.916112111775,84.93879870725213,18.82228123940922,15.963994105137083,0.4341737724038761,3.9605592569871906,23.641227619003512,15.360165878184423,256.55036636405606,79.64199667153497,19.214983857049198,16.294570726915985,0.43580704002801396,3.974873941209179,23.90055956608175,16.141901397571658,240.71910715434208,78.46859885106132,18.76410438868293,16.22006858533841,0.4425866956697645,3.9798227446678176,24.03952793950797,15.179284175849007,439.4664784758311,3.2182504709689925,3.2373574163810908,monthly,97.97731340452286,-9.278136977214357e-05
Narino,2000-03-21,2000-04-06,0.5073263231663527,0.3284521350824457,299.50416018169176,78.94630967978391,19.19529091190158,17.27826754056345,0.43908842169138407,3.9584127493105665,23.28556112934504,16.377706586301013,228.5880644361718,87.01795674250656,19.473351426741097,17.555819954005727,0.4366912466594256,3.9449619425082534,24.003274772829773,16.749589207900488,183.31856081165367,76.11320236902435,19.034239021713653,17.254231214424188,0.43966134797703965,3.931856259851253,22.97485343251572,16.104793924501436,528.0922246178636,3.460627913173419,,monthly,220.55785050190786,0.004423825065406506
Narino,2000-04-06,2000-04-22,0.6457839884056749,0.4378683879033413,220.56262555463013,78.05421220525841,19.553304110913228,17.677292850723006,0.4399603826625411,3.9659936973730434,23.751420224845543,17.09183161628869,299.50416018169176,78.94630967978391,19.19529091190158,17.27826754056345,0.43908842169138407,3.9584127493105665,23.28556112934504,16.377706586301013,228.5880644361718,87.01795674250656,19.473351426741097,17.555819954005727,0.4366912466594256,3.9449619425082534,24.003274772829773,16.749589207900488,520.0667857363219,3.574956988698572,3.460627913173419,monthly,142.50841334937172,0.002993123021627575
Narino,2000-04-22,2000-05-08,0.4850823298754659,0.3458253817645018,356.84006209346836,75.77291849434371,19.67104275996196,17.866989847313015,0.4403060698528084,3.918927703918968,23.971157087260497,17.208305514655308,220.56262555463013,78.05421220525841,19.553304110913228,17.677292850723006,0.4399603826625411,3.9659936973730434,23.751420224845543,17.09183161628869,299.50416018169176,78.94630967978391,19.19529091190158,17.27826754056345,0.43908842169138407,3.9584127493105665,23.28556112934504,16.377706586301013,577.4026876480984,3.574956988698572,3.460627913173419,monthly,281.0671435991246,0.0017505421938471266
Narino,2000-05-08,2000-05-24,0.4600227403293291,0.3129798487121968,283.61633486433925,66.39170290201287,19.481583793704303,17.810504871404298,0.4427347672804577,3.866658758981104,23.253811826141,16.925955268587117,356.84006209346836,75.77291849434371,19.67104275996196,17.866989847313015,0.4403060698528084,3.918927703918968,23.971157087260497,17.208305514655308,220.56262555463013,78.05421220525841,19.553304110913228,17.677292850723006,0.4399603826625411,3.9659936973730434,23.751420224845543,17.09183161628869,640.4563969578076,3.6193327641520208,3.574956988698572,monthly,217.22463196232638,0.004958486192732758
Narino,2000-05-24,2000-06-09,0.5068257778470394,0.3340893469160439,243.98577652287366,74.48286294706357,19.41176311801862,17.437591070435726,0.4377039340692218,3.8567618662959755,22.87389819867456,16.90444723035421,283.61633486433925,66.39170290201287,19.481583793704303,17.810504871404298,0.4427347672804577,3.866658758981104,23.253811826141,16.925955268587117,356.84006209346836,75.77291849434371,19.67104275996196,17.866989847313015,0.4403060698528084,3.918927703918968,23.971157087260497,17.208305514655308,527.602111387213,3.6193327641520208,3.574956988698572,monthly,169.5029135758101,0.0009882719540970086
Narino,2000-06-09,2000-06-25,0.5718033480568584,0.3737763978660324,254.88586012217212,70.44051599972568,19.059400825935192,17.170312010697128,0.4377853975969752,3.850747486449711,23.07303698213543,16.24922708168996,243.98577652287366,74.48286294706357,19.41176311801862,17.437591070435726,0.4377039340692218,3.8567618662959755,22.87389819867456,16.90444723035421,283.61633486433925,66.39170290201287,19.481583793704303,17.810504871404298,0.4427347672804577,3.866658758981104,23.253811826141,16.925955268587117,498.8716366450458,3.829529465748032,3.6193327641520208,monthly,184.44534412244644,0.0032220824363035083
Narino,2000-06-25,2000-07-11,0.4228601601034654,0.2923577539850199,232.47575023338655,72.75831334348177,19.27464429781955,17.145096040160794,0.43429418791479324,3.8346451643641264,22.99411860665836,16.579643167824837,254.88586012217212,70.44051599972568,19.059400825935192,17.170312010697128,0.4377853975969752,3.850747486449711,23.07303698213543,16.24922708168996,243.98577652287366,74.48286294706357,19.41176311801862,17.437591070435726,0.4377039340692218,3.8567618662959755,22.87389819867456,16.90444723035421,487.3616103555587,3.829529465748032,3.6193327641520208,monthly,159.71743688990477,0.0033292581143192224
Narino,2000-07-11,2000-07-27,0.425621339980088,0.2880259645794669,273.29616746594365,73.00029511633412,18.89670405736484,16.90047144661413,0.43625030390337394,3.8111001221720424,23.005989183629435,16.492227709591997,232.47575023338655,72.75831334348177,19.27464429781955,17.145096040160794,0.43429418791479324,3.8346451643641264,22.99411860665836,16.579643167824837,254.88586012217212,70.44051599972568,19.059400825935192,17.170312010697128,0.4377853975969752,3.850747486449711,23.07303698213543,16.24922708168996,505.7719176993302,3.9646464150007112,3.829529465748032,monthly,200.29587234960954,0.008646237191960837
Narino,2000-07-27,2000-08-12,0.5104403256666535,0.361007666006219,230.7027013366876,81.3092625124067,18.730740245625896,16.41323833987326,0.4344882379569105,3.7702018732782783,23.37219300012096,16.144454078455794,273.29616746594365,73.00029511633412,18.89670405736484,16.90047144661413,0.43625030390337394,3.8111001221720424,23.005989183629435,16.492227709591997,232.47575023338655,72.75831334348177,19.27464429781955,17.145096040160794,0.43429418791479324,3.8346451643641264,22.99411860665836,16.579643167824837,503.99886880263125,3.9646464150007112,3.829529465748032,monthly,149.3934388242809,0.012500207205427605
Narino,2000-08-12,2000-08-28,0.3217868585054874,0.227105810629679,213.76264149869576,95.23291762925136,19.45572028213047,16.70801846173049,0.4216829620591001,3.7426811799240514,23.658896324771696,16.32371868545923,230.7027013366876,81.3092625124067,18.730740245625896,16.41323833987326,0.4344882379569105,3.7702018732782783,23.37219300012096,16.144454078455794,273.29616746594365,73.00029511633412,18.89670405736484,16.90047144661413,0.43625030390337394,3.8111001221720424,23.005989183629435,16.492227709591997,444.46534283538335,4.233669894156371,3.9646464150007112,monthly,118.5297238694444,0.0015434070561268776
Narino,2000-08-28,2000-09-13,0.5197278396608043,0.3652161440787204,234.2091607761086,86.41555504451914,19.35304270413621,17.081389849606964,0.4266870046061103,3.7471011235388687,23.66329324423186,16.622400944720173,213.76264149869576,95.23291762925136,19.45572028213047,16.70801846173049,0.4216829620591001,3.7426811799240514,23.658896324771696,16.32371868545923,230.7027013366876,81.3092625124067,18.730740245625896,16.41323833987326,0.4344882379569105,3.7702018732782783,23.37219300012096,16.144454078455794,447.97180227480436,4.233669894156371,3.9646464150007112,monthly,147.79360573158948,0.00856347741699165
Narino,2000-09-13,2000-09-29,0.428953562841173,0.3044209373305481,338.5169301254517,83.72555802069598,19.121244146691872,16.995993337713298,0.43398016504436365,3.7563587447592037,23.47699794395906,16.66870661700181,234.2091607761086,86.41555504451914,19.35304270413621,17.081389849606964,0.4266870046061103,3.7471011235388687,23.66329324423186,16.622400944720173,213.76264149869576,95.23291762925136,19.45572028213047,16.70801846173049,0.4216829620591001,3.7426811799240514,23.658896324771696,16.32371868545923,572.7260909015604,4.132982243578034,4.233669894156371,monthly,254.79137210475574,0.014207246867076306
Narino,2000-09-29,2000-10-15,0.5186742487811795,0.3774425001236317,280.41560339033776,88.86558878245165,19.176474690882475,16.886205557767767,0.4321797556488905,3.772252295521513,23.17106066107528,16.474246130700564,338.5169301254517,83.72555802069598,19.121244146691872,16.995993337713298,0.43398016504436365,3.7563587447592037,23.47699794395906,16.66870661700181,234.2091607761086,86.41555504451914,19.35304270413621,17.081389849606964,0.4266870046061103,3.7471011235388687,23.66329324423186,16.622400944720173,618.9325335157895,4.132982243578034,4.233669894156371,monthly,191.5500146078861,0.00393439217254743
Narino,2000-10-15,2000-10-31,0.4068868231115715,0.2774394905973247,324.7371443860554,74.20622397597526,19.45575416004352,17.68543014997561,0.43460681250177974,3.7866202198794614,23.422239003246737,17.22554239055893,280.41560339033776,88.86558878245165,19.176474690882475,16.886205557767767,0.4321797556488905,3.772252295521513,23.17106066107528,16.474246130700564,338.5169301254517,83.72555802069598,19.121244146691872,16.995993337713298,0.43398016504436365,3.7563587447592037,23.47699794395906,16.66870661700181,605.1527477763932,4.061277552543985,4.132982243578034,monthly,250.5309204100801,0.0011695543919953422
Narino,2000-10-31,2000-11-16,0.5442873776144224,0.3633967529646866,144.91101610432486,76.46722680756793,19.10391091286781,17.21984467197622,0.4309475795878305,3.7990856752992306,23.783418025564973,16.126324244856495,324.7371443860554,74.20622397597526,19.45575416004352,17.68543014997561,0.43460681250177974,3.7866202198794614,23.422239003246737,17.22554239055893,280.41560339033776,88.86558878245165,19.176474690882475,16.886205557767767,0.4321797556488905,3.772252295521513,23.17106066107528,16.474246130700564,469.64816049038023,4.061277552543985,4.132982243578034,monthly,68.44378929675693,-0.002436996089136778
Narino,2000-11-16,2000-12-02,0.3930802165581464,0.263430103175075,218.73940116811315,74.22109964787285,19.043822997126,17.18610131420087,0.4348556781084898,3.8037901477702216,22.76457837767096,16.615846715119257,144.91101610432486,76.46722680756793,19.10391091286781,17.21984467197622,0.4309475795878305,3.7990856752992306,23.783418025564973,16.126324244856495,324.7371443860554,74.20622397597526,19.45575416004352,17.68543014997561,0.43460681250177974,3.7866202198794614,23.422239003246737,17.22554239055893,363.650417272438,4.069037557813132,4.061277552543985,monthly,144.5183015202403,0.0005742723051520571
Narino,2000-12-02,2000-12-18,0.5778020257631692,0.3815729409519917,357.9585288500114,72.35353418181595,19.224045756222818,17.573755022699814,0.43867883918724543,3.8022421121313785,23.429949492799537,16.82689305279017,218.73940116811315,74.22109964787285,19.043822997126,17.18610131420087,0.4348556781084898,3.8037901477702216,22.76457837767096,16.615846715119257,144.91101610432486,76.46722680756793,19.10391091286781,17.21984467197622,0.4309475795878305,3.7990856752992306,23.783418025564973,16.126324244856495,576.6979300181246,3.711314055733881,4.069037557813132,monthly,285.60499466819545,0.0030108496018029784
Narino,2000-12-18,2001-01-01,0.472122185648488,0.3200332855852317,245.0093087919351,63.90776263112515,19.088846435478445,17.294102778160354,0.43943373498259863,3.834424483670769,22.762091999405683,16.54788190119002,357.9585288500114,72.35353418181595,19.224045756222818,17.573755022699814,0.43867883918724543,3.8022421121313785,23.429949492799537,16.82689305279017,218.73940116811315,74.22109964787285,19.043822997126,17.18610131420087,0.4348556781084898,3.8037901477702216,22.76457837767096,16.615846715119257,602.9678376419465,3.711314055733881,4.069037557813132,monthly,181.10154616080996,0.0030849961110890334
Narino,2001-01-01,2001-01-17,0.4877825513712057,0.3120187958651678,315.2111011055241,79.52335684696618,19.09924759337535,17.110323123519144,0.4342569734944516,3.887553805785023,22.83883011691003,16.375889554003123,245.0093087919351,63.90776263112515,19.088846435478445,17.294102778160354,0.43943373498259863,3.834424483670769,22.762091999405683,16.54788190119002,357.9585288500114,72.35353418181595,19.224045756222818,17.573755022699814,0.43867883918724543,3.8022421121313785,23.429949492799537,16.82689305279017,560.2204098974591,3.5613661691097085,3.711314055733881,monthly,235.68774425855793,-0.0005627052734978322
Narino,2001-01-17,2001-02-02,0.6196789082723666,0.3792430178340155,360.7960310753208,79.1411342504075,18.790541713807947,16.874876106896174,0.43496962215241575,3.9147544405558836,22.75028852408468,16.213839012385886,315.2111011055241,79.52335684696618,19.09924759337535,17.110323123519144,0.4342569734944516,3.887553805785023,22.83883011691003,16.375889554003123,245.0093087919351,63.90776263112515,19.088846435478445,17.294102778160354,0.43943373498259863,3.834424483670769,22.762091999405683,16.54788190119002,676.0071321808449,3.5613661691097085,3.711314055733881,monthly,281.6548968249133,-7.12015239349717e-05
Narino,2001-02-02,2001-02-18,0.5097294442030325,0.3402124954784196,225.03421498955618,94.9277785459054,19.6221644637159,17.12961734659325,0.4228908518111736,3.921190197739384,23.79437320359272,16.38563866427953,360.7960310753208,79.1411342504075,18.790541713807947,16.874876106896174,0.43496962215241575,3.9147544405558836,22.75028852408468,16.213839012385886,315.2111011055241,79.52335684696618,19.09924759337535,17.110323123519144,0.4342569734944516,3.887553805785023,22.83883011691003,16.375889554003123,585.830246064877,3.830936956126358,3.5613661691097085,monthly,130.10643644365078,-0.011661003068492048
Narino,2001-02-18,2001-03-06,0.5848735713908501,0.3702635563618567,184.60450133416617,90.78275059077652,19.59578596691226,17.574669768308226,0.43150391324765774,3.9321609300360354,24.078396008141148,16.819549131116716,225.03421498955618,94.9277785459054,19.6221644637159,17.12961734659325,0.4228908518111736,3.921190197739384,23.79437320359272,16.38563866427953,360.7960310753208,79.1411342504075,18.790541713807947,16.874876106896174,0.43496962215241575,3.9147544405558836,22.75028852408468,16.213839012385886,409.63871632372235,3.830936956126358,3.5613661691097085,monthly,93.82175074338966,-0.0029858892495929767
Narino,2001-03-06,2001-03-22,0.6623159867837758,0.4328928085736664,301.36697298927595,84.37393604829302,19.634320117490784,17.606267664452417,0.4339482840389137,3.945706715149024,24.33259253112688,17.022870741200787,184.60450133416617,90.78275059077652,19.59578596691226,17.574669768308226,0.43150391324765774,3.9321609300360354,24.078396008141148,16.819549131116716,225.03421498955618,94.9277785459054,19.6221644637159,17.12961734659325,0.4228908518111736,3.921190197739384,23.79437320359272,16.38563866427953,485.9714743234421,3.627523006858324,3.830936956126358,monthly,216.99303694098293,-0.0005922238952896786
Narino,2001-03-22,2001-04-07,0.6182356739252243,0.4298489957326626,234.69873987193748,96.21896507026112,19.96717556144497,17.619182511008702,0.4316762822306916,3.959259961466831,24.26247667136702,16.890855840805592,301.36697298927595,84.37393604829302,19.634320117490784,17.606267664452417,0.4339482840389137,3.945706715149024,24.33259253112688,17.022870741200787,184.60450133416617,90.78275059077652,19.59578596691226,17.574669768308226,0.43150391324765774,3.9321609300360354,24.078396008141148,16.819549131116716,536.0657128612135,3.627523006858324,3.830936956126358,monthly,138.47977480167634,-0.0029883143952859625
Narino,2001-04-07,2001-04-23,0.6573928054531931,0.4257056175979419,337.9973849913185,91.9855654805674,19.985783350181904,17.712661937039638,0.4320331096043639,3.9648375521936647,24.18485138196269,17.261244127521792,234.69873987193748,96.21896507026112,19.96717556144497,17.619182511008702,0.4316762822306916,3.959259961466831,24.26247667136702,16.890855840805592,301.36697298927595,84.37393604829302,19.634320117490784,17.606267664452417,0.4339482840389137,3.945706715149024,24.33259253112688,17.022870741200787,572.6961248632559,3.9668528797289926,3.627523006858324,monthly,246.01181951075108,-0.004934150036549623
Narino,2001-04-23,2001-05-09,0.5993336395865247,0.3868950773188651,289.05413116712293,78.90665695231806,19.946284946877206,18.03815649084243,0.43827729210657546,3.915169232210471,23.89730151096822,16.870929323247953,337.9973849913185,91.9855654805674,19.985783350181904,17.712661937039638,0.4320331096043639,3.9648375521936647,24.18485138196269,17.261244127521792,234.69873987193748,96.21896507026112,19.96717556144497,17.619182511008702,0.4316762822306916,3.959259961466831,24.26247667136702,16.890855840805592,627.0515161584415,3.9668528797289926,3.627523006858324,monthly,210.14747421480487,-0.0002782355523858193
Narino,2001-05-09,2001-05-25,0.6052984307954262,0.3925664030055147,247.2457823274378,76.92971485969586,19.77333499386083,17.815881992602662,0.4375578088765197,3.864877170695522,23.569431995212145,16.962717495657166,289.05413116712293,78.90665695231806,19.946284946877206,18.03815649084243,0.43827729210657546,3.915169232210471,23.89730151096822,16.870929323247953,337.9973849913185,91.9855654805674,19.985783350181904,17.712661937039638,0.4320331096043639,3.9648375521936647,24.18485138196269,17.261244127521792,536.2999134945608,3.7960215866077327,3.9668528797289926,monthly,170.31606746774196,-0.00021847221120524507
Narino,2001-05-25,2001-06-10,0.5029848203313473,0.326442977170053,267.9074471927011,80.29530764697756,19.212435884940994,17.140534926757667,0.4352950431687934,3.8565337586716715,23.09818196913756,16.096784251883125,247.2457823274378,76.92971485969586,19.77333499386083,17.815881992602662,0.4375578088765197,3.864877170695522,23.569431995212145,16.962717495657166,289.05413116712293,78.90665695231806,19.946284946877206,18.03815649084243,0.43827729210657546,3.915169232210471,23.89730151096822,16.870929323247953,515.1532295201389,3.7960215866077327,3.9668528797289926,monthly,187.61213954572355,-0.0014206189463313867
Narino,2001-06-10,2001-06-26,0.4640012540504396,0.3201923759823101,260.43630414142683,77.19210579758155,19.188713628015613,16.927373062608787,0.4330791428918128,3.849991179355575,22.83679305994062,16.205420394434192,267.9074471927011,80.29530764697756,19.212435884940994,17.140534926757667,0.4352950431687934,3.8565337586716715,23.09818196913756,16.096784251883125,247.2457823274378,76.92971485969586,19.77333499386083,17.815881992602662,0.4375578088765197,3.864877170695522,23.569431995212145,16.962717495657166,528.343751334128,4.066030679019465,3.7960215866077327,monthly,183.24419834384528,-0.0014841722688588854
Narino,2001-06-26,2001-07-12,0.3650847225465354,0.2436225097353501,185.07963737675072,79.10692799691142,19.464182341259303,17.164653863361494,0.4270002279693774,3.8335678067087073,23.339761781552173,17.151000919816024,260.43630414142683,77.19210579758155,19.188713628015613,16.927373062608787,0.4330791428918128,3.849991179355575,22.83679305994062,16.205420394434192,267.9074471927011,80.29530764697756,19.212435884940994,17.140534926757667,0.4352950431687934,3.8565337586716715,23.09818196913756,16.096784251883125,445.51594151817756,4.066030679019465,3.7960215866077327,monthly,105.9727093798393,-0.003964701831096595
Narino,2001-07-12,2001-07-28,0.5199193579381276,0.34836139001089,181.48644009382852,82.17101697055878,18.966895450571734,16.572612765754577,0.42777285264793186,3.808871511415154,23.096263427286924,15.841658038056329,185.07963737675072,79.10692799691142,19.464182341259303,17.164653863361494,0.4270002279693774,3.8335678067087073,23.339761781552173,17.151000919816024,260.43630414142683,77.19210579758155,19.188713628015613,16.927373062608787,0.4330791428918128,3.849991179355575,22.83679305994062,16.205420394434192,366.5660774705792,3.944528461889054,4.066030679019465,monthly,99.31542312326974,0.00016878593651875606
Narino,2001-07-28,2001-08-13,0.4711771362797236,0.3296271323544592,183.51884007566676,87.11937778926486,19.273735951508492,16.559190514616212,0.42561922856495893,3.767584408106331,23.11386564320516,16.603232511486056,181.48644009382852,82.17101697055878,18.966895450571734,16.572612765754577,0.42777285264793186,3.808871511415154,23.096263427286924,15.841658038056329,185.07963737675072,79.10692799691142,19.464182341259303,17.164653863361494,0.4270002279693774,3.8335678067087073,23.339761781552173,17.151000919816024,365.0052801694953,3.944528461889054,4.066030679019465,monthly,96.3994622864019,0.003631197813476039
Narino,2001-08-13,2001-08-29,0.5019537906984887,0.3416582961476238,148.64855073086656,94.37610680695613,19.819388968777883,16.918278367304506,0.41313426406801196,3.7424652345149143,23.93381246730109,16.820409107918373,183.51884007566676,87.11937778926486,19.273735951508492,16.559190514616212,0.42561922856495893,3.767584408106331,23.11386564320516,16.603232511486056,181.48644009382852,82.17101697055878,18.966895450571734,16.572612765754577,0.42777285264793186,3.808871511415154,23.096263427286924,15.841658038056329,332.1673908065333,3.89774382853238,3.944528461889054,monthly,54.27244392391043,-0.007005290934961272
Narino,2001-08-29,2001-09-14,0.512228601857363,0.3271335044654075,271.86364584802067,89.90854369971777,19.314908830527656,16.844925621239405,0.42093315556543465,3.7474485700227342,23.66164306592845,16.50303721723142,148.64855073086656,94.37610680695613,19.819388968777883,16.918278367304506,0.41313426406801196,3.7424652345149143,23.93381246730109,16.820409107918373,183.51884007566676,87.11937778926486,19.273735951508492,16.559190514616212,0.42561922856495893,3.767584408106331,23.11386564320516,16.603232511486056,420.51219657888726,3.89774382853238,3.944528461889054,monthly,181.9551021483029,0.002809628376315987
Narino,2001-09-14,2001-09-30,0.4946997800690666,0.3241577017653481,288.79982163933374,85.28799936920842,19.229657456870342,17.02363772223697,0.43286971691094245,3.7572765340463627,23.20720081724565,16.80127316890837,271.86364584802067,89.90854369971777,19.314908830527656,16.844925621239405,0.42093315556543465,3.7474485700227342,23.66164306592845,16.50303721723142,148.64855073086656,94.37610680695613,19.819388968777883,16.918278367304506,0.41313426406801196,3.7424652345149143,23.93381246730109,16.820409107918373,560.6634674873544,3.746282272195157,3.89774382853238,monthly,203.51182227012532,0.013096798733655102
Narino,2001-09-30,2001-10-16,0.429163295737727,0.3072875919316333,170.22739452775846,94.65694625782199,19.74524727606834,17.237250877400637,0.42203656962769,3.7732537075636343,23.94335627400636,16.741496378836214,288.79982163933374,85.28799936920842,19.229657456870342,17.02363772223697,0.43286971691094245,3.7572765340463627,23.20720081724565,16.80127316890837,271.86364584802067,89.90854369971777,19.314908830527656,16.844925621239405,0.42093315556543465,3.7474485700227342,23.66164306592845,16.50303721723142,459.0272161670922,3.746282272195157,3.89774382853238,monthly,75.57044826993648,-0.0062087938486530825
Narino,2001-10-16,2001-11-01,0.5005097348058163,0.3409448712138549,171.61114588555773,88.8494243004117,19.599886864893485,17.48404670082466,0.4295462746899513,3.7874000018336975,23.504512868998034,16.872546677506914,170.22739452775846,94.65694625782199,19.74524727606834,17.237250877400637,0.42203656962769,3.7732537075636343,23.94335627400636,16.741496378836214,288.79982163933374,85.28799936920842,19.229657456870342,17.02363772223697,0.43286971691094245,3.7572765340463627,23.20720081724565,16.80127316890837,341.8385404133162,3.84894155519842,3.746282272195157,monthly,82.76172158514603,-0.0038909834198330717
Narino,2001-11-01,2001-11-17,0.4423452826052096,0.2987445325155877,137.4737656680409,90.49097517571018,19.49079432203466,17.204324932189493,0.4184733690915872,3.7998102803275504,23.603931939380523,16.694502854424055,171.61114588555773,88.8494243004117,19.599886864893485,17.48404670082466,0.4295462746899513,3.7874000018336975,23.504512868998034,16.872546677506914,170.22739452775846,94.65694625782199,19.74524727606834,17.237250877400637,0.42203656962769,3.7732537075636343,23.94335627400636,16.741496378836214,309.08491155359866,3.6208452195447327,3.84894155519842,monthly,46.98279049233072,-0.014911206585380032
Narino,2001-11-17,2001-12-03,0.3232022106849956,0.2150976965039254,340.86931128404956,60.27152553222393,19.151607438630357,17.79107807881406,0.4417282572573334,3.8036513663600093,22.93894619625169,17.00435416340507,137.4737656680409,90.49097517571018,19.49079432203466,17.204324932189493,0.4184733690915872,3.7998102803275504,23.603931939380523,16.694502854424055,171.61114588555773,88.8494243004117,19.599886864893485,17.48404670082466,0.4295462746899513,3.7874000018336975,23.504512868998034,16.872546677506914,478.3430769520904,3.6208452195447327,3.84894155519842,monthly,280.59778575182565,0.007446851453995651
Narino,2001-12-03,2001-12-19,0.4036045681445162,0.2661520043329776,236.4905700425042,65.65907632575365,19.509839921274278,18.023966780011143,0.44138295503672786,3.802785909511879,22.92608008139641,17.288679675108384,340.86931128404956,60.27152553222393,19.151607438630357,17.79107807881406,0.4417282572573334,3.8036513663600093,22.93894619625169,17.00435416340507,137.4737656680409,90.49097517571018,19.49079432203466,17.204324932189493,0.4184733690915872,3.7998102803275504,23.603931939380523,16.694502854424055,577.3598813265537,3.65601998446576,3.6208452195447327,monthly,170.83149371675057,0.005714965451285414
Narino,2001-12-19,2002-01-01,0.5143553367451573,0.3468717063305115,176.59538006325494,57.348396078680224,19.85721344868492,18.28057462107941,0.43983741921516734,3.8362023824866074,23.86096404334773,17.54302746272058,236.4905700425042,65.65907632575365,19.509839921274278,18.023966780011143,0.44138295503672786,3.802785909511879,22.92608008139641,17.288679675108384,340.86931128404956,60.27152553222393,19.151607438630357,17.79107807881406,0.4417282572573334,3.8036513663600093,22.93894619625169,17.00435416340507,413.08595010575914,3.65601998446576,3.6208452195447327,monthly,119.24698398457471,0.003488680343657735
Narino,2002-01-01,2002-01-17,0.6524517178796063,0.4460768707466628,322.1191474382865,77.66935311778019,19.44779206836258,17.67906637821649,0.4385995116073069,3.887553805785023,23.50634546904261,16.394669431779135,176.59538006325494,57.348396078680224,19.85721344868492,18.28057462107941,0.43983741921516734,3.8362023824866074,23.86096404334773,17.54302746272058,236.4905700425042,65.65907632575365,19.509839921274278,18.023966780011143,0.44138295503672786,3.802785909511879,22.92608008139641,17.288679675108384,498.71452750154145,4.102100442196215,3.65601998446576,monthly,244.44979432050633,0.003779832839357511
Narino,2002-01-17,2002-02-02,0.5414209016141643,0.336281777335938,241.3488446211657,86.08495139388758,19.868869753895172,17.714285681763386,0.4292994192513,3.9147544405558836,23.737187683371904,17.21701595663963,322.1191474382865,77.66935311778019,19.44779206836258,17.67906637821649,0.4385995116073069,3.887553805785023,23.50634546904261,16.394669431779135,176.59538006325494,57.348396078680224,19.85721344868492,18.28057462107941,0.43983741921516734,3.8362023824866074,23.86096404334773,17.54302746272058,563.4679920594522,4.102100442196215,3.65601998446576,monthly,155.26389322727812,-0.005741404425050722
Narino,2002-02-02,2002-02-18,0.658684145591824,0.3969612588614223,231.93332764238338,91.02902049647317,19.888516356035026,17.76436119563506,0.4309293727510963,3.921190197739384,24.09346961248237,16.86238466253602,241.3488446211657,86.08495139388758,19.868869753895172,17.714285681763386,0.4292994192513,3.9147544405558836,23.737187683371904,17.21701595663963,322.1191474382865,77.66935311778019,19.44779206836258,17.67906637821649,0.4385995116073069,3.887553805785023,23.50634546904261,16.394669431779135,473.2821722635491,3.806961410854712,4.102100442196215,monthly,140.9043071459102,-0.00362248212856936
Narino,2002-02-18,2002-03-06,0.4818166805479341,0.3529620518177077,257.86420914797867,85.72370003654065,20.058686370794614,17.99894946368117,0.43031674409552867,3.9321609300360354,23.952876633123203,17.594777967965108,231.93332764238338,91.02902049647317,19.888516356035026,17.76436119563506,0.4309293727510963,3.921190197739384,24.09346961248237,16.86238466253602,241.3488446211657,86.08495139388758,19.868869753895172,17.714285681763386,0.4292994192513,3.9147544405558836,23.737187683371904,17.21701595663963,489.7975367903621,3.806961410854712,4.102100442196215,monthly,172.140509111438,-0.004173058401722052
Narino,2002-03-06,2002-03-22,0.5451653728996722,0.3751707529204424,235.9643936960012,92.2377429218274,20.247708415944164,18.013212798821936,0.43078142463899394,3.945706715149024,24.49006091944048,17.43575678103454,257.86420914797867,85.72370003654065,20.058686370794614,17.99894946368117,0.43031674409552867,3.9321609300360354,23.952876633123203,17.594777967965108,231.93332764238338,91.02902049647317,19.888516356035026,17.76436119563506,0.4309293727510963,3.921190197739384,24.09346961248237,16.86238466253602,493.82860284397987,3.907879470089419,3.806961410854712,monthly,143.72665077417378,-0.0037590832952094644
Narino,2002-03-22,2002-04-07,0.4081043752832768,0.2876811035890961,257.50357418566165,80.45073604207532,20.315008997298946,18.322451071593267,0.4363813642165239,3.959259961466831,24.50731632824945,17.10526053604439,235.9643936960012,92.2377429218274,20.247708415944164,18.013212798821936,0.43078142463899394,3.945706715149024,24.49006091944048,17.43575678103454,257.86420914797867,85.72370003654065,20.058686370794614,17.99894946368117,0.43031674409552867,3.9321609300360354,23.952876633123203,17.594777967965108,493.46796788166284,3.907879470089419,3.806961410854712,monthly,177.0528381435863,0.001716767590546342
Narino,2002-04-07,2002-04-23,0.6590792809639086,0.441854061123067,265.2111704410758,87.03373096166607,19.927708948151952,17.919242203708194,0.4339567969628597,3.9648375521936647,23.945959980302785,17.183525466724618,257.50357418566165,80.45073604207532,20.315008997298946,18.322451071593267,0.4363813642165239,3.959259961466831,24.50731632824945,17.10526053604439,235.9643936960012,92.2377429218274,20.247708415944164,18.013212798821936,0.43078142463899394,3.945706715149024,24.49006091944048,17.43575678103454,522.7147446267375,3.6826751514820137,3.907879470089419,monthly,178.17743947940974,-0.003010462678053827
Narino,2002-04-23,2002-05-09,0.5180888626342975,0.3536223454409672,299.41306139191954,76.29038392404695,20.048750227564216,18.18395645254077,0.43896740548359064,3.915169232210471,24.339842735655683,17.62652614249706,265.2111704410758,87.03373096166607,19.927708948151952,17.919242203708194,0.4339567969628597,3.9648375521936647,23.945959980302785,17.183525466724618,257.50357418566165,80.45073604207532,20.315008997298946,18.322451071593267,0.4363813642165239,3.959259961466831,24.50731632824945,17.10526053604439,564.6242318329953,3.6826751514820137,3.907879470089419,monthly,223.1226774678726,0.0004118778246293697
Narino,2002-05-09,2002-05-25,0.422455081083405,0.2982885916733916,269.67715482285655,77.14012532601336,20.407923037889844,18.37523574154615,0.43355666508694235,3.864877170695522,24.41021063598636,16.89622954277241,299.41306139191954,76.29038392404695,20.048750227564216,18.18395645254077,0.43896740548359064,3.915169232210471,24.339842735655683,17.62652614249706,265.2111704410758,87.03373096166607,19.927708948151952,17.919242203708194,0.4339567969628597,3.9648375521936647,23.945959980302785,17.183525466724618,569.0902162147761,4.047230634449859,3.6826751514820137,monthly,192.5370294968432,-0.004219616000782578
Narino,2002-05-25,2002-06-10,0.6422589962813132,0.3982514935862982,208.51212125487118,82.81706052861954,19.611870243574888,17.369264015729918,0.43267872950280184,3.8565337586716715,23.981808902475624,16.63748523569493,269.67715482285655,77.14012532601336,20.407923037889844,18.37523574154615,0.43355666508694235,3.864877170695522,24.41021063598636,16.89622954277241,299.41306139191954,76.29038392404695,20.048750227564216,18.18395645254077,0.43896740548359064,3.915169232210471,24.339842735655683,17.62652614249706,478.18927607772775,4.047230634449859,3.6826751514820137,monthly,125.69506072625164,-0.004036932612322963
Narino,2002-06-10,2002-06-26,0.6228236460289132,0.4160402144706369,213.66370517908422,82.56985314618515,19.492882717941967,17.098146873488282,0.431902467135927,3.849991179355575,23.889261249838587,16.24025231631508,208.51212125487118,82.81706052861954,19.611870243574888,17.369264015729918,0.43267872950280184,3.8565337586716715,23.981808902475624,16.63748523569493,269.67715482285655,77.14012532601336,20.407923037889844,18.37523574154615,0.43355666508694235,3.864877170695522,24.41021063598636,16.89622954277241,422.1758264339554,3.907795202815468,4.047230634449859,monthly,131.09385203289906,-0.0026608480247446997
Narino,2002-06-26,2002-07-12,0.4811897055366518,0.3278948072752056,138.2084694861103,79.51598923310763,19.825070445081412,17.552984288298163,0.42612137833029373,3.8335678067087073,23.332269677810984,17.576267340021744,213.66370517908422,82.56985314618515,19.492882717941967,17.098146873488282,0.431902467135927,3.849991179355575,23.889261249838587,16.24025231631508,208.51212125487118,82.81706052861954,19.611870243574888,17.369264015729918,0.43267872950280184,3.8565337586716715,23.981808902475624,16.63748523569493,351.8721746651945,3.907795202815468,4.047230634449859,monthly,58.69248025300266,-0.004843551470180285
Narino,2002-07-12,2002-07-28,0.4023173626115577,0.2832915800083317,262.20443422445203,75.01930976262801,19.381492131794495,17.258685680984357,0.43313460746664995,3.808871511415154,23.20754915131492,17.026505935606625,138.2084694861103,79.51598923310763,19.825070445081412,17.552984288298163,0.42612137833029373,3.8335678067087073,23.332269677810984,17.576267340021744,213.66370517908422,82.56985314618515,19.492882717941967,17.098146873488282,0.431902467135927,3.849991179355575,23.889261249838587,16.24025231631508,400.4129037105623,4.090372792074172,3.907795202815468,monthly,187.18512446182402,0.005530540755236846
Narino,2002-07-28,2002-08-13,0.4675563410153699,0.3111910239362299,188.9426544200942,97.96250182611807,19.453120964621547,16.524264638239906,0.4209740790389527,3.767584408106331,23.573588737770635,15.913414582832493,262.20443422445203,75.01930976262801,19.381492131794495,17.258685680984357,0.43313460746664995,3.808871511415154,23.20754915131492,17.026505935606625,138.2084694861103,79.51598923310763,19.825070445081412,17.552984288298163,0.42612137833029373,3.8335678067087073,23.332269677810984,17.576267340021744,451.1470886445462,4.090372792074172,3.907795202815468,monthly,90.98015259397611,-0.0010139517125302144
Narino,2002-08-13,2002-08-29,0.3666117216103543,0.2608820530295688,157.49031739754045,94.95329588263448,19.766330142481436,16.982453938451485,0.41337526390096047,3.7424652345149143,23.688337973822563,17.1383755734148,188.9426544200942,97.96250182611807,19.453120964621547,16.524264638239906,0.4209740790389527,3.767584408106331,23.573588737770635,15.913414582832493,262.20443422445203,75.01930976262801,19.381492131794495,17.258685680984357,0.43313460746664995,3.808871511415154,23.20754915131492,17.026505935606625,346.43297181763467,3.493497096690328,4.090372792074172,monthly,62.53702151490597,-0.006764291102012765
Narino,2002-08-29,2002-09-14,0.4438564501345439,0.3192471101325836,201.32850901812094,90.45564688781707,19.55273999556264,17.077775365912043,0.422297312148195,3.7474485700227342,23.41945787789492,16.791438471681467,157.49031739754045,94.95329588263448,19.766330142481436,16.982453938451485,0.41337526390096047,3.7424652345149143,23.688337973822563,17.1383755734148,188.9426544200942,97.96250182611807,19.453120964621547,16.524264638239906,0.4209740790389527,3.767584408106331,23.573588737770635,15.913414582832493,358.8188264156614,3.493497096690328,4.090372792074172,monthly,110.87286213030387,0.004173784959076332
Narino,2002-09-14,2002-09-30,0.397908835141281,0.2648025499985209,242.2437427246446,87.12081826840183,19.570329696773022,17.240845512485343,0.4230620770268124,3.7572765340463627,24.1609425112586,16.494479754787505,201.32850901812094,90.45564688781707,19.55273999556264,17.077775365912043,0.422297312148195,3.7474485700227342,23.41945787789492,16.791438471681467,157.49031739754045,94.95329588263448,19.766330142481436,16.982453938451485,0.41337526390096047,3.7424652345149143,23.688337973822563,17.1383755734148,443.5722517427655,3.71321513408428,3.493497096690328,monthly,155.12292445624274,0.0032891588495250756
Narino,2002-09-30,2002-10-16,0.6281209220185178,0.4363333806783361,320.12073172624696,96.20191073313353,19.934573905227474,17.40827589790601,0.42120727578353934,3.7732537075636343,24.050893216089808,17.170296908356125,242.2437427246446,87.12081826840183,19.570329696773022,17.240845512485343,0.4230620770268124,3.7572765340463627,24.1609425112586,16.494479754787505,201.32850901812094,90.45564688781707,19.55273999556264,17.077775365912043,0.422297312148195,3.7474485700227342,23.41945787789492,16.791438471681467,562.3644744508915,3.71321513408428,3.493497096690328,monthly,223.91882099311343,-0.0070380876928037295
Narino,2002-10-16,2002-11-01,0.4942296881000413,0.3407849164391702,445.75744039825975,64.05523406118743,19.284364833992413,17.71948985963708,0.43723720177602526,3.7874000018336975,23.44622961988861,17.04082451087188,320.12073172624696,96.20191073313353,19.934573905227474,17.40827589790601,0.42120727578353934,3.7732537075636343,24.050893216089808,17.170296908356125,242.2437427246446,87.12081826840183,19.570329696773022,17.240845512485343,0.4230620770268124,3.7572765340463627,24.1609425112586,16.494479754787505,765.8781721245067,4.146760339477689,3.71321513408428,monthly,381.7022063370723,0.003799943666240868
Narino,2002-11-01,2002-11-17,0.4493811183423259,0.2987660918421281,309.06777710539745,72.8007560696836,19.235565126770418,17.560608198297253,0.4415714723728144,3.7998102803275504,23.58377397046096,16.54257492743095,445.75744039825975,64.05523406118743,19.284364833992413,17.71948985963708,0.43723720177602526,3.7874000018336975,23.44622961988861,17.04082451087188,320.12073172624696,96.20191073313353,19.934573905227474,17.40827589790601,0.42120727578353934,3.7732537075636343,24.050893216089808,17.170296908356125,754.8252175036572,4.029245092005542,4.146760339477689,monthly,236.26702103571387,0.008186896695847157
Narino,2002-11-17,2002-12-03,0.5176895458933052,0.3528056186140795,290.5801997965717,87.15640336587006,20.084613230898317,17.934025254089452,0.43281082539661564,3.8036513663600093,24.489271986201228,16.445958640158736,309.06777710539745,72.8007560696836,19.235565126770418,17.560608198297253,0.4415714723728144,3.7998102803275504,23.58377397046096,16.54257492743095,445.75744039825975,64.05523406118743,19.284364833992413,17.71948985963708,0.43723720177602526,3.7874000018336975,23.44622961988861,17.04082451087188,599.6479769019692,4.029245092005542,4.146760339477689,monthly,203.42379643070166,-0.0014705804067220996
Narino,2002-12-03,2002-12-19,0.500458489831029,0.3458141406923689,360.0822742305883,68.36083040558015,19.882260250223716,18.263848209585824,0.43922300827596106,3.802785909511879,23.932855157279885,17.575770914163353,290.5801997965717,87.15640336587006,20.084613230898317,17.934025254089452,0.43281082539661564,3.8036513663600093,24.489271986201228,16.445958640158736,309.06777710539745,72.8007560696836,19.235565126770418,17.560608198297253,0.4415714723728144,3.7998102803275504,23.58377397046096,16.54257492743095,650.66247402716,3.5211858963370086,4.029245092005542,monthly,291.7214438250082,0.0035550186905186076
Narino,2002-12-19,2003-01-01,0.5407132608517,0.3616214960104376,294.96213157729795,63.794233908317274,19.95474669402436,18.014545201347705,0.43515275015236493,3.8362023824866074,24.49631146892607,17.454229839427878,360.0822742305883,68.36083040558015,19.882260250223716,18.263848209585824,0.43922300827596106,3.802785909511879,23.932855157279885,17.575770914163353,290.5801997965717,87.15640336587006,20.084613230898317,17.934025254089452,0.43281082539661564,3.8036513663600093,24.489271986201228,16.445958640158736,655.0444058078863,3.5211858963370086,4.029245092005542,monthly,231.1678976689807,-0.0011959887191446694
Narino,2003-01-01,2003-01-17,0.5658945674327502,0.3896109762789913,229.9187538263239,86.56166390755291,20.339176303777187,18.072615917801823,0.4196367145912777,3.887553805785023,24.30009127533648,17.55822328379251,294.96213157729795,63.794233908317274,19.95474669402436,18.014545201347705,0.43515275015236493,3.8362023824866074,24.49631146892607,17.454229839427878,360.0822742305883,68.36083040558015,19.882260250223716,18.263848209585824,0.43922300827596106,3.802785909511879,23.932855157279885,17.575770914163353,524.8808854036218,3.589246071910007,3.5211858963370086,monthly,143.35708991877098,-0.015182964176671698
Narino,2003-01-17,2003-02-02,0.5335006371255292,0.3626327643306811,320.8319287448013,84.51830051410485,19.818248018543457,17.798805605284237,0.4314014854086563,3.9147544405558836,23.90633300335183,16.607669996190264,229.9187538263239,86.56166390755291,20.339176303777187,18.072615917801823,0.4196367145912777,3.887553805785023,24.30009127533648,17.55822328379251,294.96213157729795,63.794233908317274,19.95474669402436,18.014545201347705,0.43515275015236493,3.8362023824866074,24.49631146892607,17.454229839427878,550.7506825711253,3.589246071910007,3.5211858963370086,monthly,236.31362823069645,-0.003639338267694414
Narino,2003-02-02,2003-02-18,0.4382943095315785,0.3034258304736685,202.17506765738864,82.1726894341582,20.241858528503414,18.229762626870713,0.4348799889509052,3.921190197739384,24.22038286981112,17.463888686284758,320.8319287448013,84.51830051410485,19.818248018543457,17.798805605284237,0.4314014854086563,3.9147544405558836,23.90633300335183,16.607669996190264,229.9187538263239,86.56166390755291,20.339176303777187,18.072615917801823,0.4196367145912777,3.887553805785023,24.30009127533648,17.55822328379251,523.00699640219,3.531280765793964,3.589246071910007,monthly,120.00237822323044,0.00032813407123954974
Narino,2003-02-18,2003-03-06,0.5046587121513112,0.3313323568915792,219.5312416752206,85.89910946291602,20.089904161339447,18.027405505793276,0.43444910411631554,3.9321609300360354,24.28981222346393,16.93407858678037,202.17506765738864,82.1726894341582,20.241858528503414,18.229762626870713,0.4348799889509052,3.921190197739384,24.22038286981112,17.463888686284758,320.8319287448013,84.51830051410485,19.818248018543457,17.798805605284237,0.4314014854086563,3.9147544405558836,23.90633300335183,16.607669996190264,421.70630933260924,3.531280765793964,3.589246071910007,monthly,133.63213221230458,-4.069838093517797e-05
Narino,2003-03-06,2003-03-22,0.6746035367396227,0.4579476127016654,248.99844635600613,86.87343436250347,20.38629152131223,18.251174976031272,0.4336810321367374,3.945706715149024,24.620895178215378,17.0681553654474,219.5312416752206,85.89910946291602,20.089904161339447,18.027405505793276,0.43444910411631554,3.9321609300360354,24.28981222346393,16.93407858678037,202.17506765738864,82.1726894341582,20.241858528503414,18.229762626870713,0.4348799889509052,3.921190197739384,24.22038286981112,17.463888686284758,468.5296880312267,3.829494792902,3.531280765793964,monthly,162.12501199350265,-0.0008594757974659806
Narino,2003-03-22,2003-04-07,0.6395746283005522,0.4334015364858506,300.90910239190976,88.62974542694322,20.207961770259974,18.205081584091605,0.4372038361662294,3.959259961466831,24.995775983731225,17.223960954093123,248.99844635600613,86.87343436250347,20.38629152131223,18.251174976031272,0.4336810321367374,3.945706715149024,24.620895178215378,17.0681553654474,219.5312416752206,85.89910946291602,20.089904161339447,18.027405505793276,0.43444910411631554,3.9321609300360354,24.28981222346393,16.93407858678037,549.9075487479158,3.829494792902,3.531280765793964,monthly,212.27935696496655,0.002539239540251814
Narino,2003-04-07,2003-04-23,0.5007700648759247,0.3198347892160227,427.76901360288565,71.86519577044447,19.92873654446546,18.226909079653648,0.4402829893431753,3.9648375521936647,24.59612783908285,17.096288482820476,300.90910239190976,88.62974542694322,20.207961770259974,18.205081584091605,0.4372038361662294,3.959259961466831,24.995775983731225,17.223960954093123,248.99844635600613,86.87343436250347,20.38629152131223,18.251174976031272,0.4336810321367374,3.945706715149024,24.620895178215378,17.0681553654474,728.6781159947955,3.7530884977267305,3.829494792902,monthly,355.9038178324412,0.0033157297022617382
Narino,2003-04-23,2003-05-09,0.6178294565145379,0.4108432406742736,384.5656284411779,81.54767396866691,20.05447352641003,18.007930389685892,0.43724357439934,3.915169232210471,24.441550818989644,17.4463138160556,427.76901360288565,71.86519577044447,19.92873654446546,18.226909079653648,0.4402829893431753,3.9648375521936647,24.59612783908285,17.096288482820476,300.90910239190976,88.62974542694322,20.207961770259974,18.205081584091605,0.4372038361662294,3.959259961466831,24.995775983731225,17.223960954093123,812.3346420440636,3.7530884977267305,3.829494792902,monthly,303.017954472511,-0.0013119532596213013
Narino,2003-05-09,2003-05-25,0.4986551139489065,0.3205401912195675,280.4920905812659,73.75847729591106,19.96913721396985,18.0830597884547,0.43994330609171584,3.864877170695522,23.64744712275132,17.59965629839851,384.5656284411779,81.54767396866691,20.05447352641003,18.007930389685892,0.43724357439934,3.915169232210471,24.441550818989644,17.4463138160556,427.76901360288565,71.86519577044447,19.92873654446546,18.226909079653648,0.4402829893431753,3.9648375521936647,24.59612783908285,17.096288482820476,665.0577190224438,4.021394541070857,3.7530884977267305,monthly,206.73361328535486,0.002167025003990908
Narino,2003-05-25,2003-06-10,0.58781995556741,0.394746005407305,330.70067157269744,73.6105341646302,19.765268236808915,17.766690257795865,0.43803313742543004,3.8565337586716715,23.56714091761204,17.350803309156884,280.4920905812659,73.75847729591106,19.96913721396985,18.0830597884547,0.43994330609171584,3.864877170695522,23.64744712275132,17.59965629839851,384.5656284411779,81.54767396866691,20.05447352641003,18.007930389685892,0.43724357439934,3.915169232210471,24.441550818989644,17.4463138160556,611.1927621539634,4.021394541070857,3.7530884977267305,monthly,257.0901374080672,0.0013174753103052383
Narino,2003-06-10,2003-06-26,0.4061029312191157,0.2787270717850467,254.84509474050282,75.38108465909447,19.35885301174874,17.342923725679654,0.43603707365806965,3.849991179355575,23.29220435732721,16.80137432265724,330.70067157269744,73.6105341646302,19.765268236808915,17.766690257795865,0.43803313742543004,3.8565337586716715,23.56714091761204,17.350803309156884,280.4920905812659,73.75847729591106,19.96913721396985,18.0830597884547,0.43994330609171584,3.864877170695522,23.64744712275132,17.59965629839851,585.5457663132003,4.099387964254905,4.021394541070857,monthly,179.46401008140833,0.0014737584973979478
Narino,2003-06-26,2003-07-12,0.5414104843430817,0.3659914648857719,224.04598245266106,79.39792526633165,19.239200771308752,16.95613778015781,0.4332464350598038,3.8335678067087073,23.382358693185864,16.130820156879487,254.84509474050282,75.38108465909447,19.35885301174874,17.342923725679654,0.43603707365806965,3.849991179355575,23.29220435732721,16.80137432265724,330.70067157269744,73.6105341646302,19.765268236808915,17.766690257795865,0.43803313742543004,3.8565337586716715,23.56714091761204,17.350803309156884,478.8910771931639,4.099387964254905,4.021394541070857,monthly,144.64805718632942,0.002281505259329797
Narino,2003-07-12,2003-07-28,0.4740519926940675,0.3216089769451257,147.45499175386078,87.37713393658008,19.427998308312553,16.727260965844522,0.4244890186297179,3.808871511415154,23.385837481068343,16.808451097837526,224.04598245266106,79.39792526633165,19.239200771308752,16.95613778015781,0.4332464350598038,3.8335678067087073,23.382358693185864,16.130820156879487,254.84509474050282,75.38108465909447,19.35885301174874,17.342923725679654,0.43603707365806965,3.849991179355575,23.29220435732721,16.80137432265724,371.50097420652185,4.067827111390858,4.099387964254905,monthly,60.0778578172807,-0.0031150480816952153
Narino,2003-07-28,2003-08-13,0.5204651152347752,0.3460262562288827,172.9456637921789,84.5571077314816,19.522145746712663,17.098962566348625,0.4263282193979484,3.767584408106331,23.52962592867251,17.055250248153932,147.45499175386078,87.37713393658008,19.427998308312553,16.727260965844522,0.4244890186297179,3.808871511415154,23.385837481068343,16.808451097837526,224.04598245266106,79.39792526633165,19.239200771308752,16.95613778015781,0.4332464350598038,3.8335678067087073,23.382358693185864,16.130820156879487,320.4006555460397,4.067827111390858,4.099387964254905,monthly,88.3885560606973,0.004340188646465515
Narino,2003-08-13,2003-08-29,0.3759702331106296,0.264205032298461,255.96275365025681,84.03133284268387,19.621669848170384,17.217020936655466,0.423972651932575,3.7424652345149143,23.545608086715525,17.143031361807463,172.9456637921789,84.5571077314816,19.522145746712663,17.098962566348625,0.4263282193979484,3.767584408106331,23.52962592867251,17.055250248153932,147.45499175386078,87.37713393658008,19.427998308312553,16.727260965844522,0.4244890186297179,3.808871511415154,23.385837481068343,16.808451097837526,428.90841744243573,3.689900493324052,4.067827111390858,monthly,171.93142080757295,0.0038330969296017647
Narino,2003-08-29,2003-09-14,0.4666280012514611,0.3215401382727578,267.68617535681807,86.25276718079508,19.519743249588664,17.066165724703733,0.42332091774083325,3.7474485700227342,23.69383346957625,16.881304538132245,255.96275365025681,84.03133284268387,19.621669848170384,17.217020936655466,0.423972651932575,3.7424652345149143,23.545608086715525,17.143031361807463,172.9456637921789,84.5571077314816,19.522145746712663,17.098962566348625,0.4263282193979484,3.767584408106331,23.52962592867251,17.055250248153932,523.6489290070749,3.689900493324052,4.067827111390858,monthly,181.433408176023,0.005197390551714587
Narino,2003-09-14,2003-09-30,0.4187222692832417,0.3011121302716463,283.30561232655504,79.88834509745102,19.502352111215025,17.35873114250891,0.42999333468547174,3.7572765340463627,23.5372398994097,16.823612826981844,267.68617535681807,86.25276718079508,19.519743249588664,17.066165724703733,0.42332091774083325,3.7474485700227342,23.69383346957625,16.881304538132245,255.96275365025681,84.03133284268387,19.621669848170384,17.217020936655466,0.423972651932575,3.7424652345149143,23.545608086715525,17.143031361807463,550.9917876833731,3.747541442382293,3.689900493324052,monthly,203.41726722910403,0.010220416508184393
Narino,2003-09-30,2003-10-16,0.3998823248557068,0.2825882060145273,302.20598418453955,74.69639760982527,19.468800759300226,17.678054684601214,0.43842631393847087,3.7732537075636343,23.63812092898944,16.12161313237686,283.30561232655504,79.88834509745102,19.502352111215025,17.35873114250891,0.42999333468547174,3.7572765340463627,23.5372398994097,16.823612826981844,267.68617535681807,86.25276718079508,19.519743249588664,17.066165724703733,0.42332091774083325,3.7474485700227342,23.69383346957625,16.881304538132245,585.5115965110946,3.747541442382293,3.689900493324052,monthly,227.50958657471426,0.010180950462127802
Narino,2003-10-16,2003-11-01,0.5210348521606487,0.3601014472521554,424.9739986269251,69.25231228404489,19.484405468935183,17.879856009986067,0.4409597774934667,3.7874000018336975,24.28308578156853,16.489661909304044,302.20598418453955,74.69639760982527,19.468800759300226,17.678054684601214,0.43842631393847087,3.7732537075636343,23.63812092898944,16.12161313237686,283.30561232655504,79.88834509745102,19.502352111215025,17.35873114250891,0.42999333468547174,3.7572765340463627,23.5372398994097,16.823612826981844,727.1799828114647,3.988363446315876,3.747541442382293,monthly,355.7216863428802,0.007522519383682313
Narino,2003-11-01,2003-11-17,0.5262809958071483,0.35526652990289,329.473300927187,75.15748967376476,19.568704785977456,17.790773982436015,0.4385046972115639,3.7998102803275504,23.989667624545945,17.212351257029194,424.9739986269251,69.25231228404489,19.484405468935183,17.879856009986067,0.4409597774934667,3.7874000018336975,24.28308578156853,16.489661909304044,302.20598418453955,74.69639760982527,19.468800759300226,17.678054684601214,0.43842631393847087,3.7732537075636343,23.63812092898944,16.12161313237686,754.4472995541121,4.24302937942397,3.988363446315876,monthly,254.31581125342223,0.005120121534596622
Narino,2003-11-17,2003-12-03,0.6074695328620826,0.4000726014253996,350.65156130672426,60.28214035818474,19.472849915284485,18.04527433746631,0.44128605796319004,3.8036513663600093,23.62594600315869,17.239099843322563,329.473300927187,75.15748967376476,19.568704785977456,17.790773982436015,0.4385046972115639,3.7998102803275504,23.989667624545945,17.212351257029194,424.9739986269251,69.25231228404489,19.484405468935183,17.879856009986067,0.4409597774934667,3.7874000018336975,24.28308578156853,16.489661909304044,680.1248622339112,4.24302937942397,3.988363446315876,monthly,290.3694209485395,0.007004652159852298
Narino,2003-12-03,2003-12-19,0.5350847482388756,0.3488289996610768,230.27528646502418,80.99175956715003,19.575109989191642,17.566843457109503,0.43406009623002123,3.802785909511879,24.23051026844201,16.84058207617088,350.65156130672426,60.28214035818474,19.472849915284485,18.04527433746631,0.44128605796319004,3.8036513663600093,23.62594600315869,17.239099843322563,329.473300927187,75.15748967376476,19.568704785977456,17.790773982436015,0.4385046972115639,3.7998102803275504,23.989667624545945,17.212351257029194,580.9268477717485,3.7800923009001743,4.24302937942397,monthly,149.28352689787414,-0.0016078933554212194
Narino,2003-12-19,2004-01-01,0.396619571062688,0.2643971034345002,255.18250347666935,60.677379874078156,19.738678486951343,17.967205123790727,0.4387068444826704,3.8362023824866074,23.86101339520237,17.29079009803801,230.27528646502418,80.99175956715003,19.575109989191642,17.566843457109503,0.43406009623002123,3.802785909511879,24.23051026844201,16.84058207617088,350.65156130672426,60.28214035818474,19.472849915284485,18.04527433746631,0.44128605796319004,3.8036513663600093,23.62594600315869,17.239099843322563,485.45778994169353,3.7800923009001743,4.24302937942397,monthly,194.5051236025912,0.002358105611160788
Narino,2004-01-01,2004-01-17,0.5127408584163382,0.3219560380381345,314.95891198675395,67.01705184759408,19.794954854964615,18.252459336933192,0.4410122427993456,3.887553805785023,24.42121461831768,17.65911441490189,255.18250347666935,60.677379874078156,19.738678486951343,17.967205123790727,0.4387068444826704,3.8362023824866074,23.86101339520237,17.29079009803801,230.27528646502418,80.99175956715003,19.575109989191642,17.566843457109503,0.43406009623002123,3.802785909511879,24.23051026844201,16.84058207617088,570.1414154634233,3.887116180547344,3.7800923009001743,monthly,247.94186013915987,0.006192564031396175
Narino,2004-01-17,2004-02-02,0.6995253542199006,0.4465000558938617,157.60963360131777,94.76034944508473,19.37044616736172,17.067164707735383,0.42908641303553513,3.9147544405558836,23.862914046908514,16.33601175808725,314.95891198675395,67.01705184759408,19.794954854964615,18.252459336933192,0.4410122427993456,3.887553805785023,24.42121461831768,17.65911441490189,255.18250347666935,60.677379874078156,19.738678486951343,17.967205123790727,0.4387068444826704,3.8362023824866074,23.86101339520237,17.29079009803801,472.56854558807174,3.887116180547344,3.7800923009001743,monthly,62.84928415623304,-0.005954410640815588
Narino,2004-02-02,2004-02-18,0.6981673738691621,0.4228180589890617,282.3783834620778,99.46935928564079,19.90542147472967,17.40468190906713,0.41389754899885367,3.921184583867375,24.114786315290715,17.00087872171001,157.60963360131777,94.76034944508473,19.37044616736172,17.067164707735383,0.42908641303553513,3.9147544405558836,23.862914046908514,16.33601175808725,314.95891198675395,67.01705184759408,19.794954854964615,18.252459336933192,0.4410122427993456,3.887553805785023,24.42121461831768,17.65911441490189,439.98801706339555,3.5012637727175413,3.887116180547344,monthly,182.90902417643701,-0.020654305880811963
Narino,2004-02-18,2004-03-05,0.6365368058318935,0.4213360368995972,235.30223954665095,87.87089646397484,19.94684635758323,17.86306012908166,0.4321816010021138,3.931856259851253,24.57360114633556,16.708813372893935,282.3783834620778,99.46935928564079,19.90542147472967,17.40468190906713,0.41389754899885367,3.921184583867375,24.114786315290715,17.00087872171001,157.60963360131777,94.76034944508473,19.37044616736172,17.067164707735383,0.42908641303553513,3.9147544405558836,23.862914046908514,16.33601175808725,517.6806230087287,3.5012637727175413,3.887116180547344,monthly,147.4313430826761,-0.002308201495136941
Narino,2004-03-05,2004-03-21,0.5624429112774156,0.3893542684331968,216.30455320222603,92.04671422166085,20.292498182079328,18.036536597949972,0.43347854305001876,3.9449619425082534,24.60839057184504,17.51617772647154,235.30223954665095,87.87089646397484,19.94684635758323,17.86306012908166,0.4321816010021138,3.931856259851253,24.57360114633556,16.708813372893935,282.3783834620778,99.46935928564079,19.90542147472967,17.40468190906713,0.41389754899885367,3.921184583867375,24.114786315290715,17.00087872171001,451.60679274887696,3.8586041036933945,3.5012637727175413,monthly,124.25783898056518,-0.0010619648841846407
Narino,2004-03-21,2004-04-06,0.545345633304414,0.3590944131243495,223.13438435020728,87.26828435267508,20.364055689002118,18.349828146187907,0.43222978607419776,3.9584127493105665,24.900880192113178,17.23942371170363,216.30455320222603,92.04671422166085,20.292498182079328,18.036536597949972,0.43347854305001876,3.9449619425082534,24.60839057184504,17.51617772647154,235.30223954665095,87.87089646397484,19.94684635758323,17.86306012908166,0.4321816010021138,3.931856259851253,24.57360114633556,16.708813372893935,439.43893755243334,3.8586041036933945,3.5012637727175413,monthly,135.86609999753222,-0.002434810551779798
Narino,2004-04-06,2004-04-22,0.5496994579089017,0.3792780035395155,282.9813489824535,83.30342085617406,20.1718793462068,18.195342738484833,0.43445196846080014,3.9659936973730434,25.013526778487808,17.482699059258906,223.13438435020728,87.26828435267508,20.364055689002118,18.349828146187907,0.43222978607419776,3.9584127493105665,24.900880192113178,17.23942371170363,216.30455320222603,92.04671422166085,20.292498182079328,18.036536597949972,0.43347854305001876,3.9449619425082534,24.60839057184504,17.51617772647154,506.11573333266074,3.733442664054106,3.8586041036933945,monthly,199.67792812627943,-0.0025152911801133992
Narino,2004-04-22,2004-05-08,0.512720315765729,0.3281702083177437,265.03117015732306,75.50696288505614,19.956585846507444,18.123923828284518,0.438206861758901,3.918927703918968,23.685316545444564,17.418542537746426,282.9813489824535,83.30342085617406,20.1718793462068,18.195342738484833,0.43445196846080014,3.9659936973730434,25.013526778487808,17.482699059258906,223.13438435020728,87.26828435267508,20.364055689002118,18.349828146187907,0.43222978607419776,3.9584127493105665,24.900880192113178,17.23942371170363,548.0125191397765,3.733442664054106,3.8586041036933945,monthly,189.52420727226692,-0.0003486659000602743
Narino,2004-05-08,2004-05-24,0.4431547442149119,0.3039740907951303,287.1987274691747,71.73941403910037,20.025006424964047,18.224233785691283,0.4387690783370838,3.866658758981104,24.168685909634256,16.98588838040419,265.03117015732306,75.50696288505614,19.956585846507444,18.123923828284518,0.438206861758901,3.918927703918968,23.685316545444564,17.418542537746426,282.9813489824535,83.30342085617406,20.1718793462068,18.195342738484833,0.43445196846080014,3.9659936973730434,25.013526778487808,17.482699059258906,552.2298976264977,4.002273061993353,3.733442664054106,monthly,215.4593134300743,0.0009927972493588566
Narino,2004-05-24,2004-06-09,0.518444021936511,0.3409585843972804,235.08367907052627,77.87635203878258,19.525928067948477,17.446534208927076,0.4385564077317293,3.8567618662959755,23.838549782345584,16.8682723036495,287.1987274691747,71.73941403910037,20.025006424964047,18.224233785691283,0.4387690783370838,3.866658758981104,24.168685909634256,16.98588838040419,265.03117015732306,75.50696288505614,19.956585846507444,18.123923828284518,0.438206861758901,3.918927703918968,23.685316545444564,17.418542537746426,522.282406539701,4.002273061993353,3.733442664054106,monthly,157.2073270317437,0.0018407456166045222
Narino,2004-06-09,2004-06-25,0.4098721912963761,0.2697994527595587,172.51446105767502,87.68848711086115,19.739788752789405,17.191689127458048,0.42813783010151263,3.850747486449711,23.17216859447941,17.279342010654798,235.08367907052627,77.87635203878258,19.525928067948477,17.446534208927076,0.4385564077317293,3.8567618662959755,23.838549782345584,16.8682723036495,287.1987274691747,71.73941403910037,20.025006424964047,18.224233785691283,0.4387690783370838,3.866658758981104,24.168685909634256,16.98588838040419,407.5981401282013,3.944559076820149,4.002273061993353,monthly,84.82597394681387,-0.006425485059159075
Narino,2004-06-25,2004-07-11,0.5114961282301455,0.3446839563468106,183.6898094004814,79.63238947967059,19.269604867169196,16.960545727317143,0.425930012126843,3.8346451643641264,22.92275865289369,16.596956306379735,172.51446105767502,87.68848711086115,19.739788752789405,17.191689127458048,0.42813783010151263,3.850747486449711,23.17216859447941,17.279342010654798,235.08367907052627,77.87635203878258,19.525928067948477,17.446534208927076,0.4385564077317293,3.8567618662959755,23.838549782345584,16.8682723036495,356.20427045815643,3.944559076820149,4.002273061993353,monthly,104.05741992081082,-0.005034917673631012
Narino,2004-07-11,2004-07-27,0.5608160779686401,0.348407928838524,197.8861404719624,80.00941286081496,19.066244705598347,16.689699370230503,0.4296208659322329,3.8111001221720424,22.95433144229385,16.436914306403995,183.6898094004814,79.63238947967059,19.269604867169196,16.960545727317143,0.425930012126843,3.8346451643641264,22.92275865289369,16.596956306379735,172.51446105767502,87.68848711086115,19.739788752789405,17.191689127458048,0.42813783010151263,3.850747486449711,23.17216859447941,17.279342010654798,381.5759498724438,4.159955694459884,3.944559076820149,monthly,117.87672761114743,0.0020167992208198204
Narino,2004-07-27,2004-08-12,0.5975767728081706,0.3615463026008055,159.37818684706235,98.00918873060044,19.518549850120145,16.47846912713767,0.4213445784975399,3.7702018732782783,23.78707508408032,16.296282599045966,197.8861404719624,80.00941286081496,19.066244705598347,16.689699370230503,0.4296208659322329,3.8111001221720424,22.95433144229385,16.436914306403995,183.6898094004814,79.63238947967059,19.269604867169196,16.960545727317143,0.425930012126843,3.8346451643641264,22.92275865289369,16.596956306379735,357.26432731902474,4.159955694459884,3.944559076820149,monthly,61.36899811646191,-0.0006434522539429666
Narino,2004-08-12,2004-08-28,0.4588825099273889,0.2851247733835269,116.26720269620216,100.82595046037926,19.55824076173369,16.419402782219343,0.40732804735286765,3.7426811799240514,23.945753954882232,16.5623003928564,159.37818684706235,98.00918873060044,19.518549850120145,16.47846912713767,0.4213445784975399,3.7702018732782783,23.78707508408032,16.296282599045966,197.8861404719624,80.00941286081496,19.066244705598347,16.689699370230503,0.4296208659322329,3.8111001221720424,22.95433144229385,16.436914306403995,275.6453895432645,3.797737526172942,4.159955694459884,monthly,15.441252235822901,-0.01281150765010558
Narino,2004-08-28,2004-09-13,0.4308384859245998,0.317236396523497,221.57559595457664,86.62373502761636,19.31545508815439,16.893462702730567,0.4229460325722907,3.7471011235388687,24.01274803686712,16.73971520932982,116.26720269620216,100.82595046037926,19.55824076173369,16.419402782219343,0.40732804735286765,3.7426811799240514,23.945753954882232,16.5623003928564,159.37818684706235,98.00918873060044,19.518549850120145,16.47846912713767,0.4213445784975399,3.7702018732782783,23.78707508408032,16.296282599045966,337.84279865077883,3.797737526172942,4.159955694459884,monthly,134.95186092696028,0.004822505383172027
Narino,2004-09-13,2004-09-29,0.4575530412785433,0.3124036928709833,266.1338523923581,95.13763803191112,19.525810214124444,16.93000117752227,0.42227654995966346,3.7563587447592037,23.82959845678305,16.697369042693275,221.57559595457664,86.62373502761636,19.31545508815439,16.893462702730567,0.4229460325722907,3.7471011235388687,24.01274803686712,16.73971520932982,116.26720269620216,100.82595046037926,19.55824076173369,16.419402782219343,0.40732804735286765,3.7426811799240514,23.945753954882232,16.5623003928564,487.7094483469348,3.965081678224901,3.797737526172942,monthly,170.99621436044697,0.0025036317823761145
Narino,2004-09-29,2004-10-15,0.512705601431295,0.3561627426415072,257.1440991484601,86.60590422771281,19.75271401484759,17.611556490870996,0.42925023359691683,3.772252295521513,23.80661523012521,17.311115762287866,266.1338523923581,95.13763803191112,19.525810214124444,16.93000117752227,0.42227654995966346,3.7563587447592037,23.82959845678305,16.697369042693275,221.57559595457664,86.62373502761636,19.31545508815439,16.893462702730567,0.4229460325722907,3.7471011235388687,24.01274803686712,16.73971520932982,523.2779515408182,3.965081678224901,3.797737526172942,monthly,170.5381949207473,0.0010048701205737642
Narino,2004-10-15,2004-10-31,0.4815395497061049,0.3031400010908791,284.3069390461196,77.98293481264301,19.295761380620768,17.547965938694848,0.4376573889806894,3.7866202198794614,23.466319207326304,16.662978834998878,257.1440991484601,86.60590422771281,19.75271401484759,17.611556490870996,0.42925023359691683,3.772252295521513,23.80661523012521,17.311115762287866,266.1338523923581,95.13763803191112,19.525810214124444,16.93000117752227,0.42227654995966346,3.7563587447592037,23.82959845678305,16.697369042693275,541.4510381945797,4.149891926482385,3.965081678224901,monthly,206.32400423347661,0.004220130870905003
Narino,2004-10-31,2004-11-16,0.4925741133869284,0.3197240024948583,305.47901987674487,70.50159176452468,19.54578255967114,17.90822622264495,0.43966446665235726,3.7990856752992306,23.73524665797921,17.185445798025928,284.3069390461196,77.98293481264301,19.295761380620768,17.547965938694848,0.4376573889806894,3.7866202198794614,23.466319207326304,16.662978834998878,257.1440991484601,86.60590422771281,19.75271401484759,17.611556490870996,0.42925023359691683,3.772252295521513,23.80661523012521,17.311115762287866,589.7859589228644,4.149891926482385,3.965081678224901,monthly,234.9774281122202,0.006279890975390001
Narino,2004-11-16,2004-12-02,0.4843432429399238,0.3271920134592805,233.838240227144,71.3503743533642,19.540676315863717,17.837912037417894,0.4369596263480896,3.8037901477702216,23.47236971538267,17.258876709319775,305.47901987674487,70.50159176452468,19.54578255967114,17.90822622264495,0.43966446665235726,3.7990856752992306,23.73524665797921,17.185445798025928,284.3069390461196,77.98293481264301,19.295761380620768,17.547965938694848,0.4376573889806894,3.7866202198794614,23.466319207326304,16.662978834998878,539.3172601038889,3.890489229778797,4.149891926482385,monthly,162.4878658737798,0.0026782205447518637
Narino,2004-12-02,2004-12-18,0.5199588193577647,0.3409335764018236,285.8376928754941,70.08039460252736,19.494548632891515,17.827118594039614,0.43976636988039586,3.8022421121313785,23.349603795517595,17.27429997877049,233.838240227144,71.3503743533642,19.540676315863717,17.837912037417894,0.4369596263480896,3.8037901477702216,23.47236971538267,17.258876709319775,305.47901987674487,70.50159176452468,19.54578255967114,17.90822622264495,0.43966446665235726,3.7990856752992306,23.73524665797921,17.185445798025928,519.675933102638,3.4217387256671263,3.890489229778797,monthly,215.75729827296675,0.004098380294953408
Narino,2004-12-18,2005-01-01,0.6366439529536018,0.3920397438502549,162.16972212651274,71.5587342315926,19.66945129982571,17.81507756540334,0.43596328947403756,3.834424483670769,23.44123258543416,16.527270522454387,285.8376928754941,70.08039460252736,19.494548632891515,17.827118594039614,0.43976636988039586,3.8022421121313785,23.349603795517595,17.27429997877049,233.838240227144,71.3503743533642,19.540676315863717,17.837912037417894,0.4369596263480896,3.8037901477702216,23.47236971538267,17.258876709319775,448.00741500200684,3.4217387256671263,3.890489229778797,monthly,90.61098789492014,-0.00038544939747203744
Narino,2005-01-01,2005-01-17,0.5460406254380108,0.3699046356080785,263.70626837639145,76.46066397550757,19.857924986151193,18.01125938339478,0.4367250023083613,3.887553805785023,24.13174223871465,17.421367892022083,162.16972212651274,71.5587342315926,19.66945129982571,17.81507756540334,0.43596328947403756,3.834424483670769,23.44123258543416,16.527270522454387,285.8376928754941,70.08039460252736,19.494548632891515,17.827118594039614,0.43976636988039586,3.8022421121313785,23.349603795517595,17.27429997877049,425.8759905029042,3.9474462498703424,3.4217387256671263,monthly,187.24560440088388,0.0019053235404118962
Narino,2005-01-17,2005-02-02,0.5834464074163086,0.3845666980736354,262.05176460707014,78.63466493417636,19.5425312465802,17.67666255777647,0.4373497996315187,3.9147544405558836,23.99848941625992,16.95828713916854,263.70626837639145,76.46066397550757,19.857924986151193,18.01125938339478,0.4367250023083613,3.887553805785023,24.13174223871465,17.421367892022083,162.16972212651274,71.5587342315926,19.66945129982571,17.81507756540334,0.43596328947403756,3.834424483670769,23.44123258543416,16.527270522454387,525.7580329834616,3.9474462498703424,3.4217387256671263,monthly,183.41709967289378,0.002308975955167991
Narino,2005-02-02,2005-02-18,0.4105398166987457,0.273986216459438,217.62718042372882,67.58319685050196,19.743019951806588,18.147727261575227,0.44066229364397524,3.921190197739384,23.76144929681305,17.597189297977906,262.05176460707014,78.63466493417636,19.5425312465802,17.67666255777647,0.4373497996315187,3.9147544405558836,23.99848941625992,16.95828713916854,263.70626837639145,76.46066397550757,19.857924986151193,18.01125938339478,0.4367250023083613,3.887553805785023,24.13174223871465,17.421367892022083,479.67894503079896,3.8971072646083913,3.9474462498703424,monthly,150.04398357322685,0.006110438764309611
Narino,2005-02-18,2005-03-06,0.5072754614129583,0.3578227855687467,110.43435784529787,95.46040837151128,20.22269233674217,17.923036306823366,0.4196694926740555,3.9321609300360354,24.48057210093273,17.45739946239122,217.62718042372882,67.58319685050196,19.743019951806588,18.147727261575227,0.44066229364397524,3.921190197739384,23.76144929681305,17.597189297977906,262.05176460707014,78.63466493417636,19.5425312465802,17.67666255777647,0.4373497996315187,3.9147544405558836,23.99848941625992,16.95828713916854,328.0615382690267,3.8971072646083913,3.9474462498703424,monthly,14.97394947378659,-0.01482030982319521
Narino,2005-03-06,2005-03-22,0.4362230107373666,0.2887906440950608,278.0766741094932,87.34274865670724,20.12889479917489,18.109486527459357,0.4349483529469339,3.945706715149024,24.87356528669244,17.50228095744586,110.43435784529787,95.46040837151128,20.22269233674217,17.923036306823366,0.4196694926740555,3.9321609300360354,24.48057210093273,17.45739946239122,217.62718042372882,67.58319685050196,19.743019951806588,18.147727261575227,0.44066229364397524,3.921190197739384,23.76144929681305,17.597189297977906,388.51103195479106,3.20959817749378,3.8971072646083913,monthly,190.73392545278594,0.0004078450127305011
Narino,2005-03-22,2005-04-07,0.5572386234640349,0.4057438985722492,302.8420178346467,84.80696910762946,20.138079747949394,18.1122191583651,0.436648724576587,3.959259961466831,24.209487449573405,17.497775063379603,278.0766741094932,87.34274865670724,20.12889479917489,18.109486527459357,0.4349483529469339,3.945706715149024,24.87356528669244,17.50228095744586,110.43435784529787,95.46040837151128,20.22269233674217,17.923036306823366,0.4196694926740555,3.9321609300360354,24.48057210093273,17.45739946239122,580.9186919441399,3.20959817749378,3.8971072646083913,monthly,218.03504872701723,0.0019841279506094267
Narino,2005-04-07,2005-04-23,0.600672307398812,0.4184033757606289,367.0912195909905,77.7670980130847,20.597896295552758,18.704068985815027,0.43951885877015484,3.9648375521936647,24.457261024721703,18.116985371314623,302.8420178346467,84.80696910762946,20.138079747949394,18.1122191583651,0.436648724576587,3.959259961466831,24.209487449573405,17.497775063379603,278.0766741094932,87.34274865670724,20.12889479917489,18.109486527459357,0.4349483529469339,3.945706715149024,24.87356528669244,17.50228095744586,669.9332374256371,4.086221830821142,3.20959817749378,monthly,289.32412157790577,0.0025515991292413
Narino,2005-04-23,2005-05-09,0.6978141427675209,0.4453700905461594,355.7791721135701,72.23102112629905,20.114055722552834,18.42792900544761,0.44131421332951826,3.915169232210471,24.432660175814046,17.67142615888771,367.0912195909905,77.7670980130847,20.597896295552758,18.704068985815027,0.43951885877015484,3.9648375521936647,24.457261024721703,18.116985371314623,302.8420178346467,84.80696910762946,20.138079747949394,18.1122191583651,0.436648724576587,3.959259961466831,24.209487449573405,17.497775063379603,722.8703917045606,4.086221830821142,3.20959817749378,monthly,283.548150987271,0.0027586856705569818
Narino,2005-05-09,2005-05-25,0.6317500118288671,0.4220497775648435,177.41775082487763,77.79201734174622,20.304425605380995,18.323121762232773,0.43715990761341184,3.864877170695522,24.360200320405404,16.527133329150033,355.7791721135701,72.23102112629905,20.114055722552834,18.42792900544761,0.44131421332951826,3.915169232210471,24.432660175814046,17.67142615888771,367.0912195909905,77.7670980130847,20.597896295552758,18.704068985815027,0.43951885877015484,3.9648375521936647,24.457261024721703,18.116985371314623,533.1969229384478,4.062704575020046,4.086221830821142,monthly,99.62573348313141,-0.0006163734743130922
Narino,2005-05-25,2005-06-10,0.5771916686355844,0.3766453704096567,207.91631497959693,79.1014584383012,20.00340252465547,17.87010866063168,0.43403770041948114,3.8565337586716715,24.1007735684299,17.034641038759762,177.41775082487763,77.79201734174622,20.304425605380995,18.323121762232773,0.43715990761341184,3.864877170695522,24.360200320405404,16.527133329150033,355.7791721135701,72.23102112629905,20.114055722552834,18.42792900544761,0.44131421332951826,3.915169232210471,24.432660175814046,17.67142615888771,385.33406580447456,4.062704575020046,4.086221830821142,monthly,128.81485654129574,-0.0026779616956436603
Narino,2005-06-10,2005-06-26,0.4933690599117422,0.3324652557506358,166.45177284108274,78.43869446133057,19.935209884303358,17.68522375662475,0.43151062118898914,3.849991179355575,24.30009829847992,17.401683823693453,207.91631497959693,79.1014584383012,20.00340252465547,17.87010866063168,0.43403770041948114,3.8565337586716715,24.1007735684299,17.034641038759762,177.41775082487763,77.79201734174622,20.304425605380995,18.323121762232773,0.43715990761341184,3.864877170695522,24.360200320405404,16.527133329150033,374.36808782067965,4.048686927661056,4.062704575020046,monthly,88.01307837975217,-0.003052693971682563
Narino,2005-06-26,2005-07-12,0.6689176138591431,0.422509798911372,196.28702538022566,91.2470191703442,19.72114227164072,17.02657201318258,0.4272025152717067,3.8335678067087073,24.040141799690016,16.229964511970927,166.45177284108274,78.43869446133057,19.935209884303358,17.68522375662475,0.43151062118898914,3.849991179355575,24.30009829847992,17.401683823693453,207.91631497959693,79.1014584383012,20.00340252465547,17.87010866063168,0.43403770041948114,3.8565337586716715,24.1007735684299,17.034641038759762,362.7387982213084,4.048686927661056,4.062704575020046,monthly,105.04000620988145,-0.0037624145287672994
Narino,2005-07-12,2005-07-28,0.5310142562408826,0.3466832484068074,183.5390462954935,82.76588649449292,19.540467383854686,17.101956504253643,0.42783073395516213,3.808871511415154,23.549198406402123,16.507631959846844,196.28702538022566,91.2470191703442,19.72114227164072,17.02657201318258,0.4272025152717067,3.8335678067087073,24.040141799690016,16.229964511970927,166.45177284108274,78.43869446133057,19.935209884303358,17.68522375662475,0.43151062118898914,3.849991179355575,24.30009829847992,17.401683823693453,379.82607167571916,4.109666704879164,4.048686927661056,monthly,100.77315980100059,0.00022666724374903469
Narino,2005-07-28,2005-08-13,0.4729429283187082,0.3326324212270156,164.21691770114919,90.39079869522351,19.998904531646318,17.204356184579172,0.4186096560760991,3.767584408106331,23.880288131289365,17.336274750247917,183.5390462954935,82.76588649449292,19.540467383854686,17.101956504253643,0.42783073395516213,3.808871511415154,23.549198406402123,16.507631959846844,196.28702538022566,91.2470191703442,19.72114227164072,17.02657201318258,0.4272025152717067,3.8335678067087073,24.040141799690016,16.229964511970927,347.75596399664266,4.109666704879164,4.048686927661056,monthly,73.82611900592568,-0.0033783746753837662
Narino,2005-08-13,2005-08-29,0.5300555082874235,0.3577060837229829,232.79787508491458,86.30018094107596,19.440453940625886,16.92649099337008,0.4278737715822833,3.7424652345149143,23.49700888243195,16.684189716693044,164.21691770114919,90.39079869522351,19.998904531646318,17.204356184579172,0.4186096560760991,3.767584408106331,23.880288131289365,17.336274750247917,183.5390462954935,82.76588649449292,19.540467383854686,17.101956504253643,0.42783073395516213,3.808871511415154,23.549198406402123,16.507631959846844,397.01479278606377,3.574440304083213,4.109666704879164,monthly,146.4976941438386,0.00773421657931006
Narino,2005-08-29,2005-09-14,0.4177787098944039,0.2933194746389841,189.69238171193473,100.62626564987465,19.941718346598332,17.034520947645746,0.41472408309008996,3.7474485700227342,23.73862492937346,17.039127232557803,232.79787508491458,86.30018094107596,19.440453940625886,16.92649099337008,0.4278737715822833,3.7424652345149143,23.49700888243195,16.684189716693044,164.21691770114919,90.39079869522351,19.998904531646318,17.204356184579172,0.4186096560760991,3.767584408106331,23.880288131289365,17.336274750247917,422.4902567968493,3.574440304083213,4.109666704879164,monthly,89.06611606206008,-0.0033994440990287034
Narino,2005-09-14,2005-09-30,0.4428214353576221,0.3222296692759611,198.0574546570622,94.42709771903051,19.709017584649416,17.213258941811368,0.4207049724738695,3.7572765340463627,23.72901533233363,16.925581378279432,189.69238171193473,100.62626564987465,19.941718346598332,17.034520947645746,0.41472408309008996,3.7474485700227342,23.73862492937346,17.039127232557803,232.79787508491458,86.30018094107596,19.440453940625886,16.92649099337008,0.4278737715822833,3.7424652345149143,23.49700888243195,16.684189716693044,387.74983636899697,3.254663928674701,3.574440304083213,monthly,103.6303569380317,0.0009320542965821632
Narino,2005-09-30,2005-10-16,0.4451205669129501,0.2849103584263786,353.5174046918157,87.2952671373812,19.548225072266554,17.477593172152265,0.434405044017359,3.7732537075636343,24.21289239620544,16.956787645129214,198.0574546570622,94.42709771903051,19.709017584649416,17.213258941811368,0.4207049724738695,3.7572765340463627,23.72901533233363,16.925581378279432,189.69238171193473,100.62626564987465,19.941718346598332,17.034520947645746,0.41472408309008996,3.7474485700227342,23.73862492937346,17.039127232557803,551.5748593488779,3.254663928674701,3.574440304083213,monthly,266.22213755443454,0.006159680541015955
Narino,2005-10-16,2005-11-01,0.3675513909638161,0.2471224339841355,219.47402709151157,77.5852062541286,19.30612413771324,17.468251470644724,0.43537783628964954,3.7874000018336975,23.267265033872608,17.11227345467273,353.5174046918157,87.2952671373812,19.548225072266554,17.477593172152265,0.434405044017359,3.7732537075636343,24.21289239620544,16.956787645129214,198.0574546570622,94.42709771903051,19.709017584649416,17.213258941811368,0.4207049724738695,3.7572765340463627,23.72901533233363,16.925581378279432,572.9914317833272,3.832503753200381,3.254663928674701,monthly,141.88882083738298,0.001940578179865149
Narino,2005-11-01,2005-11-17,0.3369538896195311,0.2323285099699015,287.26534881178816,69.42129752391044,19.336365132713222,17.773956180738672,0.4399582790449965,3.7998102803275504,23.033301593112625,17.077031117017427,219.47402709151157,77.5852062541286,19.30612413771324,17.468251470644724,0.43537783628964954,3.7874000018336975,23.267265033872608,17.11227345467273,353.5174046918157,87.2952671373812,19.548225072266554,17.477593172152265,0.434405044017359,3.7732537075636343,24.21289239620544,16.956787645129214,506.73937590329973,3.643252015827714,3.832503753200381,monthly,217.84405128787773,0.00657370336802926
Narino,2005-11-17,2005-12-03,0.598821754805972,0.3951483097845125,188.61351275071473,79.06014910540677,19.269976500612824,17.350054275491868,0.43245441674730795,3.8036513663600093,23.60046744320613,16.076872198814645,287.26534881178816,69.42129752391044,19.336365132713222,17.773956180738672,0.4399582790449965,3.7998102803275504,23.033301593112625,17.077031117017427,219.47402709151157,77.5852062541286,19.30612413771324,17.468251470644724,0.43537783628964954,3.7874000018336975,23.267265033872608,17.11227345467273,475.8788615625029,3.643252015827714,3.832503753200381,monthly,109.55336364530797,-0.001826989056029793
Narino,2005-12-03,2005-12-19,0.4649592115544284,0.3178234259786839,254.66081729119236,69.16119604776799,19.103491531405904,17.53509530979882,0.43717463604093343,3.802785909511879,23.02895431606761,16.2456464895217,188.61351275071473,79.06014910540677,19.269976500612824,17.350054275491868,0.43245441674730795,3.8036513663600093,23.60046744320613,16.076872198814645,287.26534881178816,69.42129752391044,19.336365132713222,17.773956180738672,0.4399582790449965,3.7998102803275504,23.033301593112625,17.077031117017427,443.2743300419071,3.1251840454074182,3.643252015827714,monthly,185.49962124342437,0.0015066464554909786
Narino,2005-12-19,2006-01-01,0.5095436872214129,0.3173902066490391,218.83644653238846,55.34437300756529,19.00152278426919,17.53092236862657,0.4422107028181536,3.8362023824866074,23.01586070560797,16.160414675467422,254.66081729119236,69.16119604776799,19.103491531405904,17.53509530979882,0.43717463604093343,3.802785909511879,23.02895431606761,16.2456464895217,188.61351275071473,79.06014910540677,19.269976500612824,17.350054275491868,0.43245441674730795,3.8036513663600093,23.60046744320613,16.076872198814645,473.49726382358085,3.1251840454074182,3.643252015827714,monthly,163.49207352482318,0.005861963946644011
Narino,2006-01-01,2006-01-17,0.3990635823822342,0.2699685386093197,252.1951460057893,69.75723417507561,19.018958273008842,17.347399782561475,0.44124356307100854,3.887553805785023,23.615986788234927,16.16841471976006,218.83644653238846,55.34437300756529,19.00152278426919,17.53092236862657,0.4422107028181536,3.8362023824866074,23.01586070560797,16.160414675467422,254.66081729119236,69.16119604776799,19.103491531405904,17.53509530979882,0.43717463604093343,3.802785909511879,23.02895431606761,16.2456464895217,471.03159253817773,3.5448514742824964,3.1251840454074182,monthly,182.4379118307137,0.006423884303059124
Narino,2006-01-17,2006-02-02,0.428951065243182,0.2952153304994518,245.81996249220344,85.89210556450416,19.820835610793722,17.830925512215895,0.4387420161223953,3.9147544405558836,24.08190590117125,17.15128513332539,252.1951460057893,69.75723417507561,19.018958273008842,17.347399782561475,0.44124356307100854,3.887553805785023,23.615986788234927,16.16841471976006,218.83644653238846,55.34437300756529,19.00152278426919,17.53092236862657,0.4422107028181536,3.8362023824866074,23.01586070560797,16.160414675467422,498.01510849799274,3.5448514742824964,3.1251840454074182,monthly,159.92785692769928,0.0037011924460445544
Narino,2006-02-02,2006-02-18,0.5509488984728311,0.3526208628315563,260.41864140256376,76.8063571629368,19.84883754182546,18.078805402760878,0.43907397341426246,3.921190197739384,24.49419437429466,16.86725339650679,245.81996249220344,85.89210556450416,19.820835610793722,17.830925512215895,0.4387420161223953,3.9147544405558836,24.08190590117125,17.15128513332539,252.1951460057893,69.75723417507561,19.018958273008842,17.347399782561475,0.44124356307100854,3.887553805785023,23.615986788234927,16.16841471976006,506.2386038947672,3.611724931119469,3.5448514742824964,monthly,183.61228423962694,0.004522118534596831
Narino,2006-02-18,2006-03-06,0.5914648746334513,0.3650718082594665,220.2034612754684,85.84674473547659,20.02318624317933,18.003422135213082,0.43399754131202195,3.9321609300360354,24.331648177031987,17.255496092768386,260.41864140256376,76.8063571629368,19.84883754182546,18.078805402760878,0.43907397341426246,3.921190197739384,24.49419437429466,16.86725339650679,245.81996249220344,85.89210556450416,19.820835610793722,17.830925512215895,0.4387420161223953,3.9147544405558836,24.08190590117125,17.15128513332539,480.6221026780322,3.611724931119469,3.5448514742824964,monthly,134.35671653999182,-0.0004922611852287706
Narino,2006-03-06,2006-03-22,0.493486036716119,0.3487896350718784,165.61001037309802,77.44816744683013,19.7076875434717,17.886202044287096,0.4348350712344615,3.945706715149024,23.51452306572228,17.26102349005587,220.2034612754684,85.84674473547659,20.02318624317933,18.003422135213082,0.43399754131202195,3.9321609300360354,24.331648177031987,17.255496092768386,260.41864140256376,76.8063571629368,19.84883754182546,18.078805402760878,0.43907397341426246,3.921190197739384,24.49419437429466,16.86725339650679,385.8134716485664,3.702873574860313,3.611724931119469,monthly,88.1618429262679,0.0002945633002581216
Narino,2006-03-22,2006-04-07,0.5418020970144001,0.3834176564042724,255.04718843423316,84.20393237204168,19.98386628504097,18.038241385045097,0.43435332662149195,3.959259961466831,24.46736252913844,17.403628427987478,165.61001037309802,77.44816744683013,19.7076875434717,17.886202044287096,0.4348350712344615,3.945706715149024,23.51452306572228,17.26102349005587,220.2034612754684,85.84674473547659,20.02318624317933,18.003422135213082,0.43399754131202195,3.9321609300360354,24.331648177031987,17.255496092768386,420.65719880733116,3.702873574860313,3.611724931119469,monthly,170.84325606219147,-0.0003112700044856087
Narino,2006-04-07,2006-04-23,0.6513581527320762,0.4570954575796552,231.54513910692847,80.84102126896607,19.76636645424377,17.857310547805568,0.4368165880916436,3.9648375521936647,24.19926679922572,17.16160890572286,255.04718843423316,84.20393237204168,19.98386628504097,18.038241385045097,0.43435332662149195,3.959259961466831,24.46736252913844,17.403628427987478,165.61001037309802,77.44816744683013,19.7076875434717,17.886202044287096,0.4348350712344615,3.945706715149024,23.51452306572228,17.26102349005587,486.59232754116164,4.012056976480207,3.702873574860313,monthly,150.7041178379624,-0.00015067154926995396
Narino,2006-04-23,2006-05-09,0.4372578564035329,0.310237343997234,332.28740708955627,71.32520087112118,19.813197249798044,18.097752755508367,0.44032355592227906,3.915169232210471,23.73182579538307,17.3261610335653,231.54513910692847,80.84102126896607,19.76636645424377,17.857310547805568,0.4368165880916436,3.9648375521936647,24.19926679922572,17.16160890572286,255.04718843423316,84.20393237204168,19.98386628504097,18.038241385045097,0.43435332662149195,3.959259961466831,24.46736252913844,17.403628427987478,563.8325461964847,4.012056976480207,3.702873574860313,monthly,260.9622062184351,0.001768028263317789
Narino,2006-05-09,2006-05-25,0.528496278221152,0.331737628517431,194.51353728218143,84.03848901833882,19.875133983976703,17.629423959423917,0.43038494163793317,3.864877170695522,24.03073527922293,16.591331550078834,332.28740708955627,71.32520087112118,19.813197249798044,18.097752755508367,0.44032355592227906,3.915169232210471,23.73182579538307,17.3261610335653,231.54513910692847,80.84102126896607,19.76636645424377,17.857310547805568,0.4368165880916436,3.9648375521936647,24.19926679922572,17.16160890572286,526.8009443717377,4.28218338151912,4.012056976480207,monthly,110.47504826384261,-0.007391339449791756
Narino,2006-05-25,2006-06-10,0.516999739190921,0.3493355175141998,215.8657921232559,73.51530522786709,19.497696047327544,17.599091424892237,0.43502087467161554,3.8565337586716715,23.706933856999488,16.917530838856187,194.51353728218143,84.03848901833882,19.875133983976703,17.629423959423917,0.43038494163793317,3.864877170695522,24.03073527922293,16.591331550078834,332.28740708955627,71.32520087112118,19.813197249798044,18.097752755508367,0.44032355592227906,3.915169232210471,23.73182579538307,17.3261610335653,410.3793294054373,4.28218338151912,4.012056976480207,monthly,142.3504868953888,-0.0016947874435092602
Narino,2006-06-10,2006-06-26,0.6110010342956176,0.3701188873864955,198.93695155845487,81.60384182572349,19.45425776425146,17.111677768792568,0.43320740947607467,3.849991179355575,23.41830494402637,16.435572889041985,215.8657921232559,73.51530522786709,19.497696047327544,17.599091424892237,0.43502087467161554,3.8565337586716715,23.706933856999488,16.917530838856187,194.51353728218143,84.03848901833882,19.875133983976703,17.629423959423917,0.43038494163793317,3.864877170695522,24.03073527922293,16.591331550078834,414.80274368171075,4.101888889355322,4.28218338151912,monthly,117.33310973273137,-0.0013559056845970363
Narino,2006-06-26,2006-07-12,0.4131756694449269,0.2779967318815294,152.995970308957,89.09386224629753,19.964742552506777,17.22277956370585,0.41831380200699486,3.8335678067087073,23.56222173877081,17.1173989403913,198.93695155845487,81.60384182572349,19.45425776425146,17.111677768792568,0.43320740947607467,3.849991179355575,23.41830494402637,16.435572889041985,215.8657921232559,73.51530522786709,19.497696047327544,17.599091424892237,0.43502087467161554,3.8565337586716715,23.706933856999488,16.917530838856187,351.9329218674119,4.101888889355322,4.28218338151912,monthly,63.902108062659465,-0.012651127793479156
Narino,2006-07-12,2006-07-28,0.5682959917019803,0.3567323995574031,221.4568835140715,84.72216469266453,19.469573472217533,16.829052775923923,0.4146817984004761,3.808871511415154,23.33267191901057,16.88330668990808,152.995970308957,89.09386224629753,19.964742552506777,17.22277956370585,0.41831380200699486,3.8335678067087073,23.56222173877081,17.1173989403913,198.93695155845487,81.60384182572349,19.45425776425146,17.111677768792568,0.43320740947607467,3.849991179355575,23.41830494402637,16.435572889041985,374.4528538230285,3.923758005733309,4.101888889355322,monthly,136.73471882140697,-0.012922268310937013
Narino,2006-07-28,2006-08-13,0.4982678176771179,0.3470706327497699,192.21807429759212,93.17618743654434,19.71312180915751,16.867157035366063,0.4191802748938011,3.767584408106331,23.794143288863467,16.467726577182848,221.4568835140715,84.72216469266453,19.469573472217533,16.829052775923923,0.4146817984004761,3.808871511415154,23.33267191901057,16.88330668990808,152.995970308957,89.09386224629753,19.964742552506777,17.22277956370585,0.41831380200699486,3.8335678067087073,23.56222173877081,17.1173989403913,413.6749578116636,3.923758005733309,4.101888889355322,monthly,99.04188686104779,-0.002807755857681782
Narino,2006-08-13,2006-08-29,0.5037245468120393,0.3570046501251742,263.50967474867093,94.48644505099966,19.800789673794334,16.988938722209305,0.4117306340059276,3.7424652345149143,24.398643077024385,16.767962480569086,192.21807429759212,93.17618743654434,19.71312180915751,16.867157035366063,0.4191802748938011,3.767584408106331,23.794143288863467,16.467726577182848,221.4568835140715,84.72216469266453,19.469573472217533,16.829052775923923,0.4146817984004761,3.808871511415154,23.33267191901057,16.88330668990808,455.72774904626306,3.926979944802068,3.923758005733309,monthly,169.02322969767127,-0.008408920997045655
Narino,2006-08-29,2006-09-14,0.5076627488949561,0.3516934979211243,275.1210260943568,98.06980192170465,19.708097480181905,16.963302361654605,0.416365180940892,3.7474485700227342,24.2315781862394,16.504907733715832,263.50967474867093,94.48644505099966,19.800789673794334,16.988938722209305,0.4117306340059276,3.7424652345149143,24.398643077024385,16.767962480569086,192.21807429759212,93.17618743654434,19.71312180915751,16.867157035366063,0.4191802748938011,3.767584408106331,23.794143288863467,16.467726577182848,538.6307008430277,3.926979944802068,3.923758005733309,monthly,177.05122417265216,-0.0017583462482266832
Narino,2006-09-14,2006-09-30,0.5601510916543732,0.3843240581101654,291.2966947580508,97.37241336872998,19.9287874471235,17.16956144521903,0.41830197908630207,3.7572765340463627,24.31936735460203,16.65373420604861,275.1210260943568,98.06980192170465,19.708097480181905,16.963302361654605,0.416365180940892,3.7474485700227342,24.2315781862394,16.504907733715832,263.50967474867093,94.48644505099966,19.800789673794334,16.988938722209305,0.4117306340059276,3.7424652345149143,24.398643077024385,16.767962480569086,566.4177208524077,4.150192341323619,3.926979944802068,monthly,193.92428138932084,-0.0014709390909852793
Narino,2006-09-30,2006-10-16,0.3844790388841062,0.2797243861151484,278.52675243700037,81.90536793886884,20.027402888944412,17.85301638996835,0.42228607593117456,3.7732537075636343,24.29338628257254,17.393431092655273,291.2966947580508,97.37241336872998,19.9287874471235,17.16956144521903,0.41830197908630207,3.7572765340463627,24.31936735460203,16.65373420604861,275.1210260943568,98.06980192170465,19.708097480181905,16.963302361654605,0.416365180940892,3.7474485700227342,24.2315781862394,16.504907733715832,569.8234471950511,4.150192341323619,3.926979944802068,monthly,196.62138449813153,-0.005959287545168501
Narino,2006-10-16,2006-11-01,0.61283551889362,0.4230999360007343,201.30907296395236,87.78721957746122,19.77478166240548,17.720063032514034,0.4344834780968558,3.7874000018336975,23.569971393870173,17.336498101761418,278.52675243700037,81.90536793886884,20.027402888944412,17.85301638996835,0.42228607593117456,3.7732537075636343,24.29338628257254,17.393431092655273,291.2966947580508,97.37241336872998,19.9287874471235,17.16956144521903,0.41830197908630207,3.7572765340463627,24.31936735460203,16.65373420604861,479.83582540095273,4.182419525787521,4.150192341323619,monthly,113.52185338649114,0.001046219987071384
Narino,2006-11-01,2006-11-17,0.3905209436321069,0.2737303409380436,321.66438920737943,68.02891461623665,19.50577462546429,17.97195756213298,0.4419872280332979,3.7998102803275504,23.423227970708112,16.864791129832803,201.30907296395236,87.78721957746122,19.77478166240548,17.720063032514034,0.4344834780968558,3.7874000018336975,23.569971393870173,17.336498101761418,278.52675243700037,81.90536793886884,20.027402888944412,17.85301638996835,0.42228607593117456,3.7732537075636343,24.29338628257254,17.393431092655273,522.9734621713318,3.9016673716685775,4.182419525787521,monthly,253.63547459114278,0.00860265235633062
Narino,2006-11-17,2006-12-03,0.5463838470723414,0.3536440465701926,409.97136773415156,67.0073362305784,19.478466576994638,17.88946134764244,0.4396000386521172,3.8036513663600093,23.55667287395477,17.090468129224746,321.66438920737943,68.02891461623665,19.50577462546429,17.97195756213298,0.4419872280332979,3.7998102803275504,23.423227970708112,16.864791129832803,201.30907296395236,87.78721957746122,19.77478166240548,17.720063032514034,0.4344834780968558,3.7874000018336975,23.569971393870173,17.336498101761418,731.635756941531,3.9016673716685775,4.182419525787521,monthly,342.96403150357315,0.005318632848779481
Narino,2006-12-03,2006-12-19,0.5944232530229134,0.3851605031094676,342.86280814404955,66.53470636549866,19.5905509404503,18.029980290999546,0.4396538304256448,3.802785909511879,23.55690096073217,16.37222256541158,409.97136773415156,67.0073362305784,19.478466576994638,17.88946134764244,0.4396000386521172,3.8036513663600093,23.55667287395477,17.090468129224746,321.66438920737943,68.02891461623665,19.50577462546429,17.97195756213298,0.4419872280332979,3.7998102803275504,23.423227970708112,16.864791129832803,752.8341758782011,3.863856493471344,3.9016673716685775,monthly,276.3281017785509,0.00398584084020237
Narino,2006-12-19,2007-01-01,0.5209721775185399,0.3561151327686501,318.5684153888528,57.32018086581543,19.75984567629731,18.035959964478984,0.4391569510275772,3.8362023824866074,24.19096885776852,17.50790729912228,342.86280814404955,66.53470636549866,19.5905509404503,18.029980290999546,0.4396538304256448,3.802785909511879,23.55690096073217,16.37222256541158,409.97136773415156,67.0073362305784,19.478466576994638,17.88946134764244,0.4396000386521172,3.8036513663600093,23.55667287395477,17.090468129224746,661.4312235329023,3.863856493471344,3.9016673716685775,monthly,261.2482345230374,0.00280821215606758
Narino,2007-01-01,2007-01-17,0.5235909344589869,0.3614162222278396,196.84697368438174,89.88381225787575,20.319163135502,18.045513642931915,0.422840150674759,3.887553805785023,24.18901838859021,17.569130422798438,318.5684153888528,57.32018086581543,19.75984567629731,18.035959964478984,0.4391569510275772,3.8362023824866074,24.19096885776852,17.50790729912228,342.86280814404955,66.53470636549866,19.5905509404503,18.029980290999546,0.4396538304256448,3.802785909511879,23.55690096073217,16.37222256541158,515.4153890732346,3.89028309667612,3.863856493471344,monthly,106.96316142650599,-0.011979528093190417
Narino,2007-01-17,2007-02-02,0.6716758400439647,0.4645447167342938,263.84627098799933,85.10898749001507,20.36137510174752,18.30991773879994,0.43153872687947037,3.9147544405558836,24.831933225807983,17.909927864089493,196.84697368438174,89.88381225787575,20.319163135502,18.045513642931915,0.422840150674759,3.887553805785023,24.18901838859021,17.569130422798438,318.5684153888528,57.32018086581543,19.75984567629731,18.035959964478984,0.4391569510275772,3.8362023824866074,24.19096885776852,17.50790729912228,460.69324467238107,3.89028309667612,3.863856493471344,monthly,178.73728349798427,-0.0035020967968803496
Narino,2007-02-02,2007-02-18,0.7131498809643281,0.4069130071595623,190.40706667689818,103.61388806816868,20.174677563237115,17.488365793784034,0.41143502054242975,3.921190197739384,24.732126997578625,15.828136324045955,263.84627098799933,85.10898749001507,20.36137510174752,18.30991773879994,0.43153872687947037,3.9147544405558836,24.831933225807983,17.909927864089493,196.84697368438174,89.88381225787575,20.319163135502,18.045513642931915,0.422840150674759,3.887553805785023,24.18901838859021,17.569130422798438,454.2533376648975,4.270956130336989,3.89028309667612,monthly,86.7931786087295,-0.02311683433723588
Narino,2007-02-18,2007-03-06,0.623320031060514,0.417332728697454,125.66790098485244,99.70321067346849,19.887704787680576,17.29547218474108,0.4159393959414381,3.9321609300360354,23.73842000550347,16.44584114370869,190.40706667689818,103.61388806816868,20.174677563237115,17.488365793784034,0.41143502054242975,3.921190197739384,24.732126997578625,15.828136324045955,263.84627098799933,85.10898749001507,20.36137510174752,18.30991773879994,0.43153872687947037,3.9147544405558836,24.831933225807983,17.909927864089493,316.07496766175063,4.270956130336989,3.89028309667612,monthly,25.964690311383947,-0.018550406555812637
Narino,2007-03-06,2007-03-22,0.5815305693855922,0.3990600485167925,316.5644112102236,81.21591410170471,19.874510186215424,18.01514750594398,0.4369800898923072,3.945706715149024,24.608615119360223,17.398975636426822,125.66790098485244,99.70321067346849,19.887704787680576,17.29547218474108,0.4159393959414381,3.9321609300360354,23.73842000550347,16.44584114370869,190.40706667689818,103.61388806816868,20.174677563237115,17.488365793784034,0.41143502054242975,3.921190197739384,24.732126997578625,15.828136324045955,442.2323121950761,3.7121548164587255,4.270956130336989,monthly,235.34849710851893,0.002439581958103787
Narino,2007-03-22,2007-04-07,0.5767492292084873,0.3692203459461914,236.23462203300903,82.37659431405996,20.15040028343992,18.251715142854508,0.43887401831729955,3.959259961466831,24.16322657349137,17.38002920033767,316.5644112102236,81.21591410170471,19.874510186215424,18.01514750594398,0.4369800898923072,3.945706715149024,24.608615119360223,17.398975636426822,125.66790098485244,99.70321067346849,19.887704787680576,17.29547218474108,0.4159393959414381,3.9321609300360354,23.73842000550347,16.44584114370869,552.7990332432327,3.7121548164587255,4.270956130336989,monthly,153.85802771894907,0.004209421691321991
Narino,2007-04-07,2007-04-23,0.5923075127487225,0.3843190794528145,312.40849836526047,77.81943786762582,19.988806163473736,18.200569274755495,0.4394914181458989,3.9648375521936647,24.62356403777535,17.46352845933857,236.23462203300903,82.37659431405996,20.15040028343992,18.251715142854508,0.43887401831729955,3.959259961466831,24.16322657349137,17.38002920033767,316.5644112102236,81.21591410170471,19.874510186215424,18.01514750594398,0.4369800898923072,3.945706715149024,24.608615119360223,17.398975636426822,548.6431203982695,3.715583512899544,3.7121548164587255,monthly,234.58906049763465,0.0025241585049853854
Narino,2007-04-23,2007-05-09,0.5292567030546066,0.37425038267107,492.83171623312217,70.66439829382706,19.81810600595098,18.205835294961524,0.44207343963545875,3.915169232210471,24.51771304783584,17.049863874562508,312.40849836526047,77.81943786762582,19.988806163473736,18.200569274755495,0.4394914181458989,3.9648375521936647,24.62356403777535,17.46352845933857,236.23462203300903,82.37659431405996,20.15040028343992,18.251715142854508,0.43887401831729955,3.959259961466831,24.16322657349137,17.38002920033767,805.2402145983826,3.715583512899544,3.7121548164587255,monthly,422.1673179392951,0.0035179119764974787
Narino,2007-05-09,2007-05-25,0.5538438028460494,0.3894917504618864,381.088093609515,70.52719204011716,20.01217659953161,18.28190550210761,0.44034983793768023,3.864877170695522,24.340089105365344,17.845302177629282,492.83171623312217,70.66439829382706,19.81810600595098,18.205835294961524,0.44207343963545875,3.915169232210471,24.51771304783584,17.049863874562508,312.40849836526047,77.81943786762582,19.988806163473736,18.200569274755495,0.4394914181458989,3.9648375521936647,24.62356403777535,17.46352845933857,873.9198098426372,4.017294046973244,3.715583512899544,monthly,310.56090156939786,0.002573556849955305
Narino,2007-05-25,2007-06-10,0.460211501206034,0.3172532208724316,318.25064461128227,66.00906493880402,19.132535941448555,17.438241131777755,0.4419226021169607,3.8565337586716715,23.08564871126276,16.903665794789987,381.088093609515,70.52719204011716,20.01217659953161,18.28190550210761,0.44034983793768023,3.864877170695522,24.340089105365344,17.845302177629282,492.83171623312217,70.66439829382706,19.81810600595098,18.205835294961524,0.44207343963545875,3.915169232210471,24.51771304783584,17.049863874562508,699.3387382207973,4.017294046973244,3.715583512899544,monthly,252.24157967247825,0.0052069400018359135
Narino,2007-06-10,2007-06-26,0.4278224236755912,0.299304131164536,209.51871260951685,78.30261450244257,19.47534643837741,17.31971918595957,0.4361222709729549,3.849991179355575,23.36375157392776,16.904215998240307,318.25064461128227,66.00906493880402,19.132535941448555,17.438241131777755,0.4419226021169607,3.8565337586716715,23.08564871126276,16.903665794789987,381.088093609515,70.52719204011716,20.01217659953161,18.28190550210761,0.44034983793768023,3.864877170695522,24.340089105365344,17.845302177629282,527.7693572207991,3.921305299851329,4.017294046973244,monthly,131.2160981070743,0.0015589558122832137
Narino,2007-06-26,2007-07-12,0.5513482305235043,0.339803044129351,126.86681913871365,93.16957896945786,19.8402251329124,17.07036615113863,0.4218970222165815,3.8335678067087073,23.845408468912908,17.078481055885625,209.51871260951685,78.30261450244257,19.47534643837741,17.31971918595957,0.4361222709729549,3.849991179355575,23.36375157392776,16.904215998240307,318.25064461128227,66.00906493880402,19.132535941448555,17.438241131777755,0.4419226021169607,3.8565337586716715,23.08564871126276,16.903665794789987,336.3855317482305,3.921305299851329,4.017294046973244,monthly,33.69724016925579,-0.009067907583892532
Narino,2007-07-12,2007-07-28,0.5599336572143963,0.3624096616404482,257.70054665665435,77.53197139615074,19.25779736696268,17.15057179052822,0.4273440259789465,3.808871511415154,23.531858698250574,16.797168657636423,126.86681913871365,93.16957896945786,19.8402251329124,17.07036615113863,0.4218970222165815,3.8335678067087073,23.845408468912908,17.078481055885625,209.51871260951685,78.30261450244257,19.47534643837741,17.31971918595957,0.4361222709729549,3.849991179355575,23.36375157392776,16.904215998240307,384.567365795368,3.923576065582726,3.921305299851329,monthly,180.16857526050362,-0.0002600407324666043
Narino,2007-07-28,2007-08-13,0.499390471224392,0.3227238662030165,157.90259263976992,96.46125358981307,19.478121237623707,16.67607364549096,0.4239328029819456,3.767584408106331,23.618431485291342,16.576043661153502,257.70054665665435,77.53197139615074,19.25779736696268,17.15057179052822,0.4273440259789465,3.808871511415154,23.531858698250574,16.797168657636423,126.86681913871365,93.16957896945786,19.8402251329124,17.07036615113863,0.4218970222165815,3.8335678067087073,23.845408468912908,17.078481055885625,415.6031392964243,3.923576065582726,3.921305299851329,monthly,61.44133904995685,0.001944772230462688
Narino,2007-08-13,2007-08-29,0.4756720814321806,0.3172802187127749,207.62986517657177,89.08354705586353,19.243564066679948,16.777194821087775,0.4287430344882301,3.7424652345149143,23.1363965100097,16.492942948568007,157.90259263976992,96.46125358981307,19.478121237623707,16.67607364549096,0.4239328029819456,3.767584408106331,23.618431485291342,16.576043661153502,257.70054665665435,77.53197139615074,19.25779736696268,17.15057179052822,0.4273440259789465,3.808871511415154,23.531858698250574,16.797168657636423,365.53245781634166,3.8792174527161367,3.923576065582726,monthly,118.54631812070824,0.00860347948525686
Narino,2007-08-29,2007-09-14,0.41253665856309,0.2780293830964245,179.24583377204027,98.62224113509566,19.441146630720688,16.660266353348444,0.42072317331257736,3.7474485700227342,23.51193444676145,16.23802200056985,207.62986517657177,89.08354705586353,19.243564066679948,16.777194821087775,0.4287430344882301,3.7424652345149143,23.1363965100097,16.492942948568007,157.90259263976992,96.46125358981307,19.478121237623707,16.67607364549096,0.4239328029819456,3.767584408106331,23.618431485291342,16.576043661153502,386.875698948612,3.8792174527161367,3.923576065582726,monthly,80.62359263694461,0.0025996461234586987
Narino,2007-09-14,2007-09-30,0.4086173852655932,0.2783886791833473,139.37137793128534,94.73069799896834,19.54027550652842,16.867977017712096,0.4165144333115486,3.7572765340463627,23.482814014821827,16.44068976036209,179.24583377204027,98.62224113509566,19.441146630720688,16.660266353348444,0.42072317331257736,3.7474485700227342,23.51193444676145,16.23802200056985,207.62986517657177,89.08354705586353,19.243564066679948,16.777194821087775,0.4287430344882301,3.7424652345149143,23.1363965100097,16.492942948568007,318.6172117033256,3.73738890014496,3.8792174527161367,monthly,44.640679932317,-0.0032584848657387644
Narino,2007-09-30,2007-10-16,0.3914535920257436,0.2828702284025314,291.92769637364586,81.90417776740131,19.413812825770204,17.348184489103183,0.4279211379598424,3.7732537075636343,23.76427205349291,16.359499264082356,139.37137793128534,94.73069799896834,19.54027550652842,16.867977017712096,0.4165144333115486,3.7572765340463627,23.482814014821827,16.44068976036209,179.24583377204027,98.62224113509566,19.441146630720688,16.660266353348444,0.42072317331257736,3.7474485700227342,23.51193444676145,16.23802200056985,431.2990743049312,3.73738890014496,3.8792174527161367,monthly,210.02351860624455,-0.00032422551650068687
Narino,2007-10-16,2007-11-01,0.4367532092912147,0.3235777257065347,238.4614157746626,73.31385937322847,19.116417660019366,17.41027703354586,0.439429528229917,3.7874000018336975,22.92736890901276,16.757612209508142,291.92769637364586,81.90417776740131,19.413812825770204,17.348184489103183,0.4279211379598424,3.7732537075636343,23.76427205349291,16.359499264082356,139.37137793128534,94.73069799896834,19.54027550652842,16.867977017712096,0.4165144333115486,3.7572765340463627,23.482814014821827,16.44068976036209,530.3891121483084,3.8679262484952273,3.73738890014496,monthly,165.14755640143414,0.005992270120132592
Narino,2007-11-01,2007-11-17,0.4769076048099411,0.3005529013691233,266.59101405691894,72.29761416035447,19.14202286128912,17.496622067814926,0.43780490834455194,3.7998102803275504,23.163199376875745,17.064337851906938,238.4614157746626,73.31385937322847,19.116417660019366,17.41027703354586,0.439429528229917,3.7874000018336975,22.92736890901276,16.757612209508142,291.92769637364586,81.90417776740131,19.413812825770204,17.348184489103183,0.4279211379598424,3.7732537075636343,23.76427205349291,16.359499264082356,505.05242983158155,3.7877162226854986,3.8679262484952273,monthly,194.29339989656447,0.004420332667584681
Narino,2007-11-17,2007-12-03,0.4467173363554467,0.2963689257281603,235.0533755980153,70.841407833907,19.42340655761033,17.786980272774862,0.4402657437533644,3.8036513663600093,23.504116325781105,17.032649473476507,266.59101405691894,72.29761416035447,19.14202286128912,17.496622067814926,0.43780490834455194,3.7998102803275504,23.163199376875745,17.064337851906938,238.4614157746626,73.31385937322847,19.116417660019366,17.41027703354586,0.439429528229917,3.7874000018336975,22.92736890901276,16.757612209508142,501.64438965493423,3.7877162226854986,3.8679262484952273,monthly,164.2119677641083,0.005984337950026675
Narino,2007-12-03,2007-12-19,0.4721908141175189,0.2930949353156866,196.71090689096687,72.54119718043165,18.774250392744868,17.06262872208817,0.4390259522837835,3.802785909511879,22.54012592753757,16.11373949423473,235.0533755980153,70.841407833907,19.42340655761033,17.786980272774862,0.4402657437533644,3.8036513663600093,23.504116325781105,17.032649473476507,266.59101405691894,72.29761416035447,19.14202286128912,17.496622067814926,0.43780490834455194,3.7998102803275504,23.163199376875745,17.064337851906938,431.7642824889822,3.4972028206975923,3.7877162226854986,monthly,124.16970971053522,0.0033579626983410438
Narino,2007-12-19,2008-01-01,0.430354486124174,0.2961147447261429,198.1353813452152,56.59514442372379,19.143650214959052,17.57019166377801,0.4395960012296488,3.8362023824866074,22.823383606032262,17.20159605746324,196.71090689096687,72.54119718043165,18.774250392744868,17.06262872208817,0.4390259522837835,3.802785909511879,22.54012592753757,16.11373949423473,235.0533755980153,70.841407833907,19.42340655761033,17.786980272774862,0.4402657437533644,3.8036513663600093,23.504116325781105,17.032649473476507,394.8462882361821,3.4972028206975923,3.7877162226854986,monthly,141.5402369214914,0.0032472623581392135
Narino,2008-01-01,2008-01-17,0.4651244981613729,0.3209510859361247,264.09880419896916,68.74548450638171,19.022269402537013,17.436706650372784,0.43998461313120735,3.887553805785023,23.15726694392486,16.59052444447962,198.1353813452152,56.59514442372379,19.143650214959052,17.57019166377801,0.4395960012296488,3.8362023824866074,22.823383606032262,17.20159605746324,196.71090689096687,72.54119718043165,18.774250392744868,17.06262872208817,0.4390259522837835,3.802785909511879,22.54012592753757,16.11373949423473,462.23418554418436,3.53308641258912,3.4972028206975923,monthly,195.35331969258743,0.005164934363257934
Narino,2008-01-17,2008-02-02,0.4740906547358248,0.330970671517463,254.38790851492806,70.84074662495343,19.109314711455916,17.3717929117993,0.43889923804195297,3.9147544405558836,23.23478590430312,16.24273781531237,264.09880419896916,68.74548450638171,19.022269402537013,17.436706650372784,0.43998461313120735,3.887553805785023,23.15726694392486,16.59052444447962,198.1353813452152,56.59514442372379,19.143650214959052,17.57019166377801,0.4395960012296488,3.8362023824866074,22.823383606032262,17.20159605746324,518.4867127138972,3.53308641258912,3.4972028206975923,monthly,183.54716188997463,0.0038584143656022474
Narino,2008-02-02,2008-02-18,0.5669755009591887,0.3828527282453832,248.70734001450563,84.22597282443925,19.250226206491167,17.28274853218454,0.43556479254507385,3.921184583867375,23.266568147434384,16.107673331377352,254.38790851492806,70.84074662495343,19.109314711455916,17.3717929117993,0.43889923804195297,3.9147544405558836,23.23478590430312,16.24273781531237,264.09880419896916,68.74548450638171,19.022269402537013,17.436706650372784,0.43998461313120735,3.887553805785023,23.15726694392486,16.59052444447962,503.09524852943366,3.40139220421805,3.53308641258912,monthly,164.48136719006638,0.00101293766540822
Narino,2008-02-18,2008-03-05,0.5553206464336743,0.3813019492863675,268.246424384784,69.51436530194178,19.14252949524534,17.58578601842827,0.4419091237207786,3.931856259851253,23.95819131090836,16.57850418370576,248.70734001450563,84.22597282443925,19.250226206491167,17.28274853218454,0.43556479254507385,3.921184583867375,23.266568147434384,16.107673331377352,254.38790851492806,70.84074662495343,19.109314711455916,17.3717929117993,0.43889923804195297,3.9147544405558836,23.23478590430312,16.24273781531237,516.9537643992896,3.40139220421805,3.53308641258912,monthly,198.73205908284223,0.007419321223527897
Narino,2008-03-05,2008-03-21,0.6679881708770095,0.4206023613277781,218.44746249719174,85.70748259548895,19.213033625516047,17.129214295292655,0.4379240022017323,3.9449619425082534,23.782681943993083,16.2797916905994,268.246424384784,69.51436530194178,19.14252949524534,17.58578601842827,0.4419091237207786,3.931856259851253,23.95819131090836,16.57850418370576,248.70734001450563,84.22597282443925,19.250226206491167,17.28274853218454,0.43556479254507385,3.921184583867375,23.266568147434384,16.107673331377352,486.69388688197574,3.515667374035873,3.40139220421805,monthly,132.73997990170278,0.003383494267528875
Narino,2008-03-21,2008-04-06,0.5644729142496602,0.3737460494000171,193.26163033327123,88.76266143227473,19.703742867106794,17.670427685068887,0.4349683728520609,3.9584127493105665,24.24099607839519,16.423356588494407,218.44746249719174,85.70748259548895,19.213033625516047,17.129214295292655,0.4379240022017323,3.9449619425082534,23.782681943993083,16.2797916905994,268.246424384784,69.51436530194178,19.14252949524534,17.58578601842827,0.4419091237207786,3.931856259851253,23.95819131090836,16.57850418370576,411.70909283046296,3.515667374035873,3.40139220421805,monthly,104.4989689009965,0.0003037762260833521
Narino,2008-04-06,2008-04-22,0.606714275891809,0.4177073858515726,298.77103020149787,82.8046920805821,19.74502863339216,17.86271377277463,0.43862009952067726,3.9659936973730434,24.127830070535683,17.161248407751234,193.26163033327123,88.76266143227473,19.703742867106794,17.670427685068887,0.4349683728520609,3.9584127493105665,24.24099607839519,16.423356588494407,218.44746249719174,85.70748259548895,19.213033625516047,17.129214295292655,0.4379240022017323,3.9449619425082534,23.782681943993083,16.2797916905994,492.0326605347691,3.9183215707707775,3.515667374035873,monthly,215.96633812091576,0.0016528398797637234
Narino,2008-04-22,2008-05-08,0.5986233785039403,0.3897263997095078,339.2982317337765,70.16543436111981,19.719983617485596,18.058287466218392,0.44056205641563057,3.918927703918968,24.043410203364942,17.484103169792814,298.77103020149787,82.8046920805821,19.74502863339216,17.86271377277463,0.43862009952067726,3.9659936973730434,24.127830070535683,17.161248407751234,193.26163033327123,88.76266143227473,19.703742867106794,17.670427685068887,0.4349683728520609,3.9584127493105665,24.24099607839519,16.423356588494407,638.0692619352744,3.9183215707707775,3.515667374035873,monthly,269.1327973726567,0.00200652875666929
Narino,2008-05-08,2008-05-24,0.6158933710172939,0.3785895062743993,274.4012380743324,77.57107246652654,19.77325868283912,17.797360469781047,0.43840460585912877,3.866658758981104,23.737846946965387,17.295270681666388,339.2982317337765,70.16543436111981,19.719983617485596,18.058287466218392,0.44056205641563057,3.918927703918968,24.043410203364942,17.484103169792814,298.77103020149787,82.8046920805821,19.74502863339216,17.86271377277463,0.43862009952067726,3.9659936973730434,24.127830070535683,17.161248407751234,613.6994698081089,3.782261929578148,3.9183215707707775,monthly,196.83016560780587,0.0006283247714038431
Narino,2008-05-24,2008-06-09,0.4977520695899472,0.3441020277834536,264.93618483241534,69.62878910644002,19.303881869506448,17.483755565088266,0.43956578404039903,3.8567618662959755,23.76768686400945,17.06648065867802,274.4012380743324,77.57107246652654,19.77325868283912,17.797360469781047,0.43840460585912877,3.866658758981104,23.737846946965387,17.295270681666388,339.2982317337765,70.16543436111981,19.719983617485596,18.058287466218392,0.44056205641563057,3.918927703918968,24.043410203364942,17.484103169792814,539.3374229067477,3.782261929578148,3.9183215707707775,monthly,195.3073957259753,0.0028501219252742294
Narino,2008-06-09,2008-06-25,0.6502861262198806,0.4221315688100724,277.91887050556534,72.04292028075167,19.54485470824848,17.66749233210615,0.4390376775557796,3.850747486449711,23.50039755445109,17.078058374929945,264.93618483241534,69.62878910644002,19.303881869506448,17.483755565088266,0.43956578404039903,3.8567618662959755,23.76768686400945,17.06648065867802,274.4012380743324,77.57107246652654,19.77325868283912,17.797360469781047,0.43840460585912877,3.866658758981104,23.737846946965387,17.295270681666388,542.8550553379807,3.762839618393111,3.782261929578148,monthly,205.87595022481366,0.0044743623951079
Narino,2008-06-25,2008-07-11,0.5682282418192993,0.3832388879426551,261.84281380586265,68.81591383496826,19.23140376581076,17.28720279663385,0.4394350660192551,3.8346451643641264,23.036863603632728,16.80264910398671,277.91887050556534,72.04292028075167,19.54485470824848,17.66749233210615,0.4390376775557796,3.850747486449711,23.50039755445109,17.078058374929945,264.93618483241534,69.62878910644002,19.303881869506448,17.483755565088266,0.43956578404039903,3.8567618662959755,23.76768686400945,17.06648065867802,539.761684311428,3.762839618393111,3.782261929578148,monthly,193.0268999708944,0.008470136218781066
Narino,2008-07-11,2008-07-27,0.5670284146465633,0.3897190393904263,277.935145870597,78.33071092988402,19.161262046700774,16.90748126268144,0.434838493078296,3.8111001221720424,23.27243621649043,16.272107018827437,261.84281380586265,68.81591383496826,19.23140376581076,17.28720279663385,0.4394350660192551,3.8346451643641264,23.036863603632728,16.80264910398671,277.91887050556534,72.04292028075167,19.54485470824848,17.66749233210615,0.4390376775557796,3.850747486449711,23.50039755445109,17.078058374929945,539.7779596764597,4.061134685845409,3.762839618393111,monthly,199.604434940713,0.0072344263668828734
Narino,2008-07-27,2008-08-12,0.5438231485320838,0.3473560677439822,226.1423338570175,81.48976460329075,19.31274213927385,17.007613799077916,0.4280638981141277,3.7702018732782783,23.143017621823024,16.463206094209855,277.935145870597,78.33071092988402,19.161262046700774,16.90748126268144,0.434838493078296,3.8111001221720424,23.27243621649043,16.272107018827437,261.84281380586265,68.81591383496826,19.23140376581076,17.28720279663385,0.4394350660192551,3.8346451643641264,23.036863603632728,16.80264910398671,504.0774797276145,4.061134685845409,3.762839618393111,monthly,144.65256925372674,0.006075867362644816
Narino,2008-08-12,2008-08-28,0.6309368314535518,0.3923530184090152,285.78672812604066,87.60082286175415,19.22258477795574,16.84891490569883,0.4299445847493664,3.7426811799240514,23.71920896210137,16.228210729120388,226.1423338570175,81.48976460329075,19.31274213927385,17.007613799077916,0.4280638981141277,3.7702018732782783,23.143017621823024,16.463206094209855,277.935145870597,78.33071092988402,19.161262046700774,16.90748126268144,0.434838493078296,3.8111001221720424,23.27243621649043,16.272107018827437,511.92906198305815,4.080798623170701,4.061134685845409,monthly,198.1859052642865,0.00980502974639319
Narino,2008-08-28,2008-09-13,0.5600197140747133,0.379054311332594,203.67666510064925,90.43477943905572,19.55667620942031,16.996476499905736,0.4257638050019943,3.7471011235388687,23.640099966980028,16.895727122112035,285.78672812604066,87.60082286175415,19.22258477795574,16.84891490569883,0.4299445847493664,3.7426811799240514,23.71920896210137,16.228210729120388,226.1423338570175,81.48976460329075,19.31274213927385,17.007613799077916,0.4280638981141277,3.7702018732782783,23.143017621823024,16.463206094209855,489.4633932266899,4.080798623170701,4.061134685845409,monthly,113.24188566159353,0.007640277812875629
Narino,2008-09-13,2008-09-29,0.4940213141628665,0.3470403605991552,247.42189652327903,90.36430972473467,19.654172085741465,17.252458633144528,0.42745231501123904,3.7563587447592037,24.55590520549657,16.465676947781493,203.67666510064925,90.43477943905572,19.55667620942031,16.996476499905736,0.4257638050019943,3.7471011235388687,23.640099966980028,16.895727122112035,285.78672812604066,87.60082286175415,19.22258477795574,16.84891490569883,0.4299445847493664,3.7426811799240514,23.71920896210137,16.228210729120388,451.0985616239283,4.200050545957539,4.080798623170701,monthly,157.05758679854438,0.0076793968339516905
Narino,2008-09-29,2008-10-15,0.4295846656300372,0.2948403944592449,239.18794633702657,83.22482081619002,19.37663424857767,17.289055478280645,0.43287403993648566,3.772252295521513,23.518254724321377,16.365552535687808,247.42189652327903,90.36430972473467,19.654172085741465,17.252458633144528,0.42745231501123904,3.7563587447592037,24.55590520549657,16.465676947781493,203.67666510064925,90.43477943905572,19.55667620942031,16.996476499905736,0.4257638050019943,3.7471011235388687,23.640099966980028,16.895727122112035,486.6098428603056,4.200050545957539,4.080798623170701,monthly,155.96312552083657,0.004628676460142589
Narino,2008-10-15,2008-10-31,0.4355879625435245,0.3026638993483623,271.96808128756186,82.45104733771325,19.6194477127955,17.68002214378889,0.4356031136402734,3.7866202198794614,23.58314699474052,16.866935220608248,239.18794633702657,83.22482081619002,19.37663424857767,17.289055478280645,0.43287403993648566,3.772252295521513,23.518254724321377,16.365552535687808,247.42189652327903,90.36430972473467,19.654172085741465,17.252458633144528,0.42745231501123904,3.7563587447592037,24.55590520549657,16.465676947781493,511.15602762458843,4.291839335859473,4.200050545957539,monthly,189.5170339498486,0.0021658555304889804
Narino,2008-10-31,2008-11-16,0.4387556846154101,0.3003776051979125,237.62438160271589,79.28982217257436,19.328647012180937,17.480570677142747,0.4366603913446137,3.7990856752992306,23.59346883923485,16.513108009098623,271.96808128756186,82.45104733771325,19.6194477127955,17.68002214378889,0.4356031136402734,3.7866202198794614,23.58314699474052,16.866935220608248,239.18794633702657,83.22482081619002,19.37663424857767,17.289055478280645,0.43287403993648566,3.772252295521513,23.518254724321377,16.365552535687808,509.5924628902777,4.291839335859473,4.200050545957539,monthly,158.33455943014152,0.0032758156676464534
Narino,2008-11-16,2008-12-02,0.4657147385498875,0.3032107124715262,150.53098943154683,75.65841089028453,19.510529316498776,17.712106365477844,0.42583813065183257,3.8037901477702216,23.368373083387137,17.23513986599077,237.62438160271589,79.28982217257436,19.328647012180937,17.480570677142747,0.4366603913446137,3.7990856752992306,23.59346883923485,16.513108009098623,271.96808128756186,82.45104733771325,19.6194477127955,17.68002214378889,0.4356031136402734,3.7866202198794614,23.58314699474052,16.866935220608248,388.1553710342627,3.838683960451596,4.291839335859473,monthly,74.8725785412623,-0.00844327515150517
Narino,2008-12-02,2008-12-18,0.4843784184198517,0.3289224330959034,317.3005352028687,70.67386476012334,19.244419869452962,17.65098244692205,0.43812011851251853,3.8022421121313785,23.14434122262895,16.862626960415643,150.53098943154683,75.65841089028453,19.510529316498776,17.712106365477844,0.42583813065183257,3.8037901477702216,23.368373083387137,17.23513986599077,237.62438160271589,79.28982217257436,19.328647012180937,17.480570677142747,0.4366603913446137,3.7990856752992306,23.59346883923485,16.513108009098623,467.8315246344155,3.6678556446556856,3.838683960451596,monthly,246.62667044274534,0.0024521289270760804
Narino,2008-12-18,2009-01-01,0.4251845962731186,0.2873421976842568,145.3004479779386,61.514500080953894,19.034800824250226,17.33388146735277,0.4381290676322819,3.834424483670769,23.16573201514353,16.665760892154708,317.3005352028687,70.67386476012334,19.244419869452962,17.65098244692205,0.43812011851251853,3.8022421121313785,23.14434122262895,16.862626960415643,150.53098943154683,75.65841089028453,19.510529316498776,17.712106365477844,0.42583813065183257,3.8037901477702216,23.368373083387137,17.23513986599077,462.60098318080725,3.6678556446556856,3.838683960451596,monthly,83.78594789698471,0.0017803287607722762
Narino,2009-01-01,2009-01-17,0.4448243382138994,0.3135519991554297,230.07695589681109,73.00952581263624,19.423730355625715,17.673064937150002,0.4373572804410516,3.887553805785023,23.12135906660696,17.248934060897035,145.3004479779386,61.514500080953894,19.034800824250226,17.33388146735277,0.4381290676322819,3.834424483670769,23.16573201514353,16.665760892154708,317.3005352028687,70.67386476012334,19.244419869452962,17.65098244692205,0.43812011851251853,3.8022421121313785,23.14434122262895,16.862626960415643,375.3774038747497,3.308996112214195,3.6678556446556856,monthly,157.06743008417484,0.0025376016731021855
Narino,2009-01-17,2009-02-02,0.5201540999410007,0.3355512628558803,251.55355819971322,73.18050751842435,19.300108119862024,17.67101327507761,0.4402371080149742,3.9147544405558836,23.221511051603485,17.049416659451037,230.07695589681109,73.00952581263624,19.423730355625715,17.673064937150002,0.4373572804410516,3.887553805785023,23.12135906660696,17.248934060897035,145.3004479779386,61.514500080953894,19.034800824250226,17.33388146735277,0.4381290676322819,3.834424483670769,23.16573201514353,16.665760892154708,481.6305140965243,3.308996112214195,3.6678556446556856,monthly,178.37305068128887,0.005196284338623458
Narino,2009-02-02,2009-02-18,0.5649267389903825,0.3721685846323914,305.0088366661035,78.25384674237938,19.597144562167976,17.81027718042994,0.43830028431078094,3.921190197739384,23.816917468043822,17.206623631117157,251.55355819971322,73.18050751842435,19.300108119862024,17.67101327507761,0.4402371080149742,3.9147544405558836,23.221511051603485,17.049416659451037,230.07695589681109,73.00952581263624,19.423730355625715,17.673064937150002,0.4373572804410516,3.887553805785023,23.12135906660696,17.248934060897035,556.5623948658167,3.516842214653141,3.308996112214195,monthly,226.7549899237241,0.0037484294311153077
Narino,2009-02-18,2009-03-06,0.5340161406744628,0.3761693644575271,214.47106327906624,84.11649829589467,19.730607202062714,17.914089029842593,0.43923388921908135,3.9321609300360354,23.734839325332537,17.34047883691064,305.0088366661035,78.25384674237938,19.597144562167976,17.81027718042994,0.43830028431078094,3.921190197739384,23.816917468043822,17.206623631117157,251.55355819971322,73.18050751842435,19.300108119862024,17.67101327507761,0.4402371080149742,3.9147544405558836,23.221511051603485,17.049416659451037,519.4798999451698,3.516842214653141,3.308996112214195,monthly,130.35456498317157,0.0047440867218306315
Narino,2009-03-06,2009-03-22,0.5704440892474569,0.4267500402128567,187.57846338312157,84.31952515469744,19.790928340340525,17.887268908733454,0.43462175409680237,3.945706715149024,23.960634386743344,17.009293754691228,214.47106327906624,84.11649829589467,19.730607202062714,17.914089029842593,0.43923388921908135,3.9321609300360354,23.734839325332537,17.34047883691064,305.0088366661035,78.25384674237938,19.597144562167976,17.81027718042994,0.43830028431078094,3.921190197739384,23.816917468043822,17.206623631117157,402.0495266621878,3.869957640531566,3.516842214653141,monthly,103.25893822842413,8.124616259896911e-05
Narino,2009-03-22,2009-04-07,0.6815541847608858,0.4614878037246789,191.63156123861225,84.08812837834941,19.808567592055578,17.865571463394033,0.43071812606156074,3.959259961466831,24.210577830808774,17.010179324904826,187.57846338312157,84.31952515469744,19.790928340340525,17.887268908733454,0.43462175409680237,3.945706715149024,23.960634386743344,17.009293754691228,214.47106327906624,84.11649829589467,19.730607202062714,17.914089029842593,0.43923388921908135,3.9321609300360354,23.734839325332537,17.34047883691064,379.21002462173385,3.869957640531566,3.516842214653141,monthly,107.54343286026284,-0.003946470564416826
Narino,2009-04-07,2009-04-23,0.5503448014783636,0.4009733218083104,214.63900212741225,81.79251099573932,20.016171151212788,18.075465310450262,0.4360762958035982,3.9648375521936647,24.09497988172688,17.139749198233613,191.63156123861225,84.08812837834941,19.808567592055578,17.865571463394033,0.43071812606156074,3.959259961466831,24.210577830808774,17.010179324904826,187.57846338312157,84.31952515469744,19.790928340340525,17.887268908733454,0.43462175409680237,3.945706715149024,23.960634386743344,17.009293754691228,406.2705633660245,3.9665225730662734,3.869957640531566,monthly,132.84649113167293,-0.0008909638373153506
Narino,2009-04-23,2009-05-09,0.6490473455600387,0.4402460639896091,256.1640617966516,78.66923344195222,20.11724331427216,18.250716054772933,0.43886904640844654,3.915169232210471,24.333491280687344,17.353826747371524,214.63900212741225,81.79251099573932,20.016171151212788,18.075465310450262,0.4360762958035982,3.9648375521936647,24.09497988172688,17.139749198233613,191.63156123861225,84.08812837834941,19.808567592055578,17.865571463394033,0.43071812606156074,3.959259961466831,24.210577830808774,17.010179324904826,470.80306392406385,3.9665225730662734,3.869957640531566,monthly,177.4948283546994,0.00031351874948526426
Narino,2009-05-09,2009-05-25,0.5160827361811294,0.3575953076763677,232.35772575546864,85.15963800308069,20.160745834501213,17.98296546788322,0.4338869048125865,3.864877170695522,23.724004448081004,17.06391191314584,256.1640617966516,78.66923344195222,20.11724331427216,18.250716054772933,0.43886904640844654,3.915169232210471,24.333491280687344,17.353826747371524,214.63900212741225,81.79251099573932,20.016171151212788,18.075465310450262,0.4360762958035982,3.9648375521936647,24.09497988172688,17.139749198233613,488.52178755212026,4.341675767047835,3.9665225730662734,monthly,147.19808775238795,-0.003889376275138412
Narino,2009-05-25,2009-06-10,0.5525646983606879,0.3541402928018797,208.72627016250863,81.14422940747292,20.071672397209838,17.92425074323487,0.4335686907887322,3.8565337586716715,24.14892895082532,17.748344037001047,232.35772575546864,85.15963800308069,20.160745834501213,17.98296546788322,0.4338869048125865,3.864877170695522,23.724004448081004,17.06391191314584,256.1640617966516,78.66923344195222,20.11724331427216,18.250716054772933,0.43886904640844654,3.915169232210471,24.333491280687344,17.353826747371524,441.0839959179773,4.341675767047835,3.9665225730662734,monthly,127.5820407550357,-0.003146971326392578
Narino,2009-06-10,2009-06-26,0.5752987824156727,0.3781894180599457,220.94668496943044,77.25442067830883,19.779808761171203,17.716289604908397,0.43700041543450635,3.849991179355575,23.741110838227986,16.72908078033017,208.72627016250863,81.14422940747292,20.071672397209838,17.92425074323487,0.4335686907887322,3.8565337586716715,24.14892895082532,17.748344037001047,232.35772575546864,85.15963800308069,20.160745834501213,17.98296546788322,0.4338869048125865,3.864877170695522,23.724004448081004,17.06391191314584,429.67295513193903,3.997748962220777,4.341675767047835,monthly,143.6922642911216,0.002437100273834647
Narino,2009-06-26,2009-07-12,0.4859807515978003,0.3370175760603093,234.5635987504183,77.30901310776912,19.512669923468067,17.27548795630529,0.4352460739461532,3.8335678067087073,23.283704989347147,16.55362294959421,220.94668496943044,77.25442067830883,19.779808761171203,17.716289604908397,0.43700041543450635,3.849991179355575,23.741110838227986,16.72908078033017,208.72627016250863,81.14422940747292,20.071672397209838,17.92425074323487,0.4335686907887322,3.8565337586716715,24.14892895082532,17.748344037001047,455.51028371984876,3.997748962220777,4.341675767047835,monthly,157.25458564264918,0.004281144145679205
Narino,2009-07-12,2009-07-28,0.5185575152302802,0.3424835629918738,146.9245895699325,88.27414725358253,19.99297391299464,17.38703273075203,0.42399466234720995,3.808871511415154,23.95821022161821,17.20362166877616,234.5635987504183,77.30901310776912,19.512669923468067,17.27548795630529,0.4352460739461532,3.8335678067087073,23.283704989347147,16.55362294959421,220.94668496943044,77.25442067830883,19.779808761171203,17.716289604908397,0.43700041543450635,3.849991179355575,23.741110838227986,16.72908078033017,381.4881883203508,4.488775134011478,3.997748962220777,monthly,58.65044231634997,-0.0036094043642031504
Narino,2009-07-28,2009-08-13,0.4941012748549879,0.3387136197598852,146.02581566155544,94.95586337726778,20.069199149466094,17.23184382333983,0.41750491366341513,3.767584408106331,24.07743595922679,17.299351576362014,146.9245895699325,88.27414725358253,19.99297391299464,17.38703273075203,0.42399466234720995,3.808871511415154,23.95821022161821,17.20362166877616,234.5635987504183,77.30901310776912,19.512669923468067,17.27548795630529,0.4352460739461532,3.8335678067087073,23.283704989347147,16.55362294959421,292.95040523148793,4.488775134011478,3.997748962220777,monthly,51.069952284287666,-0.004483117088067756
Narino,2009-08-13,2009-08-29,0.529480490574041,0.3472777490063651,285.8235991078787,84.21990035260063,19.841612019539582,17.58629257011019,0.42804208731908044,3.7424652345149143,23.588338779464166,17.290410116770275,146.02581566155544,94.95586337726778,20.069199149466094,17.23184382333983,0.41750491366341513,3.767584408106331,24.07743595922679,17.299351576362014,146.9245895699325,88.27414725358253,19.99297391299464,17.38703273075203,0.42399466234720995,3.808871511415154,23.95821022161821,17.20362166877616,431.84941476943413,4.116311289001535,4.488775134011478,monthly,201.60369875527806,0.007902532316107214
Narino,2009-08-29,2009-09-14,0.6056067234412592,0.3858708801457862,175.64053379017926,98.8446019529984,20.03605351807778,17.236141519087436,0.4226065059713571,3.7474485700227342,24.169238424102737,16.595680279167766,285.8235991078787,84.21990035260063,19.841612019539582,17.58629257011019,0.42804208731908044,3.7424652345149143,23.588338779464166,17.290410116770275,146.02581566155544,94.95586337726778,20.069199149466094,17.23184382333983,0.41750491366341513,3.767584408106331,24.07743595922679,17.299351576362014,461.464132898058,4.116311289001535,4.488775134011478,monthly,76.79593183718086,0.004482978782238467
Narino,2009-09-14,2009-09-30,0.5303628961160062,0.3800975762406006,156.1918963392299,100.1260895166039,20.129918113783244,17.39363202663363,0.4191955757949938,3.7572765340463627,24.257473344153297,17.41981579571948,175.64053379017926,98.8446019529984,20.03605351807778,17.236141519087436,0.4226065059713571,3.7474485700227342,24.169238424102737,16.595680279167766,285.8235991078787,84.21990035260063,19.841612019539582,17.58629257011019,0.42804208731908044,3.7424652345149143,23.588338779464166,17.290410116770275,331.8324301294092,4.230186900367101,4.116311289001535,monthly,56.065806822626016,-0.0005773423822935664
Narino,2009-09-30,2009-10-16,0.4855679475310836,0.3496143665403523,184.33918230505185,92.74623143235911,20.100470328004267,17.6737217501749,0.4234333627405007,3.7732537075636343,24.31257778084906,17.33955599908719,156.1918963392299,100.1260895166039,20.129918113783244,17.39363202663363,0.4191955757949938,3.7572765340463627,24.257473344153297,17.41981579571948,175.64053379017926,98.8446019529984,20.03605351807778,17.236141519087436,0.4226065059713571,3.7474485700227342,24.169238424102737,16.595680279167766,340.53107864428176,4.230186900367101,4.116311289001535,monthly,91.59295087269274,-0.00481200073584237
Narino,2009-10-16,2009-11-01,0.5082279146329001,0.3578835306640509,259.698791741539,86.97864950044385,19.95739720526881,17.835898318414394,0.43283247721532114,3.7874000018336975,24.519482022525136,17.232679453062513,184.33918230505185,92.74623143235911,20.100470328004267,17.6737217501749,0.4234333627405007,3.7732537075636343,24.31257778084906,17.33955599908719,156.1918963392299,100.1260895166039,20.129918113783244,17.39363202663363,0.4191955757949938,3.7572765340463627,24.257473344153297,17.41981579571948,444.0379740465909,3.88601748178673,4.230186900367101,monthly,172.72014224109517,-0.0006047808944632527
Narino,2009-11-01,2009-11-17,0.5664718327354804,0.3859278288869446,202.48828951925933,83.21709373462237,19.801829104018985,17.780980128494093,0.43457512384854635,3.7998102803275504,23.97066301604229,17.520833558106883,259.698791741539,86.97864950044385,19.95739720526881,17.835898318414394,0.43283247721532114,3.7874000018336975,24.519482022525136,17.232679453062513,184.33918230505185,92.74623143235911,20.100470328004267,17.6737217501749,0.4234333627405007,3.7732537075636343,24.31257778084906,17.33955599908719,462.1870812607983,3.9372306176482574,3.88601748178673,monthly,119.27119578463696,0.0011905481715790978
Narino,2009-11-17,2009-12-03,0.4367319377450306,0.2989754254635628,264.1877726699603,76.83625936346303,20.21185381570354,18.39812330196898,0.43497671629175927,3.8036513663600093,24.03576628592895,17.804609198266466,202.48828951925933,83.21709373462237,19.801829104018985,17.780980128494093,0.43457512384854635,3.7998102803275504,23.97066301604229,17.520833558106883,259.698791741539,86.97864950044385,19.95739720526881,17.835898318414394,0.43283247721532114,3.7874000018336975,24.519482022525136,17.232679453062513,466.6760621892196,3.9372306176482574,3.88601748178673,monthly,187.35151330649725,0.00069531048842153
Narino,2009-12-03,2009-12-19,0.4746255134290485,0.3153451779761501,268.7007129232094,74.25645370834968,20.0818563923494,18.305425767107288,0.436423171850178,3.802785909511879,23.73594799101741,17.634412176307187,264.1877726699603,76.83625936346303,20.21185381570354,18.39812330196898,0.43497671629175927,3.8036513663600093,24.03576628592895,17.804609198266466,202.48828951925933,83.21709373462237,19.801829104018985,17.780980128494093,0.43457512384854635,3.7998102803275504,23.97066301604229,17.520833558106883,532.8884855931697,3.506331887533361,3.9372306176482574,monthly,194.4442592148597,0.0007551822647355322
Narino,2009-12-19,2010-01-01,0.5708925872273352,0.3510013702106498,233.67329065557928,57.51774404438481,19.77709676255059,18.151282611122802,0.4393253988557506,3.8362023824866074,23.846181174385524,17.4564672503877,268.7007129232094,74.25645370834968,20.0818563923494,18.305425767107288,0.436423171850178,3.802785909511879,23.73594799101741,17.634412176307187,264.1877726699603,76.83625936346303,20.21185381570354,18.39812330196898,0.43497671629175927,3.8036513663600093,24.03576628592895,17.804609198266466,502.3740035787887,3.506331887533361,3.9372306176482574,monthly,176.15554661119447,0.0029766599842410146
Narino,2010-01-01,2010-01-17,0.6549846480263479,0.3988209029795128,207.0124932707132,101.70814357972549,20.279068330648506,17.718227473140406,0.4213954344268902,3.887553805785023,24.581120119337644,16.87124499998472,233.67329065557928,57.51774404438481,19.77709676255059,18.151282611122802,0.4393253988557506,3.8362023824866074,23.846181174385524,17.4564672503877,268.7007129232094,74.25645370834968,20.0818563923494,18.305425767107288,0.436423171850178,3.802785909511879,23.73594799101741,17.634412176307187,440.6857839262925,3.933317712238008,3.506331887533361,monthly,105.30434969098772,-0.01342424434105921
Narino,2010-01-17,2010-02-02,0.5070672943229854,0.3719973821361014,260.27899072647466,87.02891418098932,20.522644883258586,18.392974989017137,0.42864044765066084,3.9147544405558836,24.51621468284789,18.08574054090201,207.0124932707132,101.70814357972549,20.279068330648506,17.718227473140406,0.4213954344268902,3.887553805785023,24.581120119337644,16.87124499998472,233.67329065557928,57.51774404438481,19.77709676255059,18.151282611122802,0.4393253988557506,3.8362023824866074,23.846181174385524,17.4564672503877,467.29148399718787,3.933317712238008,3.506331887533361,monthly,173.25007654548534,-0.00640037602568988
Narino,2010-02-02,2010-02-18,0.6173946373823966,0.4235302706071401,353.95106573039834,81.94819337920613,20.711040584844792,18.80733053762998,0.4358071549286592,3.921190197739384,24.64805936599172,17.421575588544883,260.27899072647466,87.02891418098932,20.522644883258586,18.392974989017137,0.42864044765066084,3.9147544405558836,24.51621468284789,18.08574054090201,207.0124932707132,101.70814357972549,20.279068330648506,17.718227473140406,0.4213954344268902,3.887553805785023,24.581120119337644,16.87124499998472,614.230056456873,3.556516074696768,3.933317712238008,monthly,272.0028723511922,0.0012553000489935462
Narino,2010-02-18,2010-03-06,0.5104131860670722,0.3139557883149417,246.44462557398782,90.7904216341209,20.889813312591,18.70199704140459,0.43346166338327174,3.9321609300360354,25.408806064386773,17.682315995318625,353.95106573039834,81.94819337920613,20.711040584844792,18.80733053762998,0.4358071549286592,3.921190197739384,24.64805936599172,17.421575588544883,260.27899072647466,87.02891418098932,20.522644883258586,18.392974989017137,0.42864044765066084,3.9147544405558836,24.51621468284789,18.08574054090201,600.3956913043862,3.556516074696768,3.933317712238008,monthly,155.65420393986693,-0.0010281391139789764
Narino,2010-03-06,2010-03-22,0.5277173480950422,0.3883424438129943,269.37245136167786,87.81063234293904,20.905857131777456,18.74848075127574,0.4306361086997535,3.945706715149024,24.839289262071983,17.888413655618255,246.44462557398782,90.7904216341209,20.889813312591,18.70199704140459,0.43346166338327174,3.9321609300360354,25.408806064386773,17.682315995318625,353.95106573039834,81.94819337920613,20.711040584844792,18.80733053762998,0.4358071549286592,3.921190197739384,24.64805936599172,17.421575588544883,515.8170769356657,3.857352385036088,3.556516074696768,monthly,181.56181901873882,-0.0039043992344499068
Narino,2010-03-22,2010-04-07,0.6275690747455739,0.4104039470193785,453.31521595675326,81.50949752096446,20.67027365450577,18.758740240790722,0.43778666878538425,3.959259961466831,25.0302898562174,18.078167428624656,269.37245136167786,87.81063234293904,20.905857131777456,18.74848075127574,0.4306361086997535,3.945706715149024,24.839289262071983,17.888413655618255,246.44462557398782,90.7904216341209,20.889813312591,18.70199704140459,0.43346166338327174,3.9321609300360354,25.408806064386773,17.682315995318625,722.6876673184311,3.857352385036088,3.556516074696768,monthly,371.8057184357888,0.003122072159406686
Narino,2010-04-07,2010-04-23,0.7038783584878184,0.4777399819783427,352.46052558198494,72.51096455837549,20.63672521294947,18.911718671080074,0.4411676864038959,3.9648375521936647,25.397422769721707,17.466349281097838,453.31521595675326,81.50949752096446,20.67027365450577,18.758740240790722,0.43778666878538425,3.959259961466831,25.0302898562174,18.078167428624656,269.37245136167786,87.81063234293904,20.905857131777456,18.74848075127574,0.4306361086997535,3.945706715149024,24.839289262071983,17.888413655618255,805.7757415387382,3.6862203782779006,3.857352385036088,monthly,279.9495610236095,0.004200426762982379
Narino,2010-04-23,2010-05-09,0.5611620105896039,0.3718925130648248,378.91067691344267,67.05714135394511,20.40322194784779,18.751692359326697,0.4406233962320014,3.915169232210471,25.19835480260945,17.76387994378931,352.46052558198494,72.51096455837549,20.63672521294947,18.911718671080074,0.4411676864038959,3.9648375521936647,25.397422769721707,17.466349281097838,453.31521595675326,81.50949752096446,20.67027365450577,18.758740240790722,0.43778666878538425,3.959259961466831,25.0302898562174,18.078167428624656,731.3712024954276,3.6862203782779006,3.857352385036088,monthly,311.8535355594976,0.0020678685730401436
Narino,2010-05-09,2010-05-25,0.5032891827464478,0.3584317435818535,238.94918922940846,78.65795414251798,20.78765497725313,18.794578819186558,0.4342080679810838,3.864877170695522,24.73665387686576,17.648669458477347,378.91067691344267,67.05714135394511,20.40322194784779,18.751692359326697,0.4406233962320014,3.915169232210471,25.19835480260945,17.76387994378931,352.46052558198494,72.51096455837549,20.63672521294947,18.911718671080074,0.4411676864038959,3.9648375521936647,25.397422769721707,17.466349281097838,617.8598661428512,3.739083492727248,3.6862203782779006,monthly,160.29123508689048,-0.003568213106641127
Narino,2010-05-25,2010-06-10,0.3796632176829289,0.2613027303812869,162.03380853678743,70.1160502548722,20.071791442986008,18.200345290744583,0.4371744761602451,3.8565337586716715,24.20905332789241,17.35381074473238,238.94918922940846,78.65795414251798,20.78765497725313,18.794578819186558,0.4342080679810838,3.864877170695522,24.73665387686576,17.648669458477347,378.91067691344267,67.05714135394511,20.40322194784779,18.751692359326697,0.4406233962320014,3.915169232210471,25.19835480260945,17.76387994378931,400.9829977661959,3.739083492727248,3.6862203782779006,monthly,91.91775828191523,0.00045881404512027046
Narino,2010-06-10,2010-06-26,0.5801189418249415,0.3639400022107832,218.46638080706614,76.59762402426168,19.80522562148606,17.757044276926518,0.4372798529058253,3.849991179355575,23.730862640202343,17.419407999731206,162.03380853678743,70.1160502548722,20.071791442986008,18.200345290744583,0.4371744761602451,3.8565337586716715,24.20905332789241,17.35381074473238,238.94918922940846,78.65795414251798,20.78765497725313,18.794578819186558,0.4342080679810838,3.864877170695522,24.73665387686576,17.648669458477347,380.50018934385355,3.709790501957848,3.739083492727248,monthly,141.86875678280447,0.002716537745153569
Narino,2010-06-26,2010-07-12,0.589527868443059,0.3823437864238009,281.45252113227843,69.43247897711534,19.606523908760465,17.78665078092367,0.43854962547345033,3.8335678067087073,23.461115485155403,16.92777726089709,218.46638080706614,76.59762402426168,19.80522562148606,17.757044276926518,0.4372798529058253,3.849991179355575,23.730862640202343,17.419407999731206,162.03380853678743,70.1160502548722,20.071791442986008,18.200345290744583,0.4371744761602451,3.8565337586716715,24.20905332789241,17.35381074473238,499.91890193934455,3.709790501957848,3.739083492727248,monthly,212.02004215516308,0.007584695672976316
Narino,2010-07-12,2010-07-28,0.6272495423953087,0.3735451363016691,240.76172695654571,75.80330077089559,19.40569871272467,17.289193549789594,0.43309362709881083,3.808871511415154,23.48781291914317,16.661353111952312,281.45252113227843,69.43247897711534,19.606523908760465,17.78665078092367,0.43854962547345033,3.8335678067087073,23.461115485155403,16.92777726089709,218.46638080706614,76.59762402426168,19.80522562148606,17.757044276926518,0.4372798529058253,3.849991179355575,23.730862640202343,17.419407999731206,522.2142480888242,3.89189759572312,3.709790501957848,monthly,164.95842618565013,0.0054895603873977294
Narino,2010-07-28,2010-08-13,0.5928398835492702,0.3918939268100755,180.0078339343121,85.95269177078768,19.524262039397485,17.0274984786211,0.4290916701657478,3.767584408106331,23.50690927136972,16.697591465816647,240.76172695654571,75.80330077089559,19.40569871272467,17.289193549789594,0.43309362709881083,3.808871511415154,23.48781291914317,16.661353111952312,281.45252113227843,69.43247897711534,19.606523908760465,17.78665078092367,0.43854962547345033,3.8335678067087073,23.461115485155403,16.92777726089709,420.7695608908578,3.89189759572312,3.709790501957848,monthly,94.05514216352441,0.007103639414264895
Narino,2010-08-13,2010-08-29,0.5328411585677421,0.3438482956546451,190.2603527976749,91.98499481802816,19.534632465206535,16.888980490471624,0.42090264885823825,3.7424652345149143,23.477273233922663,16.55527408549553,180.0078339343121,85.95269177078768,19.524262039397485,17.0274984786211,0.4290916701657478,3.767584408106331,23.50690927136972,16.697591465816647,240.76172695654571,75.80330077089559,19.40569871272467,17.289193549789594,0.43309362709881083,3.808871511415154,23.48781291914317,16.661353111952312,370.268186731987,3.860080573344606,3.89189759572312,monthly,98.27535797964674,0.0007630938552650179
Narino,2010-08-29,2010-09-14,0.4565057495009507,0.2917621053451503,215.23908975737973,87.95875056457719,19.482565013692415,17.129659998597766,0.4275152806182033,3.7474485700227342,24.00332620185067,16.67534371855732,190.2603527976749,91.98499481802816,19.534632465206535,16.888980490471624,0.42090264885823825,3.7424652345149143,23.477273233922663,16.55527408549553,180.0078339343121,85.95269177078768,19.524262039397485,17.0274984786211,0.4290916701657478,3.767584408106331,23.50690927136972,16.697591465816647,405.49944255505466,3.860080573344606,3.89189759572312,monthly,127.28033919280254,0.00939175342908466
Narino,2010-09-14,2010-09-30,0.5743943184984849,0.3531179338500397,183.82153767807944,94.98809501705622,19.58994000394836,17.114459521541676,0.42169810160923843,3.7572765340463627,23.69262259942106,16.90296243825954,215.23908975737973,87.95875056457719,19.482565013692415,17.129659998597766,0.4275152806182033,3.7474485700227342,24.00332620185067,16.67534371855732,190.2603527976749,91.98499481802816,19.534632465206535,16.888980490471624,0.42090264885823825,3.7424652345149143,23.477273233922663,16.55527408549553,399.0606274354592,3.960531925406961,3.860080573344606,monthly,88.83344266102321,0.001925183431951083
Narino,2010-09-30,2010-10-16,0.4088122210922599,0.2932305123871416,147.72629150401542,90.96942513535846,19.696010190418868,17.369006473552517,0.4293173642739919,3.7732537075636343,23.588070142805208,16.989860708833657,183.82153767807944,94.98809501705622,19.58994000394836,17.114459521541676,0.42169810160923843,3.7572765340463627,23.69262259942106,16.90296243825954,215.23908975737973,87.95875056457719,19.482565013692415,17.129659998597766,0.4275152806182033,3.7474485700227342,24.00332620185067,16.67534371855732,331.54782918209486,3.960531925406961,3.860080573344606,monthly,56.75686636865696,0.0010720007976488533
Narino,2010-10-16,2010-11-01,0.3718927951378274,0.2758322163367749,252.3381378126357,73.54134791771855,19.20034011952928,17.50803827219238,0.43785941596305,3.7874000018336975,23.223197650680795,17.246397052083285,147.72629150401542,90.96942513535846,19.696010190418868,17.369006473552517,0.4293173642739919,3.7732537075636343,23.588070142805208,16.989860708833657,183.82153767807944,94.98809501705622,19.58994000394836,17.114459521541676,0.42169810160923843,3.7572765340463627,23.69262259942106,16.90296243825954,400.0644293166511,4.128718399398822,3.960531925406961,monthly,178.79678989491714,0.004422157853265607
Narino,2010-11-01,2010-11-17,0.3816589900854159,0.2715250004305868,253.21141139790979,63.16200716419459,18.93383712914747,17.480775806577995,0.4379320371451217,3.7998102803275504,23.31171052808596,16.531411766492422,252.3381378126357,73.54134791771855,19.20034011952928,17.50803827219238,0.43785941596305,3.7874000018336975,23.223197650680795,17.246397052083285,147.72629150401542,90.96942513535846,19.696010190418868,17.369006473552517,0.4293173642739919,3.7732537075636343,23.588070142805208,16.989860708833657,505.5495492105455,3.459200281888185,4.128718399398822,monthly,190.0494042337152,0.0045474614681544345
Narino,2010-11-17,2010-12-03,0.2555004556537423,0.188678594592607,255.8330318527173,64.85923900282552,18.879954194893717,17.425771852959034,0.44159085128284625,3.8036513663600093,22.8498450620212,16.754422070355357,253.21141139790979,63.16200716419459,18.93383712914747,17.480775806577995,0.4379320371451217,3.7998102803275504,23.31171052808596,16.531411766492422,252.3381378126357,73.54134791771855,19.20034011952928,17.50803827219238,0.43785941596305,3.7874000018336975,23.223197650680795,17.246397052083285,509.04444325062707,3.459200281888185,4.128718399398822,monthly,190.9737928498918,0.007309445479508514
Narino,2010-12-03,2010-12-19,0.3264419445385923,0.2289403090770883,350.4665189087182,58.53441535919795,18.6962532770009,17.320662760949652,0.4405854620203596,3.802785909511879,22.51009715621296,16.40926966695927,255.8330318527173,64.85923900282552,18.879954194893717,17.425771852959034,0.44159085128284625,3.8036513663600093,22.8498450620212,16.754422070355357,253.21141139790979,63.16200716419459,18.93383712914747,17.480775806577995,0.4379320371451217,3.7998102803275504,23.31171052808596,16.531411766492422,606.2995507614355,3.070957290610965,3.459200281888185,monthly,291.9321035495202,0.004917472434917136
Narino,2010-12-19,2011-01-01,0.4363081811446954,0.2963892236684743,269.2638494733946,59.21807456136264,18.853662264179682,17.30549381056722,0.44181067907919636,3.8362023824866074,23.073216217194005,16.27936384479786,350.4665189087182,58.53441535919795,18.6962532770009,17.320662760949652,0.4405854620203596,3.802785909511879,22.51009715621296,16.40926966695927,255.8330318527173,64.85923900282552,18.879954194893717,17.425771852959034,0.44159085128284625,3.8036513663600093,22.8498450620212,16.754422070355357,619.7303683821128,3.070957290610965,3.459200281888185,monthly,210.04577491203196,0.005461940207686755
Narino,2011-01-01,2011-01-17,0.4937448345469394,0.3286184305521631,260.2939060030576,78.02744351076731,19.199404652320275,17.40702432586691,0.4386711867271819,3.887553805785023,23.55124455742244,16.519340593713288,269.2638494733946,59.21807456136264,18.853662264179682,17.30549381056722,0.44181067907919636,3.8362023824866074,23.073216217194005,16.27936384479786,350.4665189087182,58.53441535919795,18.6962532770009,17.320662760949652,0.4405854620203596,3.802785909511879,22.51009715621296,16.40926966695927,529.5577554764523,3.4384264427844475,3.070957290610965,monthly,182.2664624922903,0.003851507959232503
Narino,2011-01-17,2011-02-02,0.5073354829734911,0.3493688822604577,303.004678034448,72.76611475999387,19.116695378541507,17.44625546556035,0.4384889165556947,3.9147544405558836,23.02616900983073,16.886432972888272,260.2939060030576,78.02744351076731,19.199404652320275,17.40702432586691,0.4386711867271819,3.887553805785023,23.55124455742244,16.519340593713288,269.2638494733946,59.21807456136264,18.853662264179682,17.30549381056722,0.44181067907919636,3.8362023824866074,23.073216217194005,16.27936384479786,563.2985840375056,3.4384264427844475,3.070957290610965,monthly,230.23856327445412,0.003448092879344
Narino,2011-02-02,2011-02-18,0.4771446814076233,0.3170929773228778,254.99765343484265,68.22919910045391,19.39315347023387,17.626258993966466,0.4378330827890883,3.921190197739384,23.547597154354268,16.769133118714418,303.004678034448,72.76611475999387,19.116695378541507,17.44625546556035,0.4384889165556947,3.9147544405558836,23.02616900983073,16.886432972888272,260.2939060030576,78.02744351076731,19.199404652320275,17.40702432586691,0.4386711867271819,3.887553805785023,23.55124455742244,16.519340593713288,558.0023314692907,3.742559066482967,3.4384264427844475,monthly,186.76845433438874,0.003281227909422646
Narino,2011-02-18,2011-03-06,0.6550886260481993,0.4323606252224813,167.88451338142568,83.47771560038342,19.54429097555162,17.538228414874958,0.433990349948249,3.9321609300360354,23.97621644239285,16.864030984464172,254.99765343484265,68.22919910045391,19.39315347023387,17.626258993966466,0.4378330827890883,3.921190197739384,23.547597154354268,16.769133118714418,303.004678034448,72.76611475999387,19.116695378541507,17.44625546556035,0.4384889165556947,3.9147544405558836,23.02616900983073,16.886432972888272,422.8821668162683,3.742559066482967,3.4384264427844475,monthly,84.40679778104226,-0.0004994525490017443
Narino,2011-03-06,2011-03-22,0.6458421217688799,0.4274978240659983,205.60254643613695,82.30740616442712,19.31392099099502,17.448571387836594,0.43825244798905216,3.945706715149024,23.53660741498817,16.300948585505676,167.88451338142568,83.47771560038342,19.54429097555162,17.538228414874958,0.433990349948249,3.9321609300360354,23.97621644239285,16.864030984464172,254.99765343484265,68.22919910045391,19.39315347023387,17.626258993966466,0.4378330827890883,3.921190197739384,23.547597154354268,16.769133118714418,373.4870598175626,4.089772092674616,3.742559066482967,monthly,123.29514027170983,0.0037119400548487613
Narino,2011-03-22,2011-04-07,0.6069484790050359,0.4204815586774731,277.5674912744661,78.71398186933476,20.027111418921287,18.16154946322034,0.43946192931471806,3.959259961466831,23.8883300546072,17.517153951375107,205.60254643613695,82.30740616442712,19.31392099099502,17.448571387836594,0.43825244798905216,3.945706715149024,23.53660741498817,16.300948585505676,167.88451338142568,83.47771560038342,19.54429097555162,17.538228414874958,0.433990349948249,3.9321609300360354,23.97621644239285,16.864030984464172,483.170037710603,4.089772092674616,3.742559066482967,monthly,198.85350940513132,0.0047973326887404966
Narino,2011-04-07,2011-04-23,0.5785950328252273,0.3814127638345679,278.43476244187366,71.30353970266378,19.558066339331518,17.904541306751184,0.4420429814646619,3.9648375521936647,23.774931370176287,17.211523886920563,277.5674912744661,78.71398186933476,20.027111418921287,18.16154946322034,0.43946192931471806,3.959259961466831,23.8883300546072,17.517153951375107,205.60254643613695,82.30740616442712,19.31392099099502,17.448571387836594,0.43825244798905216,3.945706715149024,23.53660741498817,16.300948585505676,556.0022537163397,3.827601743859743,4.089772092674616,monthly,207.13122273920987,0.00507572182374838
Narino,2011-04-23,2011-05-09,0.6116635835179149,0.3945985098328697,214.0888701019026,80.6600197673862,20.194123417048445,18.261789234683693,0.4370944337093239,3.915169232210471,24.456505475785203,16.979006505894212,278.43476244187366,71.30353970266378,19.558066339331518,17.904541306751184,0.4420429814646619,3.9648375521936647,23.774931370176287,17.211523886920563,277.5674912744661,78.71398186933476,20.027111418921287,18.16154946322034,0.43946192931471806,3.959259961466831,23.8883300546072,17.517153951375107,492.5236325437762,3.827601743859743,4.089772092674616,monthly,133.42885033451637,-0.0014610939496373931
Narino,2011-05-09,2011-05-25,0.4956644617453743,0.3486923396631067,253.32239718448662,79.39520418507263,20.003290877558246,18.038355469978427,0.4356106957015664,3.864877170695522,24.31590295780996,17.19171910321697,214.0888701019026,80.6600197673862,20.194123417048445,18.261789234683693,0.4370944337093239,3.915169232210471,24.456505475785203,16.979006505894212,278.43476244187366,71.30353970266378,19.558066339331518,17.904541306751184,0.4420429814646619,3.9648375521936647,23.774931370176287,17.211523886920563,467.4112672863892,3.880090487247626,3.827601743859743,monthly,173.927192999414,-0.0021655853861585195
Narino,2011-05-25,2011-06-10,0.5865869630704456,0.3897576696300206,199.76601562066162,69.83271055731541,19.826538465833387,17.975836287877645,0.4388943399457669,3.8565337586716715,23.5217461883803,17.43048168699824,253.32239718448662,79.39520418507263,20.003290877558246,18.038355469978427,0.4356106957015664,3.864877170695522,24.31590295780996,17.19171910321697,214.0888701019026,80.6600197673862,20.194123417048445,18.261789234683693,0.4370944337093239,3.915169232210471,24.456505475785203,16.979006505894212,453.0884128051482,3.880090487247626,3.827601743859743,monthly,129.9333050633462,0.002178677830642073
Narino,2011-06-10,2011-06-26,0.5315803727737295,0.3318874474097459,254.94721363851886,69.02083803908744,19.701725304326672,17.801072225656313,0.43882117045845415,3.849991179355575,23.296644369073384,17.06061705234316,199.76601562066162,69.83271055731541,19.826538465833387,17.975836287877645,0.4388943399457669,3.8565337586716715,23.5217461883803,17.43048168699824,253.32239718448662,79.39520418507263,20.003290877558246,18.038355469978427,0.4356106957015664,3.864877170695522,24.31590295780996,17.19171910321697,454.7132292591805,3.767598758694429,3.880090487247626,monthly,185.92637559943142,0.004257855297782442
Narino,2011-06-26,2011-07-12,0.6870808617683298,0.4460245743902906,209.5657992569063,79.24501911294118,19.60826701875159,17.377632648900388,0.43457227399484666,3.8335678067087073,23.95694888610919,16.453858910485593,254.94721363851886,69.02083803908744,19.701725304326672,17.801072225656313,0.43882117045845415,3.849991179355575,23.296644369073384,17.06061705234316,199.76601562066162,69.83271055731541,19.826538465833387,17.975836287877645,0.4388943399457669,3.8565337586716715,23.5217461883803,17.43048168699824,464.51301289542516,3.767598758694429,3.880090487247626,monthly,130.32078014396512,0.0036073441943726414
Narino,2011-07-12,2011-07-28,0.6399529706102896,0.4288581492043398,212.13273703352345,78.10107193129795,19.430742884385328,17.186949024641784,0.43411490685849147,3.808871511415154,23.71251927971426,16.025731045429982,209.5657992569063,79.24501911294118,19.60826701875159,17.377632648900388,0.43457227399484666,3.8335678067087073,23.95694888610919,16.453858910485593,254.94721363851886,69.02083803908744,19.701725304326672,17.801072225656313,0.43882117045845415,3.849991179355575,23.296644369073384,17.06061705234316,421.69853629042973,4.166592172197364,3.767598758694429,monthly,134.0316651022255,0.006510840147078367
Narino,2011-07-28,2011-08-13,0.5025956265508374,0.3506298515388746,141.77659389562737,89.3683682483957,19.593532046365496,17.072661302091504,0.4291914072078983,3.767584408106331,23.626824829978705,16.241284441495484,212.13273703352345,78.10107193129795,19.430742884385328,17.186949024641784,0.43411490685849147,3.808871511415154,23.71251927971426,16.025731045429982,209.5657992569063,79.24501911294118,19.60826701875159,17.377632648900388,0.43457227399484666,3.8335678067087073,23.95694888610919,16.453858910485593,353.9093309291508,4.166592172197364,3.767598758694429,monthly,52.408225647231674,0.007203376456415389
Narino,2011-08-13,2011-08-29,0.5953136410470432,0.4034837232173022,253.49626951798626,78.43556905820586,19.306851794846885,17.115211609796837,0.42861231730920024,3.7424652345149143,23.27588745840189,16.55386975855852,141.77659389562737,89.3683682483957,19.593532046365496,17.072661302091504,0.4291914072078983,3.767584408106331,23.626824829978705,16.241284441495484,212.13273703352345,78.10107193129795,19.430742884385328,17.186949024641784,0.43411490685849147,3.808871511415154,23.71251927971426,16.025731045429982,395.27286341361366,4.0543003313190304,4.166592172197364,monthly,175.0607004597804,0.00847276230622701
Narino,2011-08-29,2011-09-14,0.4988509911366561,0.3528250171178502,155.73987622967644,98.02790883633443,19.547458167529847,16.74296192017827,0.42216202992197965,3.7474485700227342,23.6355624721822,16.67491714519083,253.49626951798626,78.43556905820586,19.306851794846885,17.115211609796837,0.42861231730920024,3.7424652345149143,23.27588745840189,16.55386975855852,141.77659389562737,89.3683682483957,19.593532046365496,17.072661302091504,0.4291914072078983,3.767584408106331,23.626824829978705,16.241284441495484,409.2361457476627,4.0543003313190304,4.166592172197364,monthly,57.71196739334201,0.0040385027328609935
Narino,2011-09-14,2011-09-30,0.5182843650521752,0.3881356881996904,282.6904295748146,87.59295788772314,19.683562419359532,17.39981275413311,0.4294536508658465,3.7572765340463627,24.122806944809383,17.091700207452398,155.73987622967644,98.02790883633443,19.547458167529847,16.74296192017827,0.42216202992197965,3.7474485700227342,23.6355624721822,16.67491714519083,253.49626951798626,78.43556905820586,19.306851794846885,17.115211609796837,0.42861231730920024,3.7424652345149143,23.27588745840189,16.55386975855852,438.430305804491,4.180981483906376,4.0543003313190304,monthly,195.09747168709143,0.00968073268855918
Narino,2011-09-30,2011-10-16,0.3836056278666704,0.2822497812677507,298.8204775578032,76.07427707124795,19.487689841785475,17.754395041954616,0.4379892684602175,3.7732537075636343,23.4555886027973,17.107020947164347,282.6904295748146,87.59295788772314,19.683562419359532,17.39981275413311,0.4294536508658465,3.7572765340463627,24.122806944809383,17.091700207452398,155.73987622967644,98.02790883633443,19.547458167529847,16.74296192017827,0.42216202992197965,3.7474485700227342,23.6355624721822,16.67491714519083,581.5109071326178,4.180981483906376,4.0543003313190304,monthly,222.74620048655527,0.009743904983874452
Narino,2011-10-16,2011-11-01,0.430844306820453,0.3061633160941416,255.90950191718832,77.92765356523142,18.8000880921324,16.998506948508766,0.4383807873596388,3.7874000018336975,23.189473171930555,16.303355739185267,298.8204775578032,76.07427707124795,19.487689841785475,17.754395041954616,0.4379892684602175,3.7732537075636343,23.4555886027973,17.107020947164347,282.6904295748146,87.59295788772314,19.683562419359532,17.39981275413311,0.4294536508658465,3.7572765340463627,24.122806944809383,17.091700207452398,554.7299794749915,3.954961527234618,4.180981483906376,monthly,177.9818483519569,0.004943529249854417
Narino,2011-11-01,2011-11-17,0.431245483325188,0.29223660117589,199.19972464393834,75.24898151652349,19.3141266850419,17.626971789429383,0.43736301626551877,3.7998102803275504,23.241141589658007,16.495279198275657,255.90950191718832,77.92765356523142,18.8000880921324,16.998506948508766,0.4383807873596388,3.7874000018336975,23.189473171930555,16.303355739185267,298.8204775578032,76.07427707124795,19.487689841785475,17.754395041954616,0.4379892684602175,3.7732537075636343,23.4555886027973,17.107020947164347,455.10922656112666,3.7045789178678494,3.954961527234618,monthly,123.95074312741485,0.003978440588551513
Narino,2011-11-17,2011-12-03,0.4995720771166905,0.3440576645521933,174.79110224509304,81.75541253192843,19.281612787079155,17.299151828422143,0.4246404112990302,3.8036513663600093,23.385171240798343,16.966750549147307,199.19972464393834,75.24898151652349,19.3141266850419,17.626971789429383,0.43736301626551877,3.7998102803275504,23.241141589658007,16.495279198275657,255.90950191718832,77.92765356523142,18.8000880921324,16.998506948508766,0.4383807873596388,3.7874000018336975,23.189473171930555,16.303355739185267,373.9908268890314,3.7045789178678494,3.954961527234618,monthly,93.03568971316462,-0.009640994504307554
Narino,2011-12-03,2011-12-19,0.3758293268335757,0.2559420525550748,299.3909324875069,62.31504887084634,18.981678600163427,17.619933606164274,0.4419118245410112,3.802785909511879,22.992229353383166,16.54687413112551,174.79110224509304,81.75541253192843,19.281612787079155,17.299151828422143,0.4246404112990302,3.8036513663600093,23.385171240798343,16.966750549147307,199.19972464393834,75.24898151652349,19.3141266850419,17.626971789429383,0.43736301626551877,3.7998102803275504,23.241141589658007,16.495279198275657,474.18203473259996,3.56062111755218,3.7045789178678494,monthly,237.07588361666058,0.006243834955568739
Narino,2011-12-19,2012-01-01,0.4232931963954188,0.2797416480334931,177.49496992310506,60.53415330861333,19.520649267348595,17.73362087781118,0.4399337658186627,3.8362023824866074,23.371135726473096,17.31623945874543,299.3909324875069,62.31504887084634,18.981678600163427,17.619933606164274,0.4419118245410112,3.802785909511879,22.992229353383166,16.54687413112551,174.79110224509304,81.75541253192843,19.281612787079155,17.299151828422143,0.4246404112990302,3.8036513663600093,23.385171240798343,16.966750549147307,476.88590241061195,3.56062111755218,3.7045789178678494,monthly,116.96081661449173,0.003585026947153125
Narino,2012-01-01,2012-01-17,0.6128046082421864,0.3851478328572111,319.28820633452176,69.06128286746389,19.342042907236376,17.748763751301006,0.4396589238567615,3.887553805785023,23.253927756371244,16.9202278987173,177.49496992310506,60.53415330861333,19.520649267348595,17.73362087781118,0.4399337658186627,3.8362023824866074,23.371135726473096,17.31623945874543,299.3909324875069,62.31504887084634,18.981678600163427,17.619933606164274,0.4419118245410112,3.802785909511879,22.992229353383166,16.54687413112551,496.7831762576268,3.2480159087733727,3.56062111755218,monthly,250.22692346705787,0.004839245088812061
Narino,2012-01-17,2012-02-02,0.6516111102992557,0.375788893519147,290.4795216763224,69.05010644897817,19.101044097781624,17.543247663390467,0.4409837799329217,3.9147544405558836,23.24454883251465,16.30416942203511,319.28820633452176,69.06128286746389,19.342042907236376,17.748763751301006,0.4396589238567615,3.887553805785023,23.253927756371244,16.9202278987173,177.49496992310506,60.53415330861333,19.520649267348595,17.73362087781118,0.4399337658186627,3.8362023824866074,23.371135726473096,17.31623945874543,609.7677280108442,3.2480159087733727,3.56062111755218,monthly,221.42941522734424,0.005942956256570986
Narino,2012-02-02,2012-02-18,0.4884471993335492,0.3372391012850649,260.8267663802271,72.40417793015482,19.34249153620521,17.76934036531314,0.441713619699613,3.921184583867375,23.28276638823661,16.201796782620026,290.4795216763224,69.05010644897817,19.101044097781624,17.543247663390467,0.4409837799329217,3.9147544405558836,23.24454883251465,16.30416942203511,319.28820633452176,69.06128286746389,19.342042907236376,17.748763751301006,0.4396589238567615,3.887553805785023,23.253927756371244,16.9202278987173,551.3062880565495,3.3025302912839827,3.2480159087733727,monthly,188.4225884500723,0.007161764819947347
Narino,2012-02-18,2012-03-05,0.4972574269272742,0.3393189015923964,234.1120321133956,81.06485451007026,19.327172159527926,17.453483562858555,0.4400055174335465,3.931856259851253,23.926885627413977,16.532618507160663,260.8267663802271,72.40417793015482,19.34249153620521,17.76934036531314,0.441713619699613,3.921184583867375,23.28276638823661,16.201796782620026,290.4795216763224,69.05010644897817,19.101044097781624,17.543247663390467,0.4409837799329217,3.9147544405558836,23.24454883251465,16.30416942203511,494.9387984936227,3.3025302912839827,3.2480159087733727,monthly,153.04717760332534,0.005515714936295768
Narino,2012-03-05,2012-03-21,0.5041823016116501,0.3608180634122497,287.25753065961163,76.98508344391837,19.96796862960667,18.01939105527982,0.43858668693226954,3.9449619425082534,24.225083558906547,17.421475956445477,234.1120321133956,81.06485451007026,19.327172159527926,17.453483562858555,0.4400055174335465,3.931856259851253,23.926885627413977,16.532618507160663,260.8267663802271,72.40417793015482,19.34249153620521,17.76934036531314,0.441713619699613,3.921184583867375,23.28276638823661,16.201796782620026,521.3695627730073,3.902288392751788,3.3025302912839827,monthly,210.27244721569326,0.004046178998066141
Narino,2012-03-21,2012-04-06,0.5360465908449814,0.3783573468106235,258.3940481679013,82.79566093237452,20.028448471496787,18.090621520107035,0.4384555303597878,3.9584127493105665,24.309024685529625,16.660266614972343,287.25753065961163,76.98508344391837,19.96796862960667,18.01939105527982,0.43858668693226954,3.9449619425082534,24.225083558906547,17.421475956445477,234.1120321133956,81.06485451007026,19.327172159527926,17.453483562858555,0.4400055174335465,3.931856259851253,23.926885627413977,16.532618507160663,545.6515788275129,3.902288392751788,3.3025302912839827,monthly,175.5983872355268,0.003790933733810231
Narino,2012-04-06,2012-04-22,0.5841638546338389,0.4245250892264105,233.32891480080932,78.49741694626886,19.928676079424957,18.06889581882271,0.4397674509110244,3.9659936973730434,24.932123325440003,16.631733506157385,258.3940481679013,82.79566093237452,20.028448471496787,18.090621520107035,0.4384555303597878,3.9584127493105665,24.309024685529625,16.660266614972343,287.25753065961163,76.98508344391837,19.96796862960667,18.01939105527982,0.43858668693226954,3.9449619425082534,24.225083558906547,17.421475956445477,491.7229629687106,3.501564706843625,3.902288392751788,monthly,154.83149785454046,0.0028001912701108855
Narino,2012-04-22,2012-05-08,0.6848623896119845,0.4698820638043102,329.7038857005993,78.93807053987902,19.946897506605353,17.982103293668807,0.4395169474890216,3.918927703918968,24.468100921918168,16.998444118407136,233.32891480080932,78.49741694626886,19.928676079424957,18.06889581882271,0.4397674509110244,3.9659936973730434,24.932123325440003,16.631733506157385,258.3940481679013,82.79566093237452,20.028448471496787,18.090621520107035,0.4384555303597878,3.9584127493105665,24.309024685529625,16.660266614972343,563.0328005014086,3.501564706843625,3.902288392751788,monthly,250.76581516072028,0.0009614198300603172
Narino,2012-05-08,2012-05-24,0.5962893972482548,0.3795863982256417,325.2664521537769,72.31698945599382,19.763393415143884,17.85928666081797,0.4400917077714598,3.866658758981104,24.31306996001004,16.67680782187115,329.7038857005993,78.93807053987902,19.946897506605353,17.982103293668807,0.4395169474890216,3.918927703918968,24.468100921918168,16.998444118407136,233.32891480080932,78.49741694626886,19.928676079424957,18.06889581882271,0.4397674509110244,3.9659936973730434,24.932123325440003,16.631733506157385,654.9703378543762,3.705719736434496,3.501564706843625,monthly,252.9494626977831,0.002315426683734856
Narino,2012-05-24,2012-06-09,0.484058871317125,0.3419157709504048,233.1900131487232,82.36451404512293,20.19913033541937,17.86804115019249,0.4305376324887481,3.8567618662959755,24.19823346343975,17.313990807911193,325.2664521537769,72.31698945599382,19.763393415143884,17.85928666081797,0.4400917077714598,3.866658758981104,24.31306996001004,16.67680782187115,329.7038857005993,78.93807053987902,19.946897506605353,17.982103293668807,0.4395169474890216,3.918927703918968,24.468100921918168,16.998444118407136,558.4564653025002,3.705719736434496,3.501564706843625,monthly,150.8254991036003,-0.006178029626376702
Narino,2012-06-09,2012-06-25,0.658234879307523,0.4297539660497909,236.27826136524357,88.891302860053,19.83033735782476,17.350443525255585,0.4266418875150577,3.850747486449711,24.62609038650809,16.758373976667198,233.1900131487232,82.36451404512293,20.19913033541937,17.86804115019249,0.4305376324887481,3.8567618662959755,24.19823346343975,17.313990807911193,325.2664521537769,72.31698945599382,19.763393415143884,17.85928666081797,0.4400917077714598,3.866658758981104,24.31306996001004,16.67680782187115,469.4682745139668,3.848039057207263,3.705719736434496,monthly,147.38695850519056,-0.007921427645613988
Narino,2012-06-25,2012-07-11,0.6057754008710134,0.3984609810684699,192.21785255643988,85.00826982916615,19.40303898312274,16.861120607637744,0.42813536391454365,3.8346451643641264,23.546774350332026,16.529780438397047,236.27826136524357,88.891302860053,19.83033735782476,17.350443525255585,0.4266418875150577,3.850747486449711,24.62609038650809,16.758373976667198,233.1900131487232,82.36451404512293,20.19913033541937,17.86804115019249,0.4305376324887481,3.8567618662959755,24.19823346343975,17.313990807911193,428.49611392168345,3.848039057207263,3.705719736434496,monthly,107.20958272727373,-0.002829565885930363
Narino,2012-07-11,2012-07-27,0.5974726460182839,0.3939558410599772,168.56879259590863,90.60911435526057,19.728052018304897,16.946293001386778,0.4233959092792548,3.8111001221720424,23.47691369848017,16.385521737760534,192.21785255643988,85.00826982916615,19.40303898312274,16.861120607637744,0.42813536391454365,3.8346451643641264,23.546774350332026,16.529780438397047,236.27826136524357,88.891302860053,19.83033735782476,17.350443525255585,0.4266418875150577,3.850747486449711,24.62609038650809,16.758373976667198,360.7866451523485,4.044639627888446,3.848039057207263,monthly,77.95967824064806,-0.004208157432158299
Narino,2012-07-27,2012-08-12,0.5621195391456978,0.3424605717761754,139.95862215291487,99.36922186141008,19.76700939824559,16.633064795106275,0.41155669002734396,3.7702018732782783,24.414204672244743,16.738206509908647,168.56879259590863,90.60911435526057,19.728052018304897,16.946293001386778,0.4233959092792548,3.8111001221720424,23.47691369848017,16.385521737760534,192.21785255643988,85.00826982916615,19.40303898312274,16.861120607637744,0.42813536391454365,3.8346451643641264,23.546774350332026,16.529780438397047,308.5274147488235,4.044639627888446,3.848039057207263,monthly,40.58940029150479,-0.010431340724138927
Narino,2012-08-12,2012-08-28,0.55570318728647,0.3563335241502016,213.55926032452544,96.76917174694506,19.571104520576228,16.627581437862595,0.41707577259443096,3.7426811799240514,23.792699814587337,16.706763295134174,139.95862215291487,99.36922186141008,19.76700939824559,16.633064795106275,0.41155669002734396,3.7702018732782783,24.414204672244743,16.738206509908647,168.56879259590863,90.60911435526057,19.728052018304897,16.946293001386778,0.4233959092792548,3.8111001221720424,23.47691369848017,16.385521737760534,353.5178824774403,3.721167660216313,4.044639627888446,monthly,116.79008857758038,-0.0030637824085422705
Narino,2012-08-28,2012-09-13,0.4357676765592704,0.2990554223667728,161.2569468363203,106.13677170842425,19.625791472354948,16.265955538826972,0.4104114191672771,3.7471011235388687,23.566984110524835,16.324350925597507,213.55926032452544,96.76917174694506,19.571104520576228,16.627581437862595,0.41707577259443096,3.7426811799240514,23.792699814587337,16.706763295134174,139.95862215291487,99.36922186141008,19.76700939824559,16.633064795106275,0.41155669002734396,3.7702018732782783,24.414204672244743,16.738206509908647,374.81620716084575,3.721167660216313,4.044639627888446,monthly,55.12017512789606,-0.007712108021841579
Narino,2012-09-13,2012-09-29,0.532141009990792,0.3647362424043302,184.46731109913352,105.240039795516,19.853413397368985,16.844897845075863,0.4057509250785565,3.7563587447592037,24.384172202911703,16.935119202510673,161.2569468363203,106.13677170842425,19.625791472354948,16.265955538826972,0.4104114191672771,3.7471011235388687,23.566984110524835,16.324350925597507,213.55926032452544,96.76917174694506,19.571104520576228,16.627581437862595,0.41707577259443096,3.7426811799240514,23.792699814587337,16.706763295134174,345.7242579354538,3.1074841084285585,3.721167660216313,monthly,79.22727130361753,-0.014021993098730867
Narino,2012-09-29,2012-10-15,0.3608216168305966,0.2522023186282447,182.60005995293133,90.04520122617267,19.76656699331359,17.421090459928365,0.4245460134391425,3.772252295521513,23.66112378327536,17.174668007190558,184.46731109913352,105.240039795516,19.853413397368985,16.844897845075863,0.4057509250785565,3.7563587447592037,24.384172202911703,16.935119202510673,161.2569468363203,106.13677170842425,19.625791472354948,16.265955538826972,0.4104114191672771,3.7471011235388687,23.566984110524835,16.324350925597507,367.06737105206486,3.1074841084285585,3.721167660216313,monthly,92.55485872675867,-0.003699350037200566
Narino,2012-10-15,2012-10-31,0.4659960532994739,0.3181736875552605,162.23541038124773,85.24806249562208,19.592239400955577,17.412546864057724,0.4289943273964836,3.7866202198794614,23.54265287332285,16.84532241748277,182.60005995293133,90.04520122617267,19.76656699331359,17.421090459928365,0.4245460134391425,3.772252295521513,23.66112378327536,17.174668007190558,184.46731109913352,105.240039795516,19.853413397368985,16.844897845075863,0.4057509250785565,3.7563587447592037,24.384172202911703,16.935119202510673,344.83547033417904,3.858831665685584,3.1074841084285585,monthly,76.98734788562565,-0.004442930713300819
Narino,2012-10-31,2012-11-16,0.4878576806153076,0.3252235566707083,379.95630542923146,73.3754455398878,19.587900285687702,17.92013035192178,0.4376068580150555,3.7990856752992306,23.27512930959365,17.005687487936132,162.23541038124773,85.24806249562208,19.592239400955577,17.412546864057724,0.4289943273964836,3.7866202198794614,23.54265287332285,16.84532241748277,182.60005995293133,90.04520122617267,19.76656699331359,17.421090459928365,0.4245460134391425,3.772252295521513,23.66112378327536,17.174668007190558,542.1917158104792,3.858831665685584,3.1074841084285585,monthly,306.5808598893436,0.004222282338088246
Narino,2012-11-16,2012-12-02,0.4574258043927139,0.3109928360242429,245.90730036325368,79.12029477681534,19.683642873459583,17.950392368725446,0.43849091720465294,3.8037901477702216,23.67788640543944,17.270197199292316,379.95630542923146,73.3754455398878,19.587900285687702,17.92013035192178,0.4376068580150555,3.7990856752992306,23.27512930959365,17.005687487936132,162.23541038124773,85.24806249562208,19.592239400955577,17.412546864057724,0.4289943273964836,3.7866202198794614,23.54265287332285,16.84532241748277,625.8636057924851,3.507698733309708,3.858831665685584,monthly,166.78700558643834,0.004209511401315202
Narino,2012-12-02,2012-12-18,0.4430793994863268,0.2939374546131012,237.62266668947726,72.316668504359,19.383965196080332,17.665263457426228,0.43773178378069744,3.8022421121313785,23.521722657530724,16.864869589705684,245.90730036325368,79.12029477681534,19.683642873459583,17.950392368725446,0.43849091720465294,3.8037901477702216,23.67788640543944,17.270197199292316,379.95630542923146,73.3754455398878,19.587900285687702,17.92013035192178,0.4376068580150555,3.7990856752992306,23.27512930959365,17.005687487936132,483.52996705273097,3.655394375958324,3.507698733309708,monthly,165.30599818511826,0.0020637941952549865
Narino,2012-12-18,2013-01-01,0.444990668855816,0.3164370401420917,166.89435646670208,71.82775121927929,19.707476815743384,17.689964045851863,0.43563519750429297,3.834424483670769,23.43743494418436,17.33723435004526,237.62266668947726,72.316668504359,19.383965196080332,17.665263457426228,0.43773178378069744,3.8022421121313785,23.521722657530724,16.864869589705684,245.90730036325368,79.12029477681534,19.683642873459583,17.950392368725446,0.43849091720465294,3.8037901477702216,23.67788640543944,17.270197199292316,404.51702315617933,3.655394375958324,3.507698733309708,monthly,95.06660524742279,-0.0007135413672166302
Narino,2013-01-01,2013-01-17,0.426224413635214,0.3065937946699115,210.951365818302,77.1749729575999,19.85839428675635,17.87843884049452,0.43242061117260744,3.887553805785023,23.66411541763157,17.5680121883414,166.89435646670208,71.82775121927929,19.707476815743384,17.689964045851863,0.43563519750429297,3.834424483670769,23.43743494418436,17.33723435004526,237.62266668947726,72.316668504359,19.383965196080332,17.665263457426228,0.43773178378069744,3.8022421121313785,23.521722657530724,16.864869589705684,377.84572228500406,3.767757285567919,3.655394375958324,monthly,133.77639286070212,-0.002399067595341975
Narino,2013-01-17,2013-02-02,0.4514894278465103,0.3193240189671519,189.58490030437633,80.54590044652912,20.17462712367322,18.244327477950144,0.4351703120406833,3.9147544405558836,24.07933766506825,17.588817615031886,210.951365818302,77.1749729575999,19.85839428675635,17.87843884049452,0.43242061117260744,3.887553805785023,23.66411541763157,17.5680121883414,166.89435646670208,71.82775121927929,19.707476815743384,17.689964045851863,0.43563519750429297,3.834424483670769,23.43743494418436,17.33723435004526,400.53626612267834,3.767757285567919,3.655394375958324,monthly,109.03899985784722,0.00012948836433257505
Narino,2013-02-02,2013-02-18,0.392257994479393,0.2838525053878246,279.01739179794254,71.37136438141535,19.546820486410297,17.90383362223487,0.4389550501555872,3.921190197739384,24.10835196124628,17.07955261005158,189.58490030437633,80.54590044652912,20.17462712367322,18.244327477950144,0.4351703120406833,3.9147544405558836,24.07933766506825,17.588817615031886,210.951365818302,77.1749729575999,19.85839428675635,17.87843884049452,0.43242061117260744,3.887553805785023,23.66411541763157,17.5680121883414,468.60229210231887,3.5303317149179008,3.767757285567919,monthly,207.6460274165272,0.00440319527592159
Narino,2013-02-18,2013-03-06,0.4546510430597699,0.3298630905979017,242.49268514419563,76.46562477336144,20.050479050581366,18.227151373135506,0.4398021951921406,3.9321609300360354,24.3570916463026,17.592983187064284,279.01739179794254,71.37136438141535,19.546820486410297,17.90383362223487,0.4389550501555872,3.921190197739384,24.10835196124628,17.07955261005158,189.58490030437633,80.54590044652912,20.17462712367322,18.244327477950144,0.4351703120406833,3.9147544405558836,24.07933766506825,17.588817615031886,521.5100769421382,3.5303317149179008,3.767757285567919,monthly,166.0270603708342,0.005312392694889867
Narino,2013-03-06,2013-03-22,0.5152358204171641,0.3360838305513275,286.8037872457378,75.15029992377643,20.26355601246945,18.54257258770876,0.44005059264806323,3.945706715149024,24.17483975272959,17.80156476022706,242.49268514419563,76.46562477336144,20.050479050581366,18.227151373135506,0.4398021951921406,3.9321609300360354,24.3570916463026,17.592983187064284,279.01739179794254,71.37136438141535,19.546820486410297,17.90383362223487,0.4389550501555872,3.921190197739384,24.10835196124628,17.07955261005158,529.2964723899335,3.791519274255782,3.5303317149179008,monthly,211.65348732196136,0.005510084713859831
Narino,2013-03-22,2013-04-07,0.6296999629939568,0.4449759815439849,171.87179045413484,85.09520148699167,20.39957731609,18.310059804164585,0.4343387589972801,3.959259961466831,24.783272004683287,17.477042261454486,286.8037872457378,75.15029992377643,20.26355601246945,18.54257258770876,0.44005059264806323,3.945706715149024,24.17483975272959,17.80156476022706,242.49268514419563,76.46562477336144,20.050479050581366,18.227151373135506,0.4398021951921406,3.9321609300360354,24.3570916463026,17.592983187064284,458.67557769987263,3.791519274255782,3.5303317149179008,monthly,86.77658896714317,-0.00032583762869747845
Narino,2013-04-07,2013-04-23,0.5793304034212842,0.3907176179743817,349.32418690070426,75.9670590117833,20.336193622801236,18.487376684340735,0.4367865191504705,3.9648375521936647,24.425558805217506,17.204531179127596,171.87179045413484,85.09520148699167,20.39957731609,18.310059804164585,0.4343387589972801,3.959259961466831,24.783272004683287,17.477042261454486,286.8037872457378,75.15029992377643,20.26355601246945,18.54257258770876,0.44005059264806323,3.945706715149024,24.17483975272959,17.80156476022706,521.1959773548391,3.866609338770228,3.791519274255782,monthly,273.35712788892096,-0.0001807404904430321
Narino,2013-04-23,2013-05-09,0.6311259173940086,0.3869296603955729,286.8590088411542,82.59042877070794,20.038176185514164,18.099234027926787,0.43733501244862827,3.915169232210471,24.33461126211101,17.488561816292233,349.32418690070426,75.9670590117833,20.336193622801236,18.487376684340735,0.4367865191504705,3.9648375521936647,24.425558805217506,17.204531179127596,171.87179045413484,85.09520148699167,20.39957731609,18.310059804164585,0.4343387589972801,3.959259961466831,24.783272004683287,17.477042261454486,636.1831957418585,3.866609338770228,3.791519274255782,monthly,204.26858007044626,-0.0012205152103330064
Narino,2013-05-09,2013-05-25,0.3552989316736556,0.2512067335064331,305.1151374489008,71.81483835164173,19.886152021182497,18.172585511606904,0.4422983758221635,3.864877170695522,23.64180725901074,17.453565502974076,286.8590088411542,82.59042877070794,20.038176185514164,18.099234027926787,0.43733501244862827,3.915169232210471,24.33461126211101,17.488561816292233,349.32418690070426,75.9670590117833,20.336193622801236,18.487376684340735,0.4367865191504705,3.9648375521936647,24.425558805217506,17.204531179127596,591.9741462900549,3.648556049694033,3.866609338770228,monthly,233.30029909725906,0.0045220947344385976
Narino,2013-05-25,2013-06-10,0.5227082010131977,0.3650384877079761,263.7632690602027,77.45215813571276,19.616697395942868,17.539083563441814,0.43590871884394855,3.8565337586716715,24.358745812416267,16.33192938593314,305.1151374489008,71.81483835164173,19.886152021182497,18.172585511606904,0.4422983758221635,3.864877170695522,23.64180725901074,17.453565502974076,286.8590088411542,82.59042877070794,20.038176185514164,18.099234027926787,0.43733501244862827,3.915169232210471,24.33461126211101,17.488561816292233,568.8784065091035,3.648556049694033,3.866609338770228,monthly,186.31111092448992,-0.0008069432711762525
Narino,2013-06-10,2013-06-26,0.4079007832995562,0.2854170718386214,147.15972243196578,82.13316630714003,19.88516475933377,17.609324714455735,0.42884310873611575,3.849991179355575,23.55180376198982,17.391903502817968,263.7632690602027,77.45215813571276,19.616697395942868,17.539083563441814,0.43590871884394855,3.8565337586716715,24.358745812416267,16.33192938593314,305.1151374489008,71.81483835164173,19.886152021182497,18.172585511606904,0.4422983758221635,3.864877170695522,23.64180725901074,17.453565502974076,410.9229914921684,4.1720567045242944,3.648556049694033,monthly,65.02655612482575,-0.005720206424555951
Narino,2013-06-26,2013-07-12,0.6168635304890434,0.413553713396645,238.96513387370794,78.85366794516352,19.321267501507283,17.135051604857587,0.43207977131509256,3.8335678067087073,23.52501228653725,16.682784475400787,147.15972243196578,82.13316630714003,19.88516475933377,17.609324714455735,0.42884310873611575,3.849991179355575,23.55180376198982,17.391903502817968,263.7632690602027,77.45215813571276,19.616697395942868,17.539083563441814,0.43590871884394855,3.8565337586716715,24.358745812416267,16.33192938593314,386.1248563056737,4.1720567045242944,3.648556049694033,monthly,160.11146592854442,0.0011148415146185475
Narino,2013-07-12,2013-07-28,0.4272266496417619,0.3014365725729127,142.6921736648768,80.63341162011321,19.37392387349641,16.983215119920857,0.4298101429857103,3.808871511415154,23.2109504467848,16.79478384601184,238.96513387370794,78.85366794516352,19.321267501507283,17.135051604857587,0.43207977131509256,3.8335678067087073,23.52501228653725,16.682784475400787,147.15972243196578,82.13316630714003,19.88516475933377,17.609324714455735,0.42884310873611575,3.849991179355575,23.55180376198982,17.391903502817968,381.65730753858475,3.9893463100488256,4.1720567045242944,monthly,62.0587620447636,0.0022060762742971973
Narino,2013-07-28,2013-08-13,0.4796836143669833,0.3312311464088425,189.85786871990945,87.08812782517,19.3692767113654,16.7932746423129,0.41907356671629614,3.767584408106331,23.30183397611048,16.46387356689644,142.6921736648768,80.63341162011321,19.37392387349641,16.983215119920857,0.4298101429857103,3.808871511415154,23.2109504467848,16.79478384601184,238.96513387370794,78.85366794516352,19.321267501507283,17.135051604857587,0.43207977131509256,3.8335678067087073,23.52501228653725,16.682784475400787,332.55004238478625,3.9893463100488256,4.1720567045242944,monthly,102.76974089473944,-0.002914464035186748
Narino,2013-08-13,2013-08-29,0.5201863845294598,0.3633072953075414,159.82372334768468,84.45822258766503,19.46209322589803,17.02075845363523,0.431093692904006,3.7424652345149143,23.36084791928404,16.874849692174962,189.85786871990945,87.08812782517,19.3692767113654,16.7932746423129,0.41907356671629614,3.767584408106331,23.30183397611048,16.46387356689644,142.6921736648768,80.63341162011321,19.37392387349641,16.983215119920857,0.4298101429857103,3.808871511415154,23.2109504467848,16.79478384601184,349.6815920675941,3.738632192201458,3.9893463100488256,monthly,75.36550076001964,0.010954137901032779
Narino,2013-08-29,2013-09-14,0.5000081927383174,0.3383410840490177,201.41558394638292,94.89174935723497,19.411696529328715,16.68787205149099,0.42407244464316546,3.7474485700227342,23.53082898138437,16.509587310327948,159.82372334768468,84.45822258766503,19.46209322589803,17.02075845363523,0.431093692904006,3.7424652345149143,23.36084791928404,16.874849692174962,189.85786871990945,87.08812782517,19.3692767113654,16.7932746423129,0.41907356671629614,3.767584408106331,23.30183397611048,16.46387356689644,361.2393072940676,3.738632192201458,3.9893463100488256,monthly,106.52383458914795,0.005948917454046798
Narino,2013-09-14,2013-09-30,0.468853957919368,0.3312502284570058,144.46529318721753,93.40193606510711,19.875272233013185,17.23992226374473,0.42296191708923925,3.7572765340463627,24.107654388045898,16.95819539791121,201.41558394638292,94.89174935723497,19.411696529328715,16.68787205149099,0.42407244464316546,3.7474485700227342,23.53082898138437,16.509587310327948,159.82372334768468,84.45822258766503,19.46209322589803,17.02075845363523,0.431093692904006,3.7424652345149143,23.36084791928404,16.874849692174962,345.88087713360045,3.642623258468981,3.738632192201458,monthly,51.06335712211042,0.0031889989119519013
Narino,2013-09-30,2013-10-16,0.5023383722272288,0.3414980518844638,201.2085916349956,88.96339014725424,19.695901255360518,17.346769994297677,0.42882557876508404,3.7732537075636343,23.88672673791069,17.06552218072497,144.46529318721753,93.40193606510711,19.875272233013185,17.23992226374473,0.42296191708923925,3.7572765340463627,24.107654388045898,16.95819539791121,201.41558394638292,94.89174935723497,19.411696529328715,16.68787205149099,0.42407244464316546,3.7474485700227342,23.53082898138437,16.509587310327948,345.67388482221315,3.642623258468981,3.738632192201458,monthly,112.24520148774135,0.0005802152887409706
Narino,2013-10-16,2013-11-01,0.5356959291140533,0.3485691233637937,250.31574474289033,83.91636511255581,19.672568815279032,17.651712996270465,0.4361821031895823,3.7874000018336975,23.60672551957453,16.812465123407357,201.2085916349956,88.96339014725424,19.695901255360518,17.346769994297677,0.42882557876508404,3.7732537075636343,23.88672673791069,17.06552218072497,144.46529318721753,93.40193606510711,19.875272233013185,17.23992226374473,0.42296191708923925,3.7572765340463627,24.107654388045898,16.95819539791121,451.5243363778859,3.9892944503161742,3.642623258468981,monthly,166.39937963033452,0.0027448450797978863
Narino,2013-11-01,2013-11-17,0.3889517180989976,0.2857873274385069,168.38053892592802,78.61597979735757,19.517002948336938,17.609754920268706,0.43554420957474094,3.7998102803275504,23.645016137230257,16.799891740491468,250.31574474289033,83.91636511255581,19.672568815279032,17.651712996270465,0.4361821031895823,3.7874000018336975,23.60672551957453,16.812465123407357,201.2085916349956,88.96339014725424,19.695901255360518,17.346769994297677,0.42882557876508404,3.7732537075636343,23.88672673791069,17.06552218072497,418.69628366881835,3.945975840180497,3.9892944503161742,monthly,89.76455912857045,0.002159633897773683
Narino,2013-11-17,2013-12-03,0.5666336064451201,0.3670891862735991,234.81431426314157,70.29038934111662,19.456905961675453,17.874669105698402,0.43972545902229176,3.8036513663600093,23.101494702446264,17.370132546392167,168.38053892592802,78.61597979735757,19.517002948336938,17.609754920268706,0.43554420957474094,3.7998102803275504,23.645016137230257,16.799891740491468,250.31574474289033,83.91636511255581,19.672568815279032,17.651712996270465,0.4361821031895823,3.7874000018336975,23.60672551957453,16.812465123407357,403.1948531890696,3.945975840180497,3.9892944503161742,monthly,164.52392492202495,0.005444053218954026
Narino,2013-12-03,2013-12-19,0.4065719001658698,0.278119996142386,203.6008313733493,77.76819712527553,19.533629676670238,17.614648288276424,0.43484567327924034,3.802785909511879,23.524607200044706,17.094250069206584,234.81431426314157,70.29038934111662,19.456905961675453,17.874669105698402,0.43972545902229176,3.8036513663600093,23.101494702446264,17.370132546392167,168.38053892592802,78.61597979735757,19.517002948336938,17.609754920268706,0.43554420957474094,3.7998102803275504,23.645016137230257,16.799891740491468,438.4151456364909,3.741927729202181,3.945975840180497,monthly,125.83263424807377,-0.0008223163062021088
Narino,2013-12-19,2014-01-01,0.5213176367513568,0.3623520545396909,142.54056779027738,63.92164464544563,19.766290872395736,17.882407585746122,0.4324546993658827,3.8362023824866074,23.77928157634436,17.190027505436753,203.6008313733493,77.76819712527553,19.533629676670238,17.614648288276424,0.43484567327924034,3.802785909511879,23.524607200044706,17.094250069206584,234.81431426314157,70.29038934111662,19.456905961675453,17.874669105698402,0.43972545902229176,3.8036513663600093,23.101494702446264,17.370132546392167,346.1413991636267,3.741927729202181,3.945975840180497,monthly,78.61892314483174,-0.0038940395056268895
Narino,2014-01-01,2014-01-17,0.4585010197379323,0.3226208245493294,285.90260509810173,72.69722041298147,19.697256548953703,17.94705771314701,0.43717591874679745,3.887553805785023,23.80947454754872,17.439179289508033,142.54056779027738,63.92164464544563,19.766290872395736,17.882407585746122,0.4324546993658827,3.8362023824866074,23.77928157634436,17.190027505436753,203.6008313733493,77.76819712527553,19.533629676670238,17.614648288276424,0.43484567327924034,3.802785909511879,23.524607200044706,17.094250069206584,428.4431728883791,3.531631773234815,3.741927729202181,monthly,213.20538468512026,0.0023562399788480404
Narino,2014-01-17,2014-02-02,0.556187305290858,0.3610958957937551,320.1314993301623,71.79755213358726,19.744961623411527,18.063460511537976,0.4389209690134653,3.9147544405558836,24.17029439364221,17.161122472528735,285.90260509810173,72.69722041298147,19.697256548953703,17.94705771314701,0.43717591874679745,3.887553805785023,23.80947454754872,17.439179289508033,142.54056779027738,63.92164464544563,19.766290872395736,17.882407585746122,0.4324546993658827,3.8362023824866074,23.77928157634436,17.190027505436753,606.0341044282641,3.531631773234815,3.741927729202181,monthly,248.33394719657502,0.00388014533711456
Narino,2014-02-02,2014-02-18,0.418579033050556,0.3079528466470443,337.7393506164494,73.14072919348575,19.69508441795191,17.99425925845201,0.4398282777539072,3.921190197739384,23.733784880287462,17.355668812254063,320.1314993301623,71.79755213358726,19.744961623411527,18.063460511537976,0.4389209690134653,3.9147544405558836,24.17029439364221,17.161122472528735,285.90260509810173,72.69722041298147,19.697256548953703,17.94705771314701,0.43717591874679745,3.887553805785023,23.80947454754872,17.439179289508033,657.8708499466118,3.255849365333757,3.531631773234815,monthly,264.5986214229637,0.005276422874241571
Narino,2014-02-18,2014-03-06,0.4878132275004871,0.3398835874600344,249.8897365987309,73.7898413529887,19.75419431842969,18.071114161603752,0.43964291630075597,3.9321609300360354,23.711766544966306,17.40564272659618,337.7393506164494,73.14072919348575,19.69508441795191,17.99425925845201,0.4398282777539072,3.921190197739384,23.733784880287462,17.355668812254063,320.1314993301623,71.79755213358726,19.744961623411527,18.063460511537976,0.4389209690134653,3.9147544405558836,24.17029439364221,17.161122472528735,587.6290872151803,3.255849365333757,3.531631773234815,monthly,176.0998952457422,0.005153113803505249
Narino,2014-03-06,2014-03-22,0.4755023017774961,0.3367764705445583,204.48640064143154,76.00161177214727,19.862895435782278,18.09202436564319,0.4388998083192124,3.945706715149024,24.136151048586143,17.308006328782795,249.8897365987309,73.7898413529887,19.75419431842969,18.071114161603752,0.43964291630075597,3.9321609300360354,23.711766544966306,17.40564272659618,337.7393506164494,73.14072919348575,19.69508441795191,17.99425925845201,0.4398282777539072,3.921190197739384,23.733784880287462,17.355668812254063,454.37613724016245,3.810149724538444,3.255849365333757,monthly,128.48478886928427,0.0043593003850089795
Narino,2014-03-22,2014-04-07,0.6591507723355504,0.4111130576267378,223.35846300067297,85.54928538718623,20.231744140981775,18.111531578331817,0.43541902264306476,3.959259961466831,24.72348083717633,16.661845642554958,204.48640064143154,76.00161177214727,19.862895435782278,18.09202436564319,0.4388998083192124,3.945706715149024,24.136151048586143,17.308006328782795,249.8897365987309,73.7898413529887,19.75419431842969,18.071114161603752,0.43964291630075597,3.9321609300360354,23.711766544966306,17.40564272659618,427.84486364210454,3.810149724538444,3.255849365333757,monthly,137.80917761348672,0.0007544260170871953
Narino,2014-04-07,2014-04-23,0.5365240270763894,0.3646767922074009,298.54051891722526,77.29733099477349,20.149285010029736,18.21134563522313,0.4372118593052029,3.9648375521936647,24.031403099368312,17.282152490584032,223.35846300067297,85.54928538718623,20.231744140981775,18.111531578331817,0.43541902264306476,3.959259961466831,24.72348083717633,16.661845642554958,204.48640064143154,76.00161177214727,19.862895435782278,18.09202436564319,0.4388998083192124,3.945706715149024,24.136151048586143,17.308006328782795,521.8989819178983,3.867358772086435,3.810149724538444,monthly,221.24318792245177,0.00024459966428935775
Narino,2014-04-23,2014-05-09,0.7115224508337739,0.4180639884219818,246.72467158917613,73.78592385738075,20.157348879869687,18.331178365939092,0.43942296542906556,3.915169232210471,24.74420727009849,17.073856701512604,298.54051891722526,77.29733099477349,20.149285010029736,18.21134563522313,0.4372118593052029,3.9648375521936647,24.031403099368312,17.282152490584032,223.35846300067297,85.54928538718623,20.231744140981775,18.111531578331817,0.43541902264306476,3.959259961466831,24.72348083717633,16.661845642554958,545.2651905064014,3.867358772086435,3.810149724538444,monthly,172.9387477317954,0.0008674377701042846
Narino,2014-05-09,2014-05-25,0.7238776210144923,0.4699306958610764,248.7759928037038,74.01315817216565,20.126380764680427,18.29649049794189,0.437639584090244,3.864877170695522,24.917707975885897,17.542832106674435,246.72467158917613,73.78592385738075,20.157348879869687,18.331178365939092,0.43942296542906556,3.915169232210471,24.74420727009849,17.073856701512604,298.54051891722526,77.29733099477349,20.149285010029736,18.21134563522313,0.4372118593052029,3.9648375521936647,24.031403099368312,17.282152490584032,495.5006643928799,4.074844919893606,3.867358772086435,monthly,174.76283463153814,-0.0001366969974809229
Narino,2014-05-25,2014-06-10,0.4813191338296786,0.3333357323255295,346.50791649942414,66.49247547775165,19.971044731909103,18.24006129251623,0.4414814125122976,3.8565337586716715,23.832215823406383,17.293184133251913,248.7759928037038,74.01315817216565,20.126380764680427,18.29649049794189,0.437639584090244,3.864877170695522,24.917707975885897,17.542832106674435,246.72467158917613,73.78592385738075,20.157348879869687,18.331178365939092,0.43942296542906556,3.915169232210471,24.74420727009849,17.073856701512604,595.283909303128,4.074844919893606,3.867358772086435,monthly,280.0154410216725,0.004765750397172808
Narino,2014-06-10,2014-06-26,0.5658641679483735,0.3717906486848955,200.45552590916844,82.7100639557749,20.25233348504444,17.83339958557235,0.43171952704259875,3.849991179355575,24.079421541656675,17.548763695634285,346.50791649942414,66.49247547775165,19.971044731909103,18.24006129251623,0.4414814125122976,3.8565337586716715,23.832215823406383,17.293184133251913,248.7759928037038,74.01315817216565,20.126380764680427,18.29649049794189,0.437639584090244,3.864877170695522,24.917707975885897,17.542832106674435,546.9634424085925,3.903667190397902,4.074844919893606,monthly,117.74546195339354,-0.002843788118072954
Narino,2014-06-26,2014-07-12,0.6499886296222737,0.4173426376601915,278.89991379669414,81.80175473308105,20.0888437124652,17.681762067952885,0.43266440726276223,3.8335678067087073,24.100416083032155,17.45647524914684,200.45552590916844,82.7100639557749,20.25233348504444,17.83339958557235,0.43171952704259875,3.849991179355575,24.079421541656675,17.548763695634285,346.50791649942414,66.49247547775165,19.971044731909103,18.24006129251623,0.4414814125122976,3.8565337586716715,23.832215823406383,17.293184133251913,479.3554397058626,3.903667190397902,4.074844919893606,monthly,197.09815906361308,0.0016994774622882125
Narino,2014-07-12,2014-07-28,0.4871826011765105,0.3310841802223117,205.8982021474867,89.41853568234777,20.093725182201037,17.275910468726032,0.4240086031436015,3.808871511415154,24.00149624871374,17.23835225673032,278.89991379669414,81.80175473308105,20.0888437124652,17.681762067952885,0.43266440726276223,3.8335678067087073,24.100416083032155,17.45647524914684,200.45552590916844,82.7100639557749,20.25233348504444,17.83339958557235,0.43171952704259875,3.849991179355575,24.079421541656675,17.548763695634285,484.79811594418084,4.03467952964467,3.903667190397902,monthly,116.47966646513893,-0.0035954635678115965
Narino,2014-07-28,2014-08-13,0.5101477586425338,0.3420021543974799,272.101689109927,87.61242795695546,19.626900730900584,16.882727265074614,0.42040122054423035,3.767584408106331,23.370696302252423,17.006098445382086,205.8982021474867,89.41853568234777,20.093725182201037,17.275910468726032,0.4240086031436015,3.808871511415154,24.00149624871374,17.23835225673032,278.89991379669414,81.80175473308105,20.0888437124652,17.681762067952885,0.43266440726276223,3.8335678067087073,24.100416083032155,17.45647524914684,477.9998912574137,4.03467952964467,3.903667190397902,monthly,184.48926115297155,-0.0015868102072525425
Narino,2014-08-13,2014-08-29,0.5400345651773978,0.4035070661097198,254.4352993357987,92.35958740060158,19.684689296839018,16.887856949639716,0.4205358986095733,3.7424652345149143,24.332547438866605,16.94595391058466,272.101689109927,87.61242795695546,19.626900730900584,16.882727265074614,0.42040122054423035,3.767584408106331,23.370696302252423,17.006098445382086,205.8982021474867,89.41853568234777,20.093725182201037,17.275910468726032,0.4240086031436015,3.808871511415154,24.00149624871374,17.23835225673032,526.5369884457257,3.546954273751596,4.03467952964467,monthly,162.07571193519712,0.0003963436066000692
Narino,2014-08-29,2014-09-14,0.5030881108835332,0.3425285306913255,154.68028421465414,103.67198756184511,19.81350239909048,16.755039974363378,0.41340164402439333,3.7474485700227342,24.15323278641858,16.584066065139613,254.4352993357987,92.35958740060158,19.684689296839018,16.887856949639716,0.4205358986095733,3.7424652345149143,24.332547438866605,16.94595391058466,272.101689109927,87.61242795695546,19.626900730900584,16.882727265074614,0.42040122054423035,3.767584408106331,23.370696302252423,17.006098445382086,409.1155835504528,3.546954273751596,4.03467952964467,monthly,51.00829665280902,-0.004721883164725327
Narino,2014-09-14,2014-09-30,0.5929953571906821,0.3928356747634025,253.5584730130676,90.85302608667826,19.728832382079034,17.306789229124142,0.42537311272927014,3.7572765340463627,23.965416812862497,16.57892069707837,154.68028421465414,103.67198756184511,19.81350239909048,16.755039974363378,0.41340164402439333,3.7474485700227342,24.15323278641858,16.584066065139613,254.4352993357987,92.35958740060158,19.684689296839018,16.887856949639716,0.4205358986095733,3.7424652345149143,24.332547438866605,16.94595391058466,408.23875722772175,3.3524154951099896,3.546954273751596,monthly,162.70544692638936,0.005600194551982796
Narino,2014-09-30,2014-10-16,0.4589082241579744,0.319694940787495,197.10251597333686,95.23716235928957,19.91550965402684,17.322277521835254,0.42323252253262744,3.7732537075636343,24.07521180727141,17.23570411838324,253.5584730130676,90.85302608667826,19.728832382079034,17.306789229124142,0.42537311272927014,3.7572765340463627,23.965416812862497,16.57892069707837,154.68028421465414,103.67198756184511,19.81350239909048,16.755039974363378,0.41340164402439333,3.7474485700227342,24.15323278641858,16.584066065139613,450.6609889864045,3.3524154951099896,3.546954273751596,monthly,101.8653536140473,-0.005012840943715624
Narino,2014-10-16,2014-11-01,0.5920186420986925,0.3744088728073963,338.8064133413627,76.76382951032157,19.73696935992406,17.89753150910568,0.4366841960314553,3.7874000018336975,23.968133753928345,17.19600063392877,197.10251597333686,95.23716235928957,19.91550965402684,17.322277521835254,0.42323252253262744,3.7732537075636343,24.07521180727141,17.23570411838324,253.5584730130676,90.85302608667826,19.728832382079034,17.306789229124142,0.42537311272927014,3.7572765340463627,23.965416812862497,16.57892069707837,535.9089293146995,4.049305356722456,3.3524154951099896,monthly,262.04258383104116,0.0032469379216709116
Narino,2014-11-01,2014-11-17,0.4811748627464917,0.3294624420233913,250.1618839292389,73.21127832738608,19.73195226203039,18.024611818755464,0.43700408280574676,3.7998102803275504,23.973593049673447,17.164394015471036,338.8064133413627,76.76382951032157,19.73696935992406,17.89753150910568,0.4366841960314553,3.7874000018336975,23.968133753928345,17.19600063392877,197.10251597333686,95.23716235928957,19.91550965402684,17.322277521835254,0.42323252253262744,3.7732537075636343,24.07521180727141,17.23570411838324,588.9682972706016,3.814619882757611,4.049305356722456,monthly,176.95060560185283,0.003619507128779509
Narino,2014-11-17,2014-12-03,0.544925231761594,0.3871205107053277,170.02794792739274,75.03144882144582,19.778382365392634,17.95519211813316,0.4367304711663314,3.8036513663600093,23.63445237114356,16.748161442668415,250.1618839292389,73.21127832738608,19.73195226203039,18.024611818755464,0.43700408280574676,3.7998102803275504,23.973593049673447,17.164394015471036,338.8064133413627,76.76382951032157,19.73696935992406,17.89753150910568,0.4366841960314553,3.7874000018336975,23.968133753928345,17.19600063392877,420.18983185663166,3.814619882757611,4.049305356722456,monthly,94.99649910594692,0.002449065362993663
Narino,2014-12-03,2014-12-19,0.5510173303671868,0.3647986975849229,380.63593543335423,70.89603130135644,19.606278677597096,17.922900603205193,0.4383725505498714,3.802785909511879,24.02033616649519,16.894809802283024,170.02794792739274,75.03144882144582,19.778382365392634,17.95519211813316,0.4367304711663314,3.8036513663600093,23.63445237114356,16.748161442668415,250.1618839292389,73.21127832738608,19.73195226203039,18.024611818755464,0.43700408280574676,3.7998102803275504,23.973593049673447,17.164394015471036,550.6638833607469,3.882661455159614,3.814619882757611,monthly,309.7399041319978,0.002704560964428948
Narino,2014-12-19,2015-01-01,0.5671998488654102,0.3438724067789994,180.98907982720362,71.43050917146287,19.99528287410831,17.835018663454953,0.43245637376046564,3.8362023824866074,23.910738098335106,17.50238652896628,380.63593543335423,70.89603130135644,19.606278677597096,17.922900603205193,0.4383725505498714,3.802785909511879,24.02033616649519,16.894809802283024,170.02794792739274,75.03144882144582,19.778382365392634,17.95519211813316,0.4367304711663314,3.8036513663600093,23.63445237114356,16.748161442668415,561.6250152605578,3.882661455159614,3.814619882757611,monthly,109.55857065574075,-0.0038923651110439605
Narino,2015-01-01,2015-01-17,0.5389243645287636,0.3597472152015615,221.99129545125345,87.18990203952434,20.086638570933907,17.766192953644477,0.4216826054057131,3.887553805785023,23.835910377693665,17.35412964380798,180.98907982720362,71.43050917146287,19.99528287410831,17.835018663454953,0.43245637376046564,3.8362023824866074,23.910738098335106,17.50238652896628,380.63593543335423,70.89603130135644,19.606278677597096,17.922900603205193,0.4383725505498714,3.802785909511879,24.02033616649519,16.894809802283024,402.9803752784571,3.937698124881494,3.882661455159614,monthly,134.80139341172912,-0.013137073362236296
Narino,2015-01-17,2015-02-02,0.5821623935381717,0.405780960756575,276.324438811713,74.49837194655728,19.610071319743927,17.854853622546806,0.44010130906502254,3.9147544405558836,23.80838971730883,16.95955786346151,221.99129545125345,87.18990203952434,20.086638570933907,17.766192953644477,0.4216826054057131,3.887553805785023,23.835910377693665,17.35412964380798,180.98907982720362,71.43050917146287,19.99528287410831,17.835018663454953,0.43245637376046564,3.8362023824866074,23.910738098335106,17.50238652896628,498.31573426296643,3.937698124881494,3.882661455159614,monthly,201.8260668651557,0.00506048538867182
Narino,2015-02-02,2015-02-18,0.4284406544740838,0.299758648888291,230.52242622415432,78.63932341346838,20.05370528333112,18.158998617168507,0.4383287288141763,3.921190197739384,24.3361359357222,17.31841195863866,276.324438811713,74.49837194655728,19.610071319743927,17.854853622546806,0.44010130906502254,3.9147544405558836,23.80838971730883,16.95955786346151,221.99129545125345,87.18990203952434,20.086638570933907,17.766192953644477,0.4216826054057131,3.887553805785023,23.835910377693665,17.35412964380798,506.84686503586727,3.61487761276889,3.937698124881494,monthly,151.88310281068595,0.0037768739345106495
Narino,2015-02-18,2015-03-06,0.6197017141125748,0.431505016124299,204.79610493770195,86.03614910609309,20.10359189407173,18.08240414814519,0.4343684731095647,3.9321609300360354,24.47412072197685,17.449709719465865,230.52242622415432,78.63932341346838,20.05370528333112,18.158998617168507,0.4383287288141763,3.921190197739384,24.3361359357222,17.31841195863866,276.324438811713,74.49837194655728,19.610071319743927,17.854853622546806,0.44010130906502254,3.9147544405558836,23.80838971730883,16.95955786346151,435.3185311618563,3.61487761276889,3.937698124881494,monthly,118.75995583160886,-0.00012132938768599777
Narino,2015-03-06,2015-03-22,0.5037656671672942,0.3564969007706525,241.72568991184514,77.98241992115335,20.23440394685207,18.44098041885382,0.44097421135734743,3.945706715149024,24.30447170909116,17.19430791392496,204.79610493770195,86.03614910609309,20.10359189407173,18.08240414814519,0.4343684731095647,3.9321609300360354,24.47412072197685,17.449709719465865,230.52242622415432,78.63932341346838,20.05370528333112,18.158998617168507,0.4383287288141763,3.921190197739384,24.3361359357222,17.31841195863866,446.52179484954706,3.854274538683736,3.61487761276889,monthly,163.74326999069177,0.006433703423144033
Narino,2015-03-22,2015-04-07,0.5631453804618823,0.3990905744540619,203.29934886757195,84.22551969832108,20.10473291842702,18.109598039622213,0.4380468827071081,3.959259961466831,24.48546250024837,16.73906614304474,241.72568991184514,77.98241992115335,20.23440394685207,18.44098041885382,0.44097421135734743,3.945706715149024,24.30447170909116,17.19430791392496,204.79610493770195,86.03614910609309,20.10359189407173,18.08240414814519,0.4343684731095647,3.9321609300360354,24.47412072197685,17.449709719465865,445.02503877941706,3.854274538683736,3.61487761276889,monthly,119.07382916925087,0.003382286081130559
Narino,2015-04-07,2015-04-23,0.5951328336571036,0.41138491707527,297.8430633682319,83.10638936769809,20.433128466791374,18.36279435364422,0.43732959262442406,3.9648375521936647,24.86078678910768,17.832939393996394,203.29934886757195,84.22551969832108,20.10473291842702,18.109598039622213,0.4380468827071081,3.959259961466831,24.48546250024837,16.73906614304474,241.72568991184514,77.98241992115335,20.23440394685207,18.44098041885382,0.44097421135734743,3.945706715149024,24.30447170909116,17.19430791392496,501.1424122358039,4.063226366204999,3.854274538683736,monthly,214.73667400053384,0.000362332983510516
Narino,2015-04-23,2015-05-09,0.6807224903451587,0.458177506248147,253.342014441978,82.03864427983038,20.547865884716483,18.36680515676162,0.43599803564908163,3.915169232210471,24.35522964407569,17.874126427697618,297.8430633682319,83.10638936769809,20.433128466791374,18.36279435364422,0.43732959262442406,3.9648375521936647,24.86078678910768,17.832939393996394,203.29934886757195,84.22551969832108,20.10473291842702,18.109598039622213,0.4380468827071081,3.959259961466831,24.48546250024837,16.73906614304474,551.1850778102099,4.063226366204999,3.854274538683736,monthly,171.30337016214762,-0.002557492009879647
Narino,2015-05-09,2015-05-25,0.5732130038530056,0.3943196107070795,278.34378323186274,80.2414841191389,20.597442800227284,18.403937326645387,0.4349229579108993,3.864877170695522,25.06140868957808,17.739472343226137,253.342014441978,82.03864427983038,20.547865884716483,18.36680515676162,0.43599803564908163,3.915169232210471,24.35522964407569,17.874126427697618,297.8430633682319,83.10638936769809,20.433128466791374,18.36279435364422,0.43732959262442406,3.9648375521936647,24.86078678910768,17.832939393996394,531.6857976738407,3.858926262375429,4.063226366204999,monthly,198.10229911272384,-0.0028533231768256284
Narino,2015-05-25,2015-06-10,0.5102169631689817,0.3346997591703821,283.5992957595713,80.01940994063821,20.166575126664913,18.02189119458887,0.4364387004363278,3.8565337586716715,24.683779018892952,17.271570096571896,278.34378323186274,80.2414841191389,20.597442800227284,18.403937326645387,0.4349229579108993,3.864877170695522,25.06140868957808,17.739472343226137,253.342014441978,82.03864427983038,20.547865884716483,18.36680515676162,0.43599803564908163,3.915169232210471,24.35522964407569,17.874126427697618,561.943078991434,3.858926262375429,4.063226366204999,monthly,203.5798858189331,-0.0002769616787969831
Narino,2015-06-10,2015-06-26,0.621277477625579,0.3835193021723841,229.96403991743034,85.87204538545129,20.561670026300668,18.007904519449024,0.43146856947063605,3.849991179355575,24.82031326258872,17.72222516380399,283.5992957595713,80.01940994063821,20.166575126664913,18.02189119458887,0.4364387004363278,3.8565337586716715,24.683779018892952,17.271570096571896,278.34378323186274,80.2414841191389,20.597442800227284,18.403937326645387,0.4349229579108993,3.864877170695522,25.06140868957808,17.739472343226137,513.5633356770016,3.993304897121764,3.858926262375429,monthly,144.09199453197905,-0.0030947456900356496
Narino,2015-06-26,2015-07-12,0.5334580299611636,0.359687738047474,221.51181695620755,82.163736809271,20.45064326985255,17.930699428623573,0.42397942523184523,3.8335678067087073,24.798199115128547,17.73219207497777,229.96403991743034,85.87204538545129,20.561670026300668,18.007904519449024,0.43146856947063605,3.849991179355575,24.82031326258872,17.72222516380399,283.5992957595713,80.01940994063821,20.166575126664913,18.02189119458887,0.4364387004363278,3.8565337586716715,24.683779018892952,17.271570096571896,451.4758568736379,3.993304897121764,3.858926262375429,monthly,139.34808014693655,-0.0069855045686287864
Narino,2015-07-12,2015-07-28,0.65141583383206,0.4229863745538277,274.59506192973976,85.93428946422418,19.96629304546939,17.388603127430237,0.4294413495205731,3.808871511415154,24.97014201657865,16.816022559685656,221.51181695620755,82.163736809271,20.45064326985255,17.930699428623573,0.42397942523184523,3.8335678067087073,24.798199115128547,17.73219207497777,229.96403991743034,85.87204538545129,20.561670026300668,18.007904519449024,0.43146856947063605,3.849991179355575,24.82031326258872,17.72222516380399,496.1068788859473,3.911014307197843,3.993304897121764,monthly,188.66077246551558,0.0018372828091600124
Narino,2015-07-28,2015-08-13,0.5232713942330529,0.3546594399906562,286.8344532895617,82.75504801081331,20.186622512257273,17.608753876480893,0.4274505533123057,3.767584408106331,25.077049487193783,17.20882750320058,274.59506192973976,85.93428946422418,19.96629304546939,17.388603127430237,0.4294413495205731,3.808871511415154,24.97014201657865,16.816022559685656,221.51181695620755,82.163736809271,20.45064326985255,17.930699428623573,0.42397942523184523,3.8335678067087073,24.798199115128547,17.73219207497777,561.4295152193015,3.911014307197843,3.993304897121764,monthly,204.07940527874837,0.005462522560822802
Narino,2015-08-13,2015-08-29,0.5376169194911283,0.3604233278573789,196.53905011835107,97.66554215486377,20.268986172809072,17.30788757488288,0.41626735208800664,3.7424652345149143,24.82625137379756,17.32464366701995,286.8344532895617,82.75504801081331,20.186622512257273,17.608753876480893,0.4274505533123057,3.767584408106331,25.077049487193783,17.20882750320058,274.59506192973976,85.93428946422418,19.96629304546939,17.388603127430237,0.4294413495205731,3.808871511415154,24.97014201657865,16.816022559685656,483.3735034079127,3.787764949403548,3.911014307197843,monthly,98.8735079634873,-0.0038722029149665937
Narino,2015-08-29,2015-09-14,0.5138796569190861,0.3492387401805105,205.0877702207752,105.70535825406243,20.372680165382384,17.20114443676789,0.41004375781625485,3.7474485700227342,24.60138908920048,17.302268939127213,196.53905011835107,97.66554215486377,20.268986172809072,17.30788757488288,0.41626735208800664,3.7424652345149143,24.82625137379756,17.32464366701995,286.8344532895617,82.75504801081331,20.186622512257273,17.608753876480893,0.4274505533123057,3.767584408106331,25.077049487193783,17.20882750320058,401.6268203391263,3.787764949403548,3.911014307197843,monthly,99.38241196671278,-0.00807976937286381
Narino,2015-09-14,2015-09-30,0.5313042019557586,0.3703712772180385,212.52463635456493,109.35697463560157,20.698403022336535,17.395200751341292,0.398678258206433,3.7572765340463627,24.970964557351547,17.092097720595206,205.0877702207752,105.70535825406243,20.372680165382384,17.20114443676789,0.41004375781625485,3.7474485700227342,24.60138908920048,17.302268939127213,196.53905011835107,97.66554215486377,20.268986172809072,17.30788757488288,0.41626735208800664,3.7424652345149143,24.82625137379756,17.32464366701995,417.6124065753402,3.535204395332101,3.787764949403548,monthly,103.16766171896336,-0.021094659970854357
Narino,2015-09-30,2015-10-16,0.59335892723462,0.3504581861470871,284.9787030056585,85.37856974203595,20.384256345187325,18.1618344877711,0.42164174725012776,3.7732537075636343,25.17944484153722,17.50689680685477,212.52463635456493,109.35697463560157,20.698403022336535,17.395200751341292,0.398678258206433,3.7572765340463627,24.970964557351547,17.092097720595206,205.0877702207752,105.70535825406243,20.372680165382384,17.20114443676789,0.41004375781625485,3.7474485700227342,24.60138908920048,17.302268939127213,497.50333936022344,3.535204395332101,3.787764949403548,monthly,199.60013326362252,-0.006603616226215303
Narino,2015-10-16,2015-11-01,0.5607947007611487,0.3558045124755262,388.24788570149013,83.40544864216207,20.259028788934938,18.01979901230551,0.42993384646088384,3.7874000018336975,24.44430503828635,17.701099688692786,284.9787030056585,85.37856974203595,20.384256345187325,18.1618344877711,0.42164174725012776,3.7732537075636343,25.17944484153722,17.50689680685477,212.52463635456493,109.35697463560157,20.698403022336535,17.395200751341292,0.398678258206433,3.7572765340463627,24.970964557351547,17.092097720595206,673.2265887071486,4.061372241616101,3.535204395332101,monthly,304.84243705932806,-0.0035034116489005562
Narino,2015-11-01,2015-11-17,0.6027951107322952,0.4109142741486282,271.17401778489807,75.63116624461469,20.133930985722827,18.2758227178389,0.43724827371311326,3.7998102803275504,24.25713233061577,17.589714375239094,388.24788570149013,83.40544864216207,20.259028788934938,18.01979901230551,0.42993384646088384,3.7874000018336975,24.44430503828635,17.701099688692786,284.9787030056585,85.37856974203595,20.384256345187325,18.1618344877711,0.42164174725012776,3.7732537075636343,25.17944484153722,17.50689680685477,659.4219034863881,4.143590366173451,4.061372241616101,monthly,195.54285154028338,0.0038636980361460016
Narino,2015-11-17,2015-12-03,0.6161446451593022,0.4053430215787235,322.7308988516894,74.51466688418594,20.4851728031037,18.677459406317674,0.4385919563222817,3.8036513663600093,24.756700512745844,17.798009560999166,271.17401778489807,75.63116624461469,20.133930985722827,18.2758227178389,0.43724827371311326,3.7998102803275504,24.25713233061577,17.589714375239094,388.24788570149013,83.40544864216207,20.259028788934938,18.01979901230551,0.42993384646088384,3.7874000018336975,24.44430503828635,17.701099688692786,593.9049166365875,4.143590366173451,4.061372241616101,monthly,248.21623196750346,0.0043105505189439675
Narino,2015-12-03,2015-12-19,0.5995009495937874,0.3836993757246947,350.78671778064984,81.14415014940175,20.469436764029723,18.181984068668314,0.4303286353958937,3.802785909511879,25.11069575983741,17.855594468212573,322.7308988516894,74.51466688418594,20.4851728031037,18.677459406317674,0.4385919563222817,3.8036513663600093,24.756700512745844,17.798009560999166,271.17401778489807,75.63116624461469,20.133930985722827,18.2758227178389,0.43724827371311326,3.7998102803275504,24.25713233061577,17.589714375239094,673.5176166323392,4.432104008636618,4.143590366173451,monthly,269.6425676312481,-0.005339354189548728
Narino,2015-12-19,2016-01-01,0.5735422630367546,0.3864342391961015,166.66904535278385,78.91969125118568,21.199491520045918,18.55231610154905,0.4230336778585671,3.8362023824866074,25.24721744456716,18.065779072252848,350.78671778064984,81.14415014940175,20.469436764029723,18.181984068668314,0.4303286353958937,3.802785909511879,25.11069575983741,17.855594468212573,322.7308988516894,74.51466688418594,20.4851728031037,18.677459406317674,0.4385919563222817,3.8036513663600093,24.756700512745844,17.798009560999166,517.4557631334337,4.432104008636618,4.143590366173451,monthly,87.74935410159817,-0.013315061012942497
Narino,2016-01-01,2016-01-17,0.6721229911512977,0.4499795289401818,242.9104570948095,76.41514265769746,20.696305913429317,18.82258413740705,0.4338668629551973,3.887553805785023,25.41409152149509,17.76060628650724,166.66904535278385,78.91969125118568,21.199491520045918,18.55231610154905,0.4230336778585671,3.8362023824866074,25.24721744456716,18.065779072252848,350.78671778064984,81.14415014940175,20.469436764029723,18.181984068668314,0.4303286353958937,3.802785909511879,25.11069575983741,17.855594468212573,409.5795024475933,3.728656154703528,4.432104008636618,monthly,166.49531443711203,-0.0009528158127521391
Narino,2016-01-17,2016-02-02,0.5798077515826549,0.406017442893573,246.1502288599674,92.55104502558024,20.848032931634837,18.609417812870205,0.42852321556323836,3.9147544405558836,24.908425414753964,17.690005167174974,242.9104570948095,76.41514265769746,20.696305913429317,18.82258413740705,0.4338668629551973,3.887553805785023,25.41409152149509,17.76060628650724,166.66904535278385,78.91969125118568,21.199491520045918,18.55231610154905,0.4230336778585671,3.8362023824866074,25.24721744456716,18.065779072252848,489.0606859547769,3.728656154703528,4.432104008636618,monthly,153.59918383438716,-0.006517608113112361
Narino,2016-02-02,2016-02-18,0.5736450559290129,0.3686616035757643,242.0422269981114,82.89410564938949,20.944121966392416,18.857391554861994,0.43261340803274195,3.921184583867375,25.46959920800716,18.142145975564947,246.1502288599674,92.55104502558024,20.848032931634837,18.609417812870205,0.42852321556323836,3.9147544405558836,24.908425414753964,17.690005167174974,242.9104570948095,76.41514265769746,20.696305913429317,18.82258413740705,0.4338668629551973,3.887553805785023,25.41409152149509,17.76060628650724,488.1924558580788,3.4464330749161047,3.728656154703528,monthly,159.14812134872193,-0.0019384468469236804
Narino,2016-02-18,2016-03-05,0.1250447427820833,0.0978370439247133,180.8078548370546,83.01443070647048,21.07639623322042,19.07119773642291,0.43390141590006714,3.931856259851253,25.67069717234081,18.4708990530256,242.0422269981114,82.89410564938949,20.944121966392416,18.857391554861994,0.43261340803274195,3.921184583867375,25.46959920800716,18.142145975564947,246.1502288599674,92.55104502558024,20.848032931634837,18.609417812870205,0.42852321556323836,3.9147544405558836,24.908425414753964,17.690005167174974,422.850081835166,3.4464330749161047,3.728656154703528,monthly,97.79342413058413,-0.0005883865971835767
Narino,2016-03-05,2016-03-21,0.4975024854369093,0.3673691749042655,184.64696710611392,84.63626658380979,20.934315952215403,18.89355212585694,0.43063306790839145,3.9449619425082534,25.30340455828251,17.605735060430053,180.8078548370546,83.01443070647048,21.07639623322042,19.07119773642291,0.43390141590006714,3.931856259851253,25.67069717234081,18.4708990530256,242.0422269981114,82.89410564938949,20.944121966392416,18.857391554861994,0.43261340803274195,3.921184583867375,25.46959920800716,18.142145975564947,365.45482194316855,3.7587274151868977,3.4464330749161047,monthly,100.01070052230413,-0.003907440025811948
Narino,2016-03-21,2016-04-06,0.5260100093731418,0.3476227783627278,272.5720195680069,85.60514110535767,21.284515226443936,19.088566032976146,0.43163220591523355,3.9584127493105665,25.552280335282287,18.39272660062497,184.64696710611392,84.63626658380979,20.934315952215403,18.89355212585694,0.43063306790839145,3.9449619425082534,25.30340455828251,17.605735060430053,180.8078548370546,83.01443070647048,21.07639623322042,19.07119773642291,0.43390141590006714,3.931856259851253,25.67069717234081,18.4708990530256,457.21898667412086,3.7587274151868977,3.4464330749161047,monthly,186.96687846264922,-0.003032390710744015
Narino,2016-04-06,2016-04-22,0.492782475280696,0.3653835867090189,231.15502677757743,83.79108926834597,20.948675768601618,19.041128664664804,0.4366683802028719,3.9659936973730434,25.26601680336337,18.362233348218417,272.5720195680069,85.60514110535767,21.284515226443936,19.088566032976146,0.43163220591523355,3.9584127493105665,25.552280335282287,18.39272660062497,184.64696710611392,84.63626658380979,20.934315952215403,18.89355212585694,0.43063306790839145,3.9449619425082534,25.30340455828251,17.605735060430053,503.7270463455843,4.023918708910276,3.7587274151868977,monthly,147.36393750923145,-0.00029887943804163264
Narino,2016-04-22,2016-05-08,0.727244498063989,0.4297857862873155,309.5131531936229,77.81178336719486,20.625217932623432,18.733724311692992,0.43768583821869267,3.918927703918968,25.36245779711001,18.122839557192187,231.15502677757743,83.79108926834597,20.948675768601618,19.041128664664804,0.4366683802028719,3.9659936973730434,25.26601680336337,18.362233348218417,272.5720195680069,85.60514110535767,21.284515226443936,19.088566032976146,0.43163220591523355,3.9584127493105665,25.552280335282287,18.39272660062497,540.6681799712003,4.023918708910276,3.7587274151868977,monthly,231.70136982642802,-0.0008696894402686062
Narino,2016-05-08,2016-05-24,0.5459431282124856,0.3778727500463484,274.47617363021425,78.70957803342728,20.886396941193322,18.865617413098942,0.43798394869695956,3.866658758981104,24.83428091358571,18.24160541337517,309.5131531936229,77.81178336719486,20.625217932623432,18.733724311692992,0.43768583821869267,3.918927703918968,25.36245779711001,18.122839557192187,231.15502677757743,83.79108926834597,20.948675768601618,19.041128664664804,0.4366683802028719,3.9659936973730434,25.26601680336337,18.362233348218417,583.9893268238371,4.288057966325615,4.023918708910276,monthly,195.76659559678697,0.00020766760923462968
Narino,2016-05-24,2016-06-09,0.6184295835608995,0.3795958029849828,316.31776551867586,78.58750802143979,20.470032110004922,18.397064620472143,0.4371088255247884,3.8567618662959755,24.679457283861787,16.949908311696085,274.47617363021425,78.70957803342728,20.886396941193322,18.865617413098942,0.43798394869695956,3.866658758981104,24.83428091358571,18.24160541337517,309.5131531936229,77.81178336719486,20.625217932623432,18.733724311692992,0.43768583821869267,3.918927703918968,25.36245779711001,18.122839557192187,590.7939391488901,4.288057966325615,4.023918708910276,monthly,237.73025749723607,0.0003931634096636105
Narino,2016-06-09,2016-06-25,0.4794410273182847,0.3285238587230266,283.076587361095,75.46308776957001,19.75239072402796,17.592662497411872,0.4360688896883593,3.850747486449711,23.465580894962816,17.63475656277428,316.31776551867586,78.58750802143979,20.470032110004922,18.397064620472143,0.4371088255247884,3.8567618662959755,24.679457283861787,16.949908311696085,274.47617363021425,78.70957803342728,20.886396941193322,18.865617413098942,0.43798394869695956,3.866658758981104,24.83428091358571,18.24160541337517,599.3943528797708,3.910968049841766,4.288057966325615,monthly,207.613499591525,0.0015055745276875698
Narino,2016-06-25,2016-07-11,0.4786685663979924,0.316818338821502,195.85148165524498,78.90921567819038,19.984952705529302,17.641270652047588,0.43483232853868103,3.8346451643641264,23.70506846306656,17.226134788440532,283.076587361095,75.46308776957001,19.75239072402796,17.592662497411872,0.4360688896883593,3.850747486449711,23.465580894962816,17.63475656277428,316.31776551867586,78.58750802143979,20.470032110004922,18.397064620472143,0.4371088255247884,3.8567618662959755,24.679457283861787,16.949908311696085,478.92806901634,3.910968049841766,4.288057966325615,monthly,116.9422659770546,0.0038673987382070174
Narino,2016-07-11,2016-07-27,0.4537553449198748,0.3053987214288065,205.08155974918617,80.22100668868057,19.5144492522867,17.13737055216606,0.42952405767581187,3.8111001221720424,23.610817813839063,16.68949525566735,195.85148165524498,78.90921567819038,19.984952705529302,17.641270652047588,0.43483232853868103,3.8346451643641264,23.70506846306656,17.226134788440532,283.076587361095,75.46308776957001,19.75239072402796,17.592662497411872,0.4360688896883593,3.850747486449711,23.465580894962816,17.63475656277428,400.93304140443115,3.8295385000502007,3.910968049841766,monthly,124.8605530605056,0.0019199909643987656
Narino,2016-07-27,2016-08-12,0.4843480248513834,0.3305875881996203,149.0000890063597,90.64551347308763,20.043348540064024,17.297137533229304,0.4224628819259574,3.7702018732782783,24.05098006485435,17.229524041960023,205.08155974918617,80.22100668868057,19.5144492522867,17.13737055216606,0.42952405767581187,3.8111001221720424,23.610817813839063,16.68949525566735,195.85148165524498,78.90921567819038,19.984952705529302,17.641270652047588,0.43483232853868103,3.8346451643641264,23.70506846306656,17.226134788440532,354.08164875554587,3.8295385000502007,3.910968049841766,monthly,58.35457553327207,0.00047485117447448877
Narino,2016-08-12,2016-08-28,0.5938293233527205,0.3737591334198322,140.50888608474406,104.11139677560331,20.112033952031364,16.95435996265607,0.4097400274699283,3.7426811799240514,24.48623459501288,16.804481129358738,149.0000890063597,90.64551347308763,20.043348540064024,17.297137533229304,0.4224628819259574,3.7702018732782783,24.05098006485435,17.229524041960023,205.08155974918617,80.22100668868057,19.5144492522867,17.13737055216606,0.42952405767581187,3.8111001221720424,23.610817813839063,16.68949525566735,289.50897509110376,3.229790384284508,3.8295385000502007,monthly,36.39748930914075,-0.010399527533044906
Narino,2016-08-28,2016-09-13,0.4562538975261785,0.3169614495744373,205.8800981256677,92.83944682316057,19.86465370317932,17.233580691147928,0.4225290864172,3.7471011235388687,24.2368874342224,17.06249804645479,140.50888608474406,104.11139677560331,20.112033952031364,16.95435996265607,0.4097400274699283,3.7426811799240514,24.48623459501288,16.804481129358738,149.0000890063597,90.64551347308763,20.043348540064024,17.297137533229304,0.4224628819259574,3.7702018732782783,24.05098006485435,17.229524041960023,346.38898421041176,3.229790384284508,3.8295385000502007,monthly,113.04065130250713,0.004405559228081335
Narino,2016-09-13,2016-09-29,0.5455593363016282,0.3683594398622088,236.1349597206405,91.78875418479434,19.96709031998948,17.431863909788582,0.4275057671085007,3.7563587447592037,24.000981823655813,17.075320727824085,205.8800981256677,92.83944682316057,19.86465370317932,17.233580691147928,0.4225290864172,3.7471011235388687,24.2368874342224,17.06249804645479,140.50888608474406,104.11139677560331,20.112033952031364,16.95435996265607,0.4097400274699283,3.7426811799240514,24.48623459501288,16.804481129358738,442.0150578463082,3.6000150491634035,3.229790384284508,monthly,144.34620553584614,0.007732848931213343
Narino,2016-09-29,2016-10-15,0.4137931049533594,0.2940512168393731,236.58832631535293,82.65609403332994,19.987593222473308,18.026237696876976,0.4340519650633553,3.772252295521513,24.29447149403086,17.69997884544995,236.1349597206405,91.78875418479434,19.96709031998948,17.431863909788582,0.4275057671085007,3.7563587447592037,24.000981823655813,17.075320727824085,205.8800981256677,92.83944682316057,19.86465370317932,17.233580691147928,0.4225290864172,3.7471011235388687,24.2368874342224,17.06249804645479,472.7232860359934,3.6000150491634035,3.229790384284508,monthly,153.932232282023,0.005806601587012239
Narino,2016-10-15,2016-10-31,0.4341933511947764,0.2977110451325859,180.8377917525338,89.78258981933476,19.894019295925553,17.664636269971112,0.42877407057458294,3.7866202198794614,24.00735369353467,17.138304041665243,236.58832631535293,82.65609403332994,19.987593222473308,18.026237696876976,0.4340519650633553,3.772252295521513,24.29447149403086,17.69997884544995,236.1349597206405,91.78875418479434,19.96709031998948,17.431863909788582,0.4275057671085007,3.7563587447592037,24.000981823655813,17.075320727824085,417.4261180678867,4.077405985805695,3.6000150491634035,monthly,91.05520193319904,-0.004663187535201452
Narino,2016-10-31,2016-11-16,0.5146708507279433,0.3245489982598301,188.7569948920165,80.67048418067067,19.875507413862273,18.028751052180915,0.43284776573175543,3.7990856752992306,23.91301280307797,17.2027710145668,180.8377917525338,89.78258981933476,19.894019295925553,17.664636269971112,0.42877407057458294,3.7866202198794614,24.00735369353467,17.138304041665243,236.58832631535293,82.65609403332994,19.987593222473308,18.026237696876976,0.4340519650633553,3.772252295521513,24.29447149403086,17.69997884544995,369.5947866445503,4.077405985805695,3.6000150491634035,monthly,108.08651071134584,-0.0005368099452118247
Narino,2016-11-16,2016-12-02,0.5454009018726573,0.3622391776166067,123.12091285245523,88.87558697014276,19.851878930810404,17.63526107623064,0.42213198817640274,3.8037901477702216,24.40883274721097,16.367265388576357,188.7569948920165,80.67048418067067,19.875507413862273,18.028751052180915,0.43284776573175543,3.7990856752992306,23.91301280307797,17.2027710145668,180.8377917525338,89.78258981933476,19.894019295925553,17.664636269971112,0.42877407057458294,3.7866202198794614,24.00735369353467,17.138304041665243,311.8779077444717,3.68641035186667,4.077405985805695,monthly,34.24532588231247,-0.012149417626935
Narino,2016-12-02,2016-12-18,0.4462156219985329,0.3187641551184781,293.0289126213481,76.64602701759367,19.751421684206125,18.009539051472302,0.43803273005800036,3.8022421121313785,23.83938503324428,17.409338567922394,123.12091285245523,88.87558697014276,19.851878930810404,17.63526107623064,0.42213198817640274,3.8037901477702216,24.40883274721097,16.367265388576357,188.7569948920165,80.67048418067067,19.875507413862273,18.028751052180915,0.43284776573175543,3.7990856752992306,23.91301280307797,17.2027710145668,416.1498254738034,3.2563667691095795,3.68641035186667,monthly,216.38288560375446,0.0023647404725579135
Narino,2016-12-18,2017-01-01,0.4944416618675867,0.3350771949734178,234.15230730787425,62.967721305285366,19.71767113296712,18.04453370687457,0.43829530875956363,3.834424483670769,23.443637024117866,16.95728538325143,293.0289126213481,76.64602701759367,19.751421684206125,18.009539051472302,0.43803273005800036,3.8022421121313785,23.83938503324428,17.409338567922394,123.12091285245523,88.87558697014276,19.851878930810404,17.63526107623064,0.42213198817640274,3.8037901477702216,24.40883274721097,16.367265388576357,527.1812199292224,3.2563667691095795,3.68641035186667,monthly,171.1845860025889,0.0019465698880540283
Narino,2017-01-01,2017-01-17,0.5163037678970126,0.3512152913643901,375.9361910609848,64.27304040333922,19.640665503505144,18.153192473213508,0.4431052381521082,3.887553805785023,23.514460467570487,17.423910899431036,234.15230730787425,62.967721305285366,19.71767113296712,18.04453370687457,0.43829530875956363,3.834424483670769,23.443637024117866,16.95728538325143,293.0289126213481,76.64602701759367,19.751421684206125,18.009539051472302,0.43803273005800036,3.8022421121313785,23.83938503324428,17.409338567922394,610.0884983688591,3.571352192321296,3.2563667691095795,monthly,311.6631506576456,0.008285559384158814
Narino,2017-01-17,2017-02-02,0.8070657846094244,0.4361031701438791,249.58973755802398,77.17744247746417,19.55032443823488,17.589063266897192,0.43677852801084843,3.9147544405558836,24.84185851817136,14.7101180777835,375.9361910609848,64.27304040333922,19.640665503505144,18.153192473213508,0.4431052381521082,3.887553805785023,23.514460467570487,17.423910899431036,234.15230730787425,62.967721305285366,19.71767113296712,18.04453370687457,0.43829530875956363,3.834424483670769,23.443637024117866,16.95728538325143,625.5259286190088,3.571352192321296,3.2563667691095795,monthly,172.41229508055983,0.0017377043344977139
Narino,2017-02-02,2017-02-18,0.6624827633343106,0.3882473052573046,210.67153566603142,86.0445691747255,20.275838922395295,18.09104353144315,0.4331577043952872,3.921190197739384,24.467127936802218,17.263352788880898,249.58973755802398,77.17744247746417,19.55032443823488,17.589063266897192,0.43677852801084843,3.9147544405558836,24.84185851817136,14.7101180777835,375.9361910609848,64.27304040333922,19.640665503505144,18.153192473213508,0.4431052381521082,3.887553805785023,23.514460467570487,17.423910899431036,460.2612732240554,4.069420828182546,3.571352192321296,monthly,124.62696649130592,-0.0013941504843784092
Narino,2017-02-18,2017-03-06,0.7285135349136627,0.4343119668185854,173.37396108228262,93.56296345367993,20.167604870491097,17.878468055527463,0.4241120243321045,3.9321609300360354,24.425765936171505,16.964664669097868,210.67153566603142,86.0445691747255,20.275838922395295,18.09104353144315,0.4331577043952872,3.921190197739384,24.467127936802218,17.263352788880898,249.58973755802398,77.17744247746417,19.55032443823488,17.589063266897192,0.43677852801084843,3.9147544405558836,24.84185851817136,14.7101180777835,384.045496748314,4.069420828182546,3.571352192321296,monthly,79.81099762860269,-0.010377778165146234
Narino,2017-03-06,2017-03-22,0.5845199618981616,0.3686694600734252,229.16905706021356,81.21707521412057,20.291452394724782,18.265406771192204,0.4376562345503015,3.945706715149024,24.414229526737792,17.297544465795205,173.37396108228262,93.56296345367993,20.167604870491097,17.878468055527463,0.4241120243321045,3.9321609300360354,24.425765936171505,16.964664669097868,210.67153566603142,86.0445691747255,20.275838922395295,18.09104353144315,0.4331577043952872,3.921190197739384,24.467127936802218,17.263352788880898,402.5430181424962,3.872536987672896,4.069420828182546,monthly,147.951981846093,0.0031157266160981023
Narino,2017-03-22,2017-04-07,0.6060600993611375,0.3876398610539608,153.72942953913343,87.89370077910743,20.492248921195866,18.151938849893412,0.4297323233710078,3.959259961466831,25.214796844164336,17.73442771393571,229.16905706021356,81.21707521412057,20.291452394724782,18.265406771192204,0.4376562345503015,3.945706715149024,24.414229526737792,17.297544465795205,173.37396108228262,93.56296345367993,20.167604870491097,17.878468055527463,0.4241120243321045,3.9321609300360354,24.425765936171505,16.964664669097868,382.898486599347,3.872536987672896,4.069420828182546,monthly,65.835728760026,-0.0049322732549697546
Narino,2017-04-07,2017-04-23,0.5948870695889211,0.376901524251662,312.94669818560703,82.81795714287749,20.548208912240955,18.54163106728616,0.43581068116353705,3.9648375521936647,24.88750499513744,17.699398330582916,153.72942953913343,87.89370077910743,20.492248921195866,18.151938849893412,0.4297323233710078,3.959259961466831,25.214796844164336,17.73442771393571,229.16905706021356,81.21707521412057,20.291452394724782,18.265406771192204,0.4376562345503015,3.945706715149024,24.414229526737792,17.297544465795205,466.67612772474047,3.721860525913892,3.872536987672896,monthly,230.12874104272953,-0.0011565784773764909
Narino,2017-04-23,2017-05-09,0.6669423078828154,0.4051581403618198,299.0716951248447,75.52119436886275,20.40728998993389,18.48755972831095,0.43904427605980334,3.915169232210471,24.773527150587345,17.87044086921687,312.94669818560703,82.81795714287749,20.548208912240955,18.54163106728616,0.43581068116353705,3.9648375521936647,24.88750499513744,17.699398330582916,153.72942953913343,87.89370077910743,20.492248921195866,18.151938849893412,0.4297323233710078,3.959259961466831,25.214796844164336,17.73442771393571,612.0183933104518,3.721860525913892,3.872536987672896,monthly,223.55050075598197,0.0004887484008420651
Narino,2017-05-09,2017-05-25,0.6458960274983219,0.424267799829566,250.4006555985211,77.0515050939685,20.512142416652715,18.567362253615265,0.4387661120819648,3.864877170695522,24.84147212200269,17.807583520943968,299.0716951248447,75.52119436886275,20.40728998993389,18.48755972831095,0.43904427605980334,3.915169232210471,24.773527150587345,17.87044086921687,312.94669818560703,82.81795714287749,20.548208912240955,18.54163106728616,0.43581068116353705,3.9648375521936647,24.88750499513744,17.699398330582916,549.4723507233658,3.86093035964374,3.721860525913892,monthly,173.3491505045526,0.000989830994239882
Narino,2017-05-25,2017-06-10,0.6691659955288823,0.4188447693508158,230.77378921712466,84.55877641019755,20.429919302395277,18.107121552875164,0.4295170009376982,3.8565337586716715,24.64806021093106,17.64297687222848,250.4006555985211,77.0515050939685,20.512142416652715,18.567362253615265,0.4387661120819648,3.864877170695522,24.84147212200269,17.807583520943968,299.0716951248447,75.52119436886275,20.40728998993389,18.48755972831095,0.43904427605980334,3.915169232210471,24.773527150587345,17.87044086921687,481.17444481564576,3.86093035964374,3.721860525913892,monthly,146.21501280692712,-0.007198661177426624
Narino,2017-06-10,2017-06-26,0.5534688372853486,0.3797712564912872,291.57019222287647,70.85260696261955,19.92798943727523,17.96930644467433,0.43890237558161616,3.849991179355575,23.96414803524909,17.252147921508605,230.77378921712466,84.55877641019755,20.429919302395277,18.107121552875164,0.4295170009376982,3.8565337586716715,24.64806021093106,17.64297687222848,250.4006555985211,77.0515050939685,20.512142416652715,18.567362253615265,0.4387661120819648,3.864877170695522,24.84147212200269,17.807583520943968,522.3439814400011,3.5999858044525426,3.86093035964374,monthly,220.71758526025693,0.004339060420944452
Narino,2017-06-26,2017-07-12,0.5009550288864363,0.3362977670232795,235.23859573193099,78.99777044777255,19.87847629884547,17.52830781655883,0.4348355107736168,3.8335678067087073,23.986417311487106,16.986595889939565,291.57019222287647,70.85260696261955,19.92798943727523,17.96930644467433,0.43890237558161616,3.849991179355575,23.96414803524909,17.252147921508605,230.77378921712466,84.55877641019755,20.429919302395277,18.107121552875164,0.4295170009376982,3.8565337586716715,24.64806021093106,17.64297687222848,526.8087879548075,3.5999858044525426,3.86093035964374,monthly,156.24082528415843,0.003870580973142801
Narino,2017-07-12,2017-07-28,0.6080582217323498,0.393230534819237,239.16061687380684,87.78133897856245,19.795063813257403,17.21460108126925,0.4269626354995274,3.808871511415154,23.823204265711887,16.885240680588016,235.23859573193099,78.99777044777255,19.87847629884547,17.52830781655883,0.4348355107736168,3.8335678067087073,23.986417311487106,16.986595889939565,291.57019222287647,70.85260696261955,19.92798943727523,17.96930644467433,0.43890237558161616,3.849991179355575,23.96414803524909,17.252147921508605,474.39921260573783,4.042952105929373,3.5999858044525426,monthly,151.3792778952444,-0.0006414312118857013
Narino,2017-07-28,2017-08-13,0.5075343479560467,0.3360250561500088,209.65200244943537,94.5428238735893,19.907466009057675,16.912818000513628,0.4171217372050091,3.767584408106331,24.44029394639144,16.562964162793065,239.16061687380684,87.78133897856245,19.795063813257403,17.21460108126925,0.4269626354995274,3.808871511415154,23.823204265711887,16.885240680588016,235.23859573193099,78.99777044777255,19.87847629884547,17.52830781655883,0.4348355107736168,3.8335678067087073,23.986417311487106,16.986595889939565,448.8126193232422,4.042952105929373,3.5999858044525426,monthly,115.10917857584607,-0.004866293546473777
Narino,2017-08-13,2017-08-29,0.5303539117816846,0.3747286920250272,231.09532707322677,97.32725034908425,19.978301844710053,17.23855413894704,0.41772420940039456,3.7424652345149143,24.2580448408338,17.26078294578103,209.65200244943537,94.5428238735893,19.907466009057675,16.912818000513628,0.4171217372050091,3.767584408106331,24.44029394639144,16.562964162793065,239.16061687380684,87.78133897856245,19.795063813257403,17.21460108126925,0.4269626354995274,3.808871511415154,23.823204265711887,16.885240680588016,440.74732952266214,3.623643269926207,4.042952105929373,monthly,133.76807672414253,-0.002415345602578667
Narino,2017-08-29,2017-09-14,0.6197859531532861,0.4226878051195647,214.9243347141902,102.68050443651533,19.999205642320607,17.087934679508557,0.41571876034348965,3.7474485700227342,24.365381299388456,17.062933565367707,231.09532707322677,97.32725034908425,19.978301844710053,17.23855413894704,0.41772420940039456,3.7424652345149143,24.2580448408338,17.26078294578103,209.65200244943537,94.5428238735893,19.907466009057675,16.912818000513628,0.4171217372050091,3.767584408106331,24.44029394639144,16.562964162793065,446.01966178741696,3.623643269926207,4.042952105929373,monthly,112.24383027767486,-0.002404766845629014
Narino,2017-09-14,2017-09-30,0.4968230256883596,0.3496925268434274,203.55472437930246,91.87343824009483,20.18361167344298,17.542780296442476,0.4144794068962704,3.7572765340463627,24.19908159895224,17.43081536710707,214.9243347141902,102.68050443651533,19.999205642320607,17.087934679508557,0.41571876034348965,3.7474485700227342,24.365381299388456,17.062933565367707,231.09532707322677,97.32725034908425,19.978301844710053,17.23855413894704,0.41772420940039456,3.7424652345149143,24.2580448408338,17.26078294578103,418.47905909349265,3.440903404034363,3.623643269926207,monthly,111.68128613920763,-0.0052935112810169604
Narino,2017-09-30,2017-10-16,0.4941639899450976,0.3441964186087384,249.921131738961,88.46633938515848,19.916490064213257,17.646733083617512,0.43221273388270187,3.7732537075636343,24.608624521610107,17.156375985444775,203.55472437930246,91.87343824009483,20.18361167344298,17.542780296442476,0.4144794068962704,3.7572765340463627,24.19908159895224,17.43081536710707,214.9243347141902,102.68050443651533,19.999205642320607,17.087934679508557,0.41571876034348965,3.7474485700227342,24.365381299388456,17.062933565367707,453.47585611826344,3.440903404034363,3.623643269926207,monthly,161.45479235380253,0.0039673704063588056
Narino,2017-10-16,2017-11-01,0.4064204343438448,0.3035245023416818,233.7369855902918,79.56064407570436,20.05969486068501,17.981132235807486,0.4323702397720545,3.7874000018336975,23.7707897081256,17.196733256085672,249.921131738961,88.46633938515848,19.916490064213257,17.646733083617512,0.43221273388270187,3.7732537075636343,24.608624521610107,17.156375985444775,203.55472437930246,91.87343824009483,20.18361167344298,17.542780296442476,0.4144794068962704,3.7572765340463627,24.19908159895224,17.43081536710707,483.65811732925283,3.670933528350809,3.440903404034363,monthly,154.17634151458742,-0.0010670183377298748
Narino,2017-11-01,2017-11-17,0.4206549565323429,0.3028067950295905,154.18471888202004,83.18349903179768,19.85694474729279,17.92266804128826,0.4297387998252733,3.7998102803275504,24.582895428701303,17.3343604283525,233.7369855902918,79.56064407570436,20.05969486068501,17.981132235807486,0.4323702397720545,3.7874000018336975,23.7707897081256,17.196733256085672,249.921131738961,88.46633938515848,19.916490064213257,17.646733083617512,0.43221273388270187,3.7732537075636343,24.608624521610107,17.156375985444775,387.92170447231183,3.802370804133105,3.670933528350809,monthly,71.00121985022236,-0.0036457758516939553
Narino,2017-11-17,2017-12-03,0.4007913932571429,0.2832860598869474,193.8036925925571,81.71673918533328,19.69395243360502,17.735986280857,0.4321656935885497,3.8036513663600093,23.841660975524576,17.12821678723119,154.18471888202004,83.18349903179768,19.85694474729279,17.92266804128826,0.4297387998252733,3.7998102803275504,24.582895428701303,17.3343604283525,233.7369855902918,79.56064407570436,20.05969486068501,17.981132235807486,0.4323702397720545,3.7874000018336975,23.7707897081256,17.196733256085672,347.9884114745771,3.802370804133105,3.670933528350809,monthly,112.08695340722382,-0.0021157122147880125
Narino,2017-12-03,2017-12-19,0.5093466535023341,0.3013807237294056,196.5533345971338,90.27287566196799,20.041409759925074,17.807359608049936,0.4303111429856243,3.802785909511879,24.34606884676424,16.905358440257036,193.8036925925571,81.71673918533328,19.69395243360502,17.735986280857,0.4321656935885497,3.8036513663600093,23.841660975524576,17.12821678723119,154.18471888202004,83.18349903179768,19.85694474729279,17.92266804128826,0.4297387998252733,3.7998102803275504,24.582895428701303,17.3343604283525,390.35702718969094,3.370148563307196,3.802370804133105,monthly,106.28045893516583,-0.005356846599818166
Narino,2017-12-19,2018-01-01,0.3915506392036787,0.2583322637708382,153.33985273917693,71.31373449889057,19.820870979289882,17.79518194168714,0.42978948526242233,3.8362023824866074,23.48654963354067,17.54079463264067,196.5533345971338,90.27287566196799,20.041409759925074,17.807359608049936,0.4303111429856243,3.802785909511879,24.34606884676424,16.905358440257036,193.8036925925571,81.71673918533328,19.69395243360502,17.735986280857,0.4321656935885497,3.8036513663600093,23.841660975524576,17.12821678723119,349.89318733631075,3.370148563307196,3.802370804133105,monthly,82.02611824028637,-0.006559253609087268
Narino,2018-01-01,2018-01-17,0.5706633299582939,0.3742604375099119,339.32022362742885,68.44719954776556,19.302422293627195,17.723641224726002,0.43982334381526683,3.887553805785023,23.76807998877816,16.786973378228463,153.33985273917693,71.31373449889057,19.820870979289882,17.79518194168714,0.42978948526242233,3.8362023824866074,23.48654963354067,17.54079463264067,196.5533345971338,90.27287566196799,20.041409759925074,17.807359608049936,0.4303111429856243,3.802785909511879,24.34606884676424,16.905358440257036,492.6600763666058,3.377029047114386,3.370148563307196,monthly,270.8730240796633,0.005003665047317418
Narino,2018-01-17,2018-02-02,0.4694921048616309,0.3217212927609941,213.41406182432354,84.00307795586865,19.719724120783887,17.615877831239533,0.43552049577251734,3.9147544405558836,23.8695065332009,16.95516679750596,339.32022362742885,68.44719954776556,19.302422293627195,17.723641224726002,0.43982334381526683,3.887553805785023,23.76807998877816,16.786973378228463,153.33985273917693,71.31373449889057,19.820870979289882,17.79518194168714,0.42978948526242233,3.8362023824866074,23.48654963354067,17.54079463264067,552.7342854517524,3.377029047114386,3.370148563307196,monthly,129.41098386845488,0.00047967209616661677
Narino,2018-02-02,2018-02-18,0.4949779729521489,0.34287823490015,244.10938464891177,76.91594390896968,20.00244646137569,18.254181845456614,0.43889327748709006,3.921190197739384,24.126352439088578,17.043916468831203,213.41406182432354,84.00307795586865,19.719724120783887,17.615877831239533,0.43552049577251734,3.9147544405558836,23.8695065332009,16.95516679750596,339.32022362742885,68.44719954776556,19.302422293627195,17.723641224726002,0.43982334381526683,3.887553805785023,23.76807998877816,16.786973378228463,457.5234464732353,3.6008731227047868,3.377029047114386,monthly,167.1934407399421,0.004341422607424428
Narino,2018-02-18,2018-03-06,0.5752619405355629,0.4055017223266225,203.88372727506808,83.5292697285838,19.67811471545998,17.691856817651676,0.43620836449786465,3.9321609300360354,23.803189820408804,16.305000503428392,244.10938464891177,76.91594390896968,20.00244646137569,18.254181845456614,0.43889327748709006,3.921190197739384,24.126352439088578,17.043916468831203,213.41406182432354,84.00307795586865,19.719724120783887,17.615877831239533,0.43552049577251734,3.9147544405558836,23.8695065332009,16.95516679750596,447.9931119239799,3.6008731227047868,3.377029047114386,monthly,120.35445754648428,0.0017185620006139324
Narino,2018-03-06,2018-03-22,0.5875120079429001,0.4040123890264114,147.0853011930891,101.48385488517485,20.412951031438688,17.886380199159643,0.4206609559341956,3.945706715149024,25.02514832935853,17.296061259265727,203.88372727506808,83.5292697285838,19.67811471545998,17.691856817651676,0.43620836449786465,3.9321609300360354,23.803189820408804,16.305000503428392,244.10938464891177,76.91594390896968,20.00244646137569,18.254181845456614,0.43889327748709006,3.921190197739384,24.126352439088578,17.043916468831203,350.96902846815715,3.9048133783703807,3.6008731227047868,monthly,45.601446307914244,-0.013879552000007789
Narino,2018-03-22,2018-04-07,0.5268151874565856,0.3698243589879667,269.0431815715859,72.10904961685284,19.988609738961006,18.340901225783572,0.44081877772431793,3.959259961466831,24.154734571561683,17.28363501471359,147.0853011930891,101.48385488517485,20.412951031438688,17.886380199159643,0.4206609559341956,3.945706715149024,25.02514832935853,17.296061259265727,203.88372727506808,83.5292697285838,19.67811471545998,17.691856817651676,0.43620836449786465,3.9321609300360354,23.803189820408804,16.305000503428392,416.12848276467497,3.9048133783703807,3.6008731227047868,monthly,196.93413195473303,0.006154181098340372
Narino,2018-04-07,2018-04-23,0.5223130091211526,0.357869561562249,275.01577959195504,82.40316358834798,20.100808455134903,18.0758360327945,0.43763584239217784,3.9648375521936647,24.09498684360984,17.46183268901839,269.0431815715859,72.10904961685284,19.988609738961006,18.340901225783572,0.44081877772431793,3.959259961466831,24.154734571561683,17.28363501471359,147.0853011930891,101.48385488517485,20.412951031438688,17.886380199159643,0.4206609559341956,3.945706715149024,25.02514832935853,17.296061259265727,544.058961163541,3.934344626395629,3.9048133783703807,monthly,192.61261600360706,0.0006685827512643017
Narino,2018-04-23,2018-05-09,0.5096423249011122,0.343489633649142,267.2614721143834,79.01528512998665,20.221162048239563,18.276190863143807,0.4391399227705888,3.915169232210471,24.133697425708057,17.583716345407773,275.01577959195504,82.40316358834798,20.100808455134903,18.0758360327945,0.43763584239217784,3.9648375521936647,24.09498684360984,17.46183268901839,269.0431815715859,72.10904961685284,19.988609738961006,18.340901225783572,0.44081877772431793,3.959259961466831,24.154734571561683,17.28363501471359,542.2772517063385,3.934344626395629,3.9048133783703807,monthly,188.2461869843968,0.0005843951116275004
Narino,2018-05-09,2018-05-25,0.5784833380943138,0.3864512556203915,378.9231893721169,74.36624029984095,19.95596370746368,18.143715030969574,0.44071543466376134,3.864877170695522,23.93826987455609,17.38261982382464,267.2614721143834,79.01528512998665,20.221162048239563,18.276190863143807,0.4391399227705888,3.915169232210471,24.133697425708057,17.583716345407773,275.01577959195504,82.40316358834798,20.100808455134903,18.0758360327945,0.43763584239217784,3.9648375521936647,24.09498684360984,17.46183268901839,646.1846614865003,3.85173153269006,3.934344626395629,monthly,304.5569490722759,0.002939153576036413
Narino,2018-05-25,2018-06-10,0.462505338310939,0.3130888142179072,256.00146424029913,75.05783026512731,20.247983034504202,18.252478864893476,0.43818837114746567,3.8565337586716715,24.135403177502525,17.822424211258326,378.9231893721169,74.36624029984095,19.95596370746368,18.143715030969574,0.44071543466376134,3.864877170695522,23.93826987455609,17.38261982382464,267.2614721143834,79.01528512998665,20.221162048239563,18.276190863143807,0.4391399227705888,3.915169232210471,24.133697425708057,17.583716345407773,634.924653612416,3.85173153269006,3.934344626395629,monthly,180.94363397517182,0.0014727090323408687
Narino,2018-06-10,2018-06-26,0.3743917131067953,0.2622224610083431,218.18542161311373,76.02787804776125,19.742089369361196,17.4910152734274,0.4353490968714442,3.849991179355575,23.556245382629463,16.68868070379122,256.00146424029913,75.05783026512731,20.247983034504202,18.252478864893476,0.43818837114746567,3.8565337586716715,24.135403177502525,17.822424211258326,378.9231893721169,74.36624029984095,19.95596370746368,18.143715030969574,0.44071543466376134,3.864877170695522,23.93826987455609,17.38261982382464,474.18688585341283,3.987878477191224,3.85173153269006,monthly,142.15754356535248,0.0007857817107724818
Narino,2018-06-26,2018-07-12,0.5407983181667362,0.3531031713229809,193.282215759467,79.92429903491478,19.577084606314386,17.220334821715603,0.4327243752385691,3.8335678067087073,23.702409788297366,16.521875359217834,218.18542161311373,76.02787804776125,19.742089369361196,17.4910152734274,0.4353490968714442,3.849991179355575,23.556245382629463,16.68868070379122,256.00146424029913,75.05783026512731,20.247983034504202,18.252478864893476,0.43818837114746567,3.8565337586716715,24.135403177502525,17.822424211258326,411.4676373725807,3.987878477191224,3.85173153269006,monthly,113.35791672455221,0.0017594454380950864
Narino,2018-07-12,2018-07-28,0.4981142472738066,0.3298167228552773,167.0763944179165,87.7419314894115,19.918947143878718,17.28089459495734,0.4240590783054643,3.808871511415154,23.940061256354124,16.655891724057724,193.282215759467,79.92429903491478,19.577084606314386,17.220334821715603,0.4327243752385691,3.8335678067087073,23.702409788297366,16.521875359217834,218.18542161311373,76.02787804776125,19.742089369361196,17.4910152734274,0.4353490968714442,3.849991179355575,23.556245382629463,16.68868070379122,360.3586101773835,3.851548146392516,3.987878477191224,monthly,79.334462928505,-0.0035449884059488013
Narino,2018-07-28,2018-08-13,0.526957953613152,0.3416824300188043,189.4011857913916,89.96749696290104,19.8339475941402,17.144629790267647,0.4308799539935784,3.767584408106331,23.850915056415857,16.73805027692503,167.0763944179165,87.7419314894115,19.918947143878718,17.28089459495734,0.4240590783054643,3.808871511415154,23.940061256354124,16.655891724057724,193.282215759467,79.92429903491478,19.577084606314386,17.220334821715603,0.4327243752385691,3.8335678067087073,23.702409788297366,16.521875359217834,356.47758020930814,3.851548146392516,3.987878477191224,monthly,99.43368882849057,0.008891923242095534
Narino,2018-08-13,2018-08-29,0.4406107217241072,0.3047793383897297,211.10474674860643,102.23147182817296,19.829759358824496,16.720544748963835,0.41400535504531966,3.7424652345149143,23.943787959303343,17.001763745131225,189.4011857913916,89.96749696290104,19.8339475941402,17.144629790267647,0.4308799539935784,3.767584408106331,23.850915056415857,16.73805027692503,167.0763944179165,87.7419314894115,19.918947143878718,17.28089459495734,0.4240590783054643,3.808871511415154,23.940061256354124,16.655891724057724,400.50593253999807,3.489144809200001,3.851548146392516,monthly,108.87327492043347,-0.006134199957653574
Narino,2018-08-29,2018-09-14,0.4808924838891353,0.3195446736575404,221.6041364383325,105.53958031916213,19.908193350139193,16.768861064000404,0.4106313800786481,3.7474485700227342,24.03574364705464,17.0027877676183,211.10474674860643,102.23147182817296,19.829759358824496,16.720544748963835,0.41400535504531966,3.7424652345149143,23.943787959303343,17.001763745131225,189.4011857913916,89.96749696290104,19.8339475941402,17.144629790267647,0.4308799539935784,3.767584408106331,23.850915056415857,16.73805027692503,432.7088831869389,3.489144809200001,3.851548146392516,monthly,116.06455611917036,-0.007492147110470582
Narino,2018-09-14,2018-09-30,0.4388543329518887,0.3199501273390042,208.30691508453856,96.5036592916681,19.966322477151888,17.374654378197945,0.4240333739102621,3.7572765340463627,24.60268317801039,17.061817570047346,221.6041364383325,105.53958031916213,19.908193350139193,16.768861064000404,0.4106313800786481,3.7474485700227342,24.03574364705464,17.0027877676183,211.10474674860643,102.23147182817296,19.829759358824496,16.720544748963835,0.41400535504531966,3.7424652345149143,23.943787959303343,17.001763745131225,429.91105152287105,3.0553056687837854,3.489144809200001,monthly,111.80325579287046,0.004260455732974733
Narino,2018-09-30,2018-10-16,0.5824637851749057,0.3969921789614918,139.26068905643115,95.99254177784063,20.160048309105264,17.730813512418145,0.42147913399995385,3.7732537075636343,24.459215490814,17.318385354903047,208.30691508453856,96.5036592916681,19.966322477151888,17.374654378197945,0.4240333739102621,3.7572765340463627,24.60268317801039,17.061817570047346,221.6041364383325,105.53958031916213,19.908193350139193,16.768861064000404,0.4106313800786481,3.7474485700227342,24.03574364705464,17.0027877676183,347.5676041409697,3.0553056687837854,3.489144809200001,monthly,43.26814727859052,-0.006766229476389218
Narino,2018-10-16,2018-11-01,0.5195591451861954,0.3404828825413306,132.56127830500733,99.14920817198322,20.1568024005743,17.752754215164813,0.4217717429882025,3.7874000018336975,24.76781319069208,17.32931472785725,139.26068905643115,95.99254177784063,20.160048309105264,17.730813512418145,0.42147913399995385,3.7732537075636343,24.459215490814,17.318385354903047,208.30691508453856,96.5036592916681,19.966322477151888,17.374654378197945,0.4240333739102621,3.7572765340463627,24.60268317801039,17.061817570047346,271.8219673614385,3.575138643478807,3.0553056687837854,monthly,33.412070133024116,-0.011665515121581871
Narino,2018-11-01,2018-11-17,0.4200121182781364,0.3044765015005329,332.46546093483335,69.93655950800058,19.978952720567154,18.353880644552518,0.439581068764109,3.7998102803275504,23.86364841034223,17.33278452619199,132.56127830500733,99.14920817198322,20.1568024005743,17.752754215164813,0.4217717429882025,3.7874000018336975,24.76781319069208,17.32931472785725,139.26068905643115,95.99254177784063,20.160048309105264,17.730813512418145,0.42147913399995385,3.7732537075636343,24.459215490814,17.318385354903047,465.0267392398407,3.548299456159786,3.575138643478807,monthly,262.52890142683276,0.006196493087141763
Narino,2018-11-17,2018-12-03,0.3759098640344153,0.2644565609520823,289.0137618286268,72.29158321416054,20.17555922121145,18.497178358400983,0.4394106817859708,3.8036513663600093,24.32635109750318,17.165689718864275,332.46546093483335,69.93655950800058,19.978952720567154,18.353880644552518,0.439581068764109,3.7998102803275504,23.86364841034223,17.33278452619199,132.56127830500733,99.14920817198322,20.1568024005743,17.752754215164813,0.4217717429882025,3.7874000018336975,24.76781319069208,17.32931472785725,621.4792227634601,3.548299456159786,3.575138643478807,monthly,216.72217861446626,0.005129275982633075
Narino,2018-12-03,2018-12-19,0.5542699379111586,0.3721291750796724,280.8457426525082,78.74932470823873,19.829578059313327,17.81939263797412,0.4373665141490541,3.802785909511879,24.06957055085081,17.391509297930387,289.0137618286268,72.29158321416054,20.17555922121145,18.497178358400983,0.4394106817859708,3.8036513663600093,24.32635109750318,17.165689718864275,332.46546093483335,69.93655950800058,19.978952720567154,18.353880644552518,0.439581068764109,3.7998102803275504,23.86364841034223,17.33278452619199,569.859504481135,3.92529256625486,3.548299456159786,monthly,202.09641794426946,0.0016985245636116364
Narino,2018-12-19,2019-01-01,0.5564263960861228,0.372443111357198,177.688872161513,70.13520708753833,20.126253448270912,17.827790256118803,0.4312088798704827,3.8362023824866074,24.058038936424207,17.55012349682813,280.8457426525082,78.74932470823873,19.829578059313327,17.81939263797412,0.4373665141490541,3.802785909511879,24.06957055085081,17.391509297930387,289.0137618286268,72.29158321416054,20.17555922121145,18.497178358400983,0.4394106817859708,3.8036513663600093,24.32635109750318,17.165689718864275,458.5346148140212,3.92529256625486,3.548299456159786,monthly,107.55366507397466,-0.005139859001026925
Narino,2019-01-01,2019-01-17,0.6432400448592231,0.4040883366686024,264.8755777172455,81.64641579523655,19.982430842193576,17.892073565585065,0.42971338689443556,3.887553805785023,24.75116247244682,17.167175011474097,177.688872161513,70.13520708753833,20.126253448270912,17.827790256118803,0.4312088798704827,3.8362023824866074,24.058038936424207,17.55012349682813,280.8457426525082,78.74932470823873,19.829578059313327,17.81939263797412,0.4373665141490541,3.802785909511879,24.06957055085081,17.391509297930387,442.5644498787585,3.691151855985785,3.92529256625486,monthly,183.22916192200896,-0.005106291873513857
Narino,2019-01-17,2019-02-02,0.477990819981435,0.3107686013750862,183.81192049260474,81.36549553715517,20.399948315775774,18.34354021183904,0.43557685976334,3.9147544405558836,25.11387504621368,17.880240051111063,264.8755777172455,81.64641579523655,19.982430842193576,17.892073565585065,0.42971338689443556,3.887553805785023,24.75116247244682,17.167175011474097,177.688872161513,70.13520708753833,20.126253448270912,17.827790256118803,0.4312088798704827,3.8362023824866074,24.058038936424207,17.55012349682813,448.6874982098502,3.691151855985785,3.92529256625486,monthly,102.44642495544957,0.0005360360869892666
Narino,2019-02-02,2019-02-18,0.5148590373540791,0.3670952957074816,219.51019780928308,83.426083772054,20.557953498094157,18.54729477979194,0.43673994955666207,3.921190197739384,24.521598146282336,17.897128314712887,183.81192049260474,81.36549553715517,20.399948315775774,18.34354021183904,0.43557685976334,3.9147544405558836,25.11387504621368,17.880240051111063,264.8755777172455,81.64641579523655,19.982430842193576,17.892073565585065,0.42971338689443556,3.887553805785023,24.75116247244682,17.167175011474097,403.3221183018878,3.5012373180574383,3.691151855985785,monthly,136.08411403722909,0.0021880946769964327
Narino,2019-02-18,2019-03-06,0.6058429613844686,0.3614393685791305,207.44955781172752,91.15806057953448,20.687005213714382,18.52904886782982,0.43610499490453725,3.9321609300360354,24.86520784765996,17.96216870480132,219.51019780928308,83.426083772054,20.557953498094157,18.54729477979194,0.43673994955666207,3.921190197739384,24.521598146282336,17.897128314712887,183.81192049260474,81.36549553715517,20.399948315775774,18.34354021183904,0.43557685976334,3.9147544405558836,25.11387504621368,17.880240051111063,426.9597556210106,3.5012373180574383,3.691151855985785,monthly,116.29149723219304,0.0016151924072865254
Narino,2019-03-06,2019-03-22,0.4677820133641243,0.3352148045082826,187.4241844042922,86.51073448636032,20.772193725000527,18.59530355636724,0.43416175754013814,3.945706715149024,24.98030936026245,18.05009441820733,207.44955781172752,91.15806057953448,20.687005213714382,18.52904886782982,0.43610499490453725,3.9321609300360354,24.86520784765996,17.96216870480132,219.51019780928308,83.426083772054,20.557953498094157,18.54729477979194,0.43673994955666207,3.921190197739384,24.521598146282336,17.897128314712887,394.8737422160197,3.980516062277718,3.5012373180574383,monthly,100.91344991793187,-0.0003787503940652637
Narino,2019-03-22,2019-04-07,0.5781947911200179,0.408532174001988,246.18483562487134,78.74794656669724,20.56977184123702,18.680321080244372,0.43783136066705247,3.959259961466831,24.830179634135657,17.970183113631833,187.4241844042922,86.51073448636032,20.772193725000527,18.59530355636724,0.43416175754013814,3.945706715149024,24.98030936026245,18.05009441820733,207.44955781172752,91.15806057953448,20.687005213714382,18.52904886782982,0.43610499490453725,3.9321609300360354,24.86520784765996,17.96216870480132,433.6090200291635,3.980516062277718,3.5012373180574383,monthly,167.4368890581741,0.00316676404107491
Narino,2019-04-07,2019-04-23,0.6617134796726567,0.416268334879862,244.80517824541772,83.92361687712338,20.680647683201844,18.64821217727661,0.4355367975745806,3.9648375521936647,24.98880174606581,18.128217588738217,246.18483562487134,78.74794656669724,20.56977184123702,18.680321080244372,0.43783136066705247,3.959259961466831,24.830179634135657,17.970183113631833,187.4241844042922,86.51073448636032,20.772193725000527,18.59530355636724,0.43416175754013814,3.945706715149024,24.98030936026245,18.05009441820733,490.9900138702891,3.750887942557134,3.980516062277718,monthly,160.88156136829434,-0.0014304620663329604
Narino,2019-04-23,2019-05-09,0.4429791745681393,0.3160735127574712,272.77420350675766,81.13140457555787,20.846107804427035,18.635543272848842,0.4344421277568898,3.915169232210471,24.892521338779297,18.295403596599986,244.80517824541772,83.92361687712338,20.680647683201844,18.64821217727661,0.4355367975745806,3.9648375521936647,24.98880174606581,18.128217588738217,246.18483562487134,78.74794656669724,20.56977184123702,18.680321080244372,0.43783136066705247,3.959259961466831,24.830179634135657,17.970183113631833,517.5793817521753,3.750887942557134,3.980516062277718,monthly,191.6427989311998,-0.004113399902071491
Narino,2019-05-09,2019-05-25,0.5752360728976958,0.3872663888751296,280.7246980664798,78.15537286212893,20.478174390202444,18.465974708550704,0.4380141128311158,3.864877170695522,24.656383145902783,18.0539973182267,272.77420350675766,81.13140457555787,20.846107804427035,18.635543272848842,0.4344421277568898,3.915169232210471,24.892521338779297,18.295403596599986,244.80517824541772,83.92361687712338,20.680647683201844,18.64821217727661,0.4355367975745806,3.9648375521936647,24.98880174606581,18.128217588738217,553.4989015732374,3.73033943434748,3.750887942557134,monthly,202.56932520435086,0.00023783174339087054
Narino,2019-05-25,2019-06-10,0.6003418281560702,0.4012904645575628,275.35588450209,76.47012736527795,20.276394288209087,18.2866290520078,0.4393675825491828,3.8565337586716715,24.177948714548005,17.73017997928049,280.7246980664798,78.15537286212893,20.478174390202444,18.465974708550704,0.4380141128311158,3.864877170695522,24.656383145902783,18.0539973182267,272.77420350675766,81.13140457555787,20.846107804427035,18.635543272848842,0.4344421277568898,3.915169232210471,24.892521338779297,18.295403596599986,556.0805825685698,3.73033943434748,3.750887942557134,monthly,198.88575713681206,0.002651920434057986
Narino,2019-06-10,2019-06-26,0.4975476900272393,0.3372007348052273,283.8453721655676,75.95152456735246,20.352529966613393,18.242939728763915,0.4392412241625828,3.849991179355575,24.301838403365075,17.892482329513253,275.35588450209,76.47012736527795,20.276394288209087,18.2866290520078,0.4393675825491828,3.8565337586716715,24.177948714548005,17.73017997928049,280.7246980664798,78.15537286212893,20.478174390202444,18.465974708550704,0.4380141128311158,3.864877170695522,24.656383145902783,18.0539973182267,559.2012566676576,3.993118658236405,3.73033943434748,monthly,207.89384759821513,0.004677909001911118
Narino,2019-06-26,2019-07-12,0.5878021462179523,0.3864450264707728,208.98725909808672,87.08112669054731,20.156578050563276,17.688474118939133,0.43233472406445594,3.8335678067087073,24.379255739066405,16.504346259286717,283.8453721655676,75.95152456735246,20.352529966613393,18.242939728763915,0.4392412241625828,3.849991179355575,24.301838403365075,17.892482329513253,275.35588450209,76.47012736527795,20.276394288209087,18.2866290520078,0.4393675825491828,3.8565337586716715,24.177948714548005,17.73017997928049,492.8326312636543,3.993118658236405,3.73033943434748,monthly,121.90613240753942,0.0013697942639819272
Narino,2019-07-12,2019-07-28,0.5055309216336489,0.3388498624327496,200.85314500727407,81.66714653626698,19.894846393679614,17.37423097947352,0.4291829520505161,3.808871511415154,23.99044320869183,17.474154031742785,208.98725909808672,87.08112669054731,20.156578050563276,17.688474118939133,0.43233472406445594,3.8335678067087073,24.379255739066405,16.504346259286717,283.8453721655676,75.95152456735246,20.352529966613393,18.242939728763915,0.4392412241625828,3.849991179355575,24.301838403365075,17.892482329513253,409.8404041053608,4.140136902801456,3.993118658236405,monthly,119.18599847100708,0.0015788853391029978
Narino,2019-07-28,2019-08-13,0.4619013164178327,0.3187353606590115,182.62295582585563,102.45257045606424,20.056618021016508,16.878926955128897,0.42024832342137236,3.767584408106331,24.070820872750875,17.072369532397754,200.85314500727407,81.66714653626698,19.894846393679614,17.37423097947352,0.4291829520505161,3.808871511415154,23.99044320869183,17.474154031742785,208.98725909808672,87.08112669054731,20.156578050563276,17.688474118939133,0.43233472406445594,3.8335678067087073,24.379255739066405,16.504346259286717,383.4761008331297,4.140136902801456,3.993118658236405,monthly,80.17038536979139,-0.0017397073301105292
Narino,2019-08-13,2019-08-29,0.5249272577977022,0.3569474242213134,206.20492248315907,112.74076717409706,20.185177223427576,16.550322188882188,0.4054237260316631,3.7424652345149143,24.814893277670446,16.966421092597255,182.62295582585563,102.45257045606424,20.056618021016508,16.878926955128897,0.42024832342137236,3.767584408106331,24.070820872750875,17.072369532397754,200.85314500727407,81.66714653626698,19.894846393679614,17.37423097947352,0.4291829520505161,3.808871511415154,23.99044320869183,17.474154031742785,388.8278783090147,3.7580184391594953,4.140136902801456,monthly,93.46415530906201,-0.01471582897131013
Narino,2019-08-29,2019-09-14,0.455249752149479,0.3083417284658592,127.32300112426583,116.62217694329514,20.305803015093158,16.66968343259539,0.39548914264517687,3.7474485700227342,24.63235254912075,16.49640486573337,206.20492248315907,112.74076717409706,20.185177223427576,16.550322188882188,0.4054237260316631,3.7424652345149143,24.814893277670446,16.966421092597255,182.62295582585563,102.45257045606424,20.056618021016508,16.878926955128897,0.42024832342137236,3.767584408106331,24.070820872750875,17.072369532397754,333.5279236074249,3.7580184391594953,4.140136902801456,monthly,10.700824180970685,-0.022634384543941788
Narino,2019-09-14,2019-09-30,0.4222006339584522,0.2934695068118637,228.88084572614935,93.45500894729794,19.93768498943787,17.253182140426873,0.4147683845221801,3.7572765340463627,24.31210123941961,17.15652196042852,127.32300112426583,116.62217694329514,20.305803015093158,16.66968343259539,0.39548914264517687,3.7474485700227342,24.63235254912075,16.49640486573337,206.20492248315907,112.74076717409706,20.185177223427576,16.550322188882188,0.4054237260316631,3.7424652345149143,24.814893277670446,16.966421092597255,356.2038468504152,2.9267832258411297,3.7580184391594953,monthly,135.42583677885142,-0.005004533655107224
Narino,2019-09-30,2019-10-16,0.4117831329410228,0.2723287809128396,317.1858041254026,85.88033496043315,19.708971419378084,17.523257207084626,0.4352472927758038,3.7732537075636343,24.67985722845744,16.811033717823804,228.88084572614935,93.45500894729794,19.93768498943787,17.253182140426873,0.4147683845221801,3.7572765340463627,24.31210123941961,17.15652196042852,127.32300112426583,116.62217694329514,20.305803015093158,16.66968343259539,0.39548914264517687,3.7474485700227342,24.63235254912075,16.49640486573337,546.066649851552,2.9267832258411297,3.7580184391594953,monthly,231.30546916496948,0.007001929299460752
Narino,2019-10-16,2019-11-01,0.4567451089560669,0.3102730590008868,323.38158059310354,82.30521959159667,19.76174929786375,17.777281544007344,0.43810283216586277,3.7874000018336975,23.77354211502267,17.05719246727237,317.1858041254026,85.88033496043315,19.708971419378084,17.523257207084626,0.4352472927758038,3.7732537075636343,24.67985722845744,16.811033717823804,228.88084572614935,93.45500894729794,19.93768498943787,17.253182140426873,0.4147683845221801,3.7572765340463627,24.31210123941961,17.15652196042852,640.5673847185062,3.8831543031648006,2.9267832258411297,monthly,241.07636100150688,0.00466557405607837
Narino,2019-11-01,2019-11-17,0.43003763692273,0.3007740866506816,312.4542414244114,73.34819416912738,20.009521874039898,18.237656196032688,0.4381804283871802,3.7998102803275504,24.242693232860685,17.619656782572463,323.38158059310354,82.30521959159667,19.76174929786375,17.777281544007344,0.43810283216586277,3.7874000018336975,23.77354211502267,17.05719246727237,317.1858041254026,85.88033496043315,19.708971419378084,17.523257207084626,0.4352472927758038,3.7732537075636343,24.67985722845744,16.811033717823804,635.8358220175149,3.851787974410626,3.8831543031648006,monthly,239.106047255284,0.004795852710212933
Narino,2019-11-17,2019-12-03,0.3691920973978122,0.271014861092076,260.11619453876636,77.06973262985707,20.055992181409852,18.24928629494821,0.43831542902473397,3.8036513663600093,23.81240370115327,16.87638594894678,312.4542414244114,73.34819416912738,20.009521874039898,18.237656196032688,0.4381804283871802,3.7998102803275504,24.242693232860685,17.619656782572463,323.38158059310354,82.30521959159667,19.76174929786375,17.777281544007344,0.43810283216586277,3.7874000018336975,23.77354211502267,17.05719246727237,572.5704359631777,3.851787974410626,3.8831543031648006,monthly,183.0464619089093,0.004034023221396232
Narino,2019-12-03,2019-12-19,0.4097248897857532,0.294742917871156,256.5833024823178,74.75664309741768,19.890007768159744,18.142663086340313,0.44016993235072666,3.802785909511879,23.779474407624484,16.940928885783695,260.11619453876636,77.06973262985707,20.055992181409852,18.24928629494821,0.43831542902473397,3.8036513663600093,23.81240370115327,16.87638594894678,312.4542414244114,73.34819416912738,20.009521874039898,18.237656196032688,0.4381804283871802,3.7998102803275504,24.242693232860685,17.619656782572463,516.6994970210842,3.495826089467984,3.851787974410626,monthly,181.8266593849001,0.004501942765284206
Narino,2019-12-19,2020-01-01,0.4898698413570804,0.3480352594554275,177.28854088212228,66.97860334067197,20.556082298706517,18.5010515837493,0.436214556950041,3.8362023824866074,24.021210558474195,18.23324181757028,256.5833024823178,74.75664309741768,19.890007768159744,18.142663086340313,0.44016993235072666,3.802785909511879,23.779474407624484,16.940928885783695,260.11619453876636,77.06973262985707,20.055992181409852,18.24928629494821,0.43831542902473397,3.8036513663600093,23.81240370115327,16.87638594894678,433.87184336444005,3.495826089467984,3.851787974410626,monthly,110.30993754145031,-0.0001341819214685791
Narino,2020-01-01,2020-01-17,0.6837614441153328,0.4016857051758274,179.1188626169626,94.16765909702039,20.409752612745628,18.052147921379376,0.42773510134892495,3.887553805785023,24.417262968806696,17.308391603676167,177.28854088212228,66.97860334067197,20.556082298706517,18.5010515837493,0.436214556950041,3.8362023824866074,24.021210558474195,18.23324181757028,256.5833024823178,74.75664309741768,19.890007768159744,18.142663086340313,0.44016993235072666,3.802785909511879,23.779474407624484,16.940928885783695,356.40740349908486,3.79449745401001,3.495826089467984,monthly,84.9512035199422,-0.007084577419024463
Narino,2020-01-17,2020-02-02,0.5219136932786302,0.3487093158014733,264.0207298259978,80.2564009347663,20.467690369767084,18.50857355795236,0.4335411189695063,3.9147544405558836,24.60510391596292,17.905935957343775,179.1188626169626,94.16765909702039,20.409752612745628,18.052147921379376,0.42773510134892495,3.887553805785023,24.417262968806696,17.308391603676167,177.28854088212228,66.97860334067197,20.556082298706517,18.5010515837493,0.436214556950041,3.8362023824866074,24.021210558474195,18.23324181757028,443.1395924429604,3.79449745401001,3.495826089467984,monthly,183.76432889123151,-0.001499704706844407
Narino,2020-02-02,2020-02-18,0.7092083851196962,0.4762277246689054,216.95020324402304,95.02390839782093,20.71517059638592,18.312329651168056,0.4275273628873467,3.921184583867375,24.99423504574885,17.454151654752973,264.0207298259978,80.2564009347663,20.467690369767084,18.50857355795236,0.4335411189695063,3.9147544405558836,24.60510391596292,17.905935957343775,179.1188626169626,94.16765909702039,20.409752612745628,18.052147921379376,0.42773510134892495,3.887553805785023,24.417262968806696,17.308391603676167,480.97093307002086,3.7741614495598186,3.79449745401001,monthly,121.92629484620211,-0.007024491992318915
Narino,2020-02-18,2020-03-05,0.5231456876949129,0.333424786865763,264.0833112399193,77.83130303516253,20.735231549151578,18.909234082292137,0.4366034667072556,3.931856259851253,25.09719109539441,18.23489087630534,216.95020324402304,95.02390839782093,20.71517059638592,18.312329651168056,0.4275273628873467,3.921184583867375,24.99423504574885,17.454151654752973,264.0207298259978,80.2564009347663,20.467690369767084,18.50857355795236,0.4335411189695063,3.9147544405558836,24.60510391596292,17.905935957343775,481.0335144839423,3.7741614495598186,3.79449745401001,monthly,186.25200820475675,0.002113664210004862
Narino,2020-03-05,2020-03-21,0.4903628341231056,0.3330625993603773,292.3542183769696,83.43372638737671,20.61557868428416,18.63526257463677,0.43527708743223603,3.9449619425082534,24.68135576224358,17.945134425059333,264.0833112399193,77.83130303516253,20.735231549151578,18.909234082292137,0.4366034667072556,3.931856259851253,25.09719109539441,18.23489087630534,216.95020324402304,95.02390839782093,20.71517059638592,18.312329651168056,0.4275273628873467,3.921184583867375,24.99423504574885,17.454151654752973,556.4375296168889,3.847770310010414,3.7741614495598186,monthly,208.92049198959288,0.0007365794980326301
Narino,2020-03-21,2020-04-06,0.6810850006056117,0.453358644555154,107.06759576315686,94.7551695010894,20.54711311233665,18.23606775139777,0.4170434855294216,3.9584127493105665,25.00888405830074,17.01798175922111,292.3542183769696,83.43372638737671,20.61557868428416,18.63526257463677,0.43527708743223603,3.9449619425082534,24.68135576224358,17.945134425059333,264.0833112399193,77.83130303516253,20.735231549151578,18.909234082292137,0.4366034667072556,3.931856259851253,25.09719109539441,18.23489087630534,399.42181414012646,3.847770310010414,3.7741614495598186,monthly,12.312426262067461,-0.017621111096555953
Narino,2020-04-06,2020-04-22,0.4893530336802687,0.3366007227521879,257.25350349477935,79.59107688095978,20.490965427300146,18.539637870164892,0.4334779071046453,3.9659936973730434,24.971093042944297,17.135362316766702,107.06759576315686,94.7551695010894,20.54711311233665,18.23606775139777,0.4170434855294216,3.9584127493105665,25.00888405830074,17.01798175922111,292.3542183769696,83.43372638737671,20.61557868428416,18.63526257463677,0.43527708743223603,3.9449619425082534,24.68135576224358,17.945134425059333,364.3210992579362,4.065307900935204,3.847770310010414,monthly,177.66242661381958,-0.003489352536268253
Narino,2020-04-22,2020-05-08,0.6281320001143593,0.4223261859834243,315.69998725319545,81.25702773704704,20.556892125255686,18.645731494366906,0.4374806866770812,3.918927703918968,25.02929722754184,18.06459964806592,257.25350349477935,79.59107688095978,20.490965427300146,18.539637870164892,0.4334779071046453,3.9659936973730434,24.971093042944297,17.135362316766702,107.06759576315686,94.7551695010894,20.54711311233665,18.23606775139777,0.4170434855294216,3.9584127493105665,25.00888405830074,17.01798175922111,572.9534907479748,4.065307900935204,3.847770310010414,monthly,234.4429595161484,-0.0010748409818800986
Narino,2020-05-08,2020-05-24,0.5881903689872278,0.374251492143844,235.3292374840625,78.60294313430374,20.70406487879153,18.72012837243355,0.43788142880573994,3.866658758981104,24.25947652996041,17.912176276519965,315.69998725319545,81.25702773704704,20.556892125255686,18.645731494366906,0.4374806866770812,3.918927703918968,25.02929722754184,18.06459964806592,257.25350349477935,79.59107688095978,20.490965427300146,18.539637870164892,0.4334779071046453,3.9659936973730434,24.971093042944297,17.135362316766702,551.0292247372579,4.347055210807667,4.065307900935204,monthly,156.72629434975875,0.00010514771801500844
Narino,2020-05-24,2020-06-09,0.6303536505320423,0.4002779493890312,207.29982682602358,73.18426849090379,20.186851072272727,18.252389119976264,0.43687629791327076,3.8567618662959755,24.01013668932236,17.837500936280126,235.3292374840625,78.60294313430374,20.70406487879153,18.72012837243355,0.43788142880573994,3.866658758981104,24.25947652996041,17.912176276519965,315.69998725319545,81.25702773704704,20.556892125255686,18.645731494366906,0.4374806866770812,3.918927703918968,25.02929722754184,18.06459964806592,442.62906431008605,4.347055210807667,4.065307900935204,monthly,134.11555833511977,0.0001606357981459583
Narino,2020-06-09,2020-06-25,0.6025604850000972,0.4038093549178823,229.50982909644983,77.26905963616767,19.991783547670956,17.89922333400532,0.43641863573961626,3.850747486449711,23.69767420349139,17.2460746237975,207.29982682602358,73.18426849090379,20.186851072272727,18.252389119976264,0.43687629791327076,3.8567618662959755,24.01013668932236,17.837500936280126,235.3292374840625,78.60294313430374,20.70406487879153,18.72012837243355,0.43788142880573994,3.866658758981104,24.25947652996041,17.912176276519965,436.80965592247344,4.065193805714923,4.347055210807667,monthly,152.24076946028217,0.0018553205789445526
Narino,2020-06-25,2020-07-11,0.5854021938400222,0.3644631041634505,217.12019814767842,75.06337251155853,19.697720086038466,17.668219734134517,0.4371379998260724,3.8346451643641264,23.764087857284267,16.97523559867709,229.50982909644983,77.26905963616767,19.991783547670956,17.89922333400532,0.43641863573961626,3.850747486449711,23.69767420349139,17.2460746237975,207.29982682602358,73.18426849090379,20.186851072272727,18.252389119976264,0.43687629791327076,3.8567618662959755,24.01013668932236,17.837500936280126,446.63002724412826,4.065193805714923,4.347055210807667,monthly,142.0568256361199,0.0061730700255983595
Narino,2020-07-11,2020-07-27,0.6131376868061951,0.3916635608830583,176.87684022809844,84.11018422208161,19.65888214377658,17.210000819810844,0.4303375661097291,3.8111001221720424,23.74226136662721,16.660932461506317,217.12019814767842,75.06337251155853,19.697720086038466,17.668219734134517,0.4371379998260724,3.8346451643641264,23.764087857284267,16.97523559867709,229.50982909644983,77.26905963616767,19.991783547670956,17.89922333400532,0.43641863573961626,3.850747486449711,23.69767420349139,17.2460746237975,393.99703837577687,4.18230250650445,4.065193805714923,monthly,92.76665600601683,0.0027334993983160194
Narino,2020-07-27,2020-08-12,0.4599174342458407,0.3118636868991527,121.67627430486735,103.41410464445639,20.015986121693395,16.92179193120272,0.41644364644087906,3.7702018732782783,24.342873862723547,17.23534261331218,176.87684022809844,84.11018422208161,19.65888214377658,17.210000819810844,0.4303375661097291,3.8111001221720424,23.74226136662721,16.660932461506317,217.12019814767842,75.06337251155853,19.697720086038466,17.668219734134517,0.4371379998260724,3.8346451643641264,23.764087857284267,16.97523559867709,298.55311453296576,4.18230250650445,4.065193805714923,monthly,18.26216966041096,-0.005544384310603834
Narino,2020-08-12,2020-08-28,0.5167584481849642,0.3292695709097335,135.94631499201168,87.60699139063814,19.710218830051865,17.369245893527378,0.4223371077117482,3.7426811799240514,24.3745326354655,16.81432175576496,121.67627430486735,103.41410464445639,20.015986121693395,16.92179193120272,0.41644364644087906,3.7702018732782783,24.342873862723547,17.23534261331218,176.87684022809844,84.11018422208161,19.65888214377658,17.210000819810844,0.4303375661097291,3.8111001221720424,23.74226136662721,16.660932461506317,257.622589296879,4.101995139987028,4.18230250650445,monthly,48.339323601373536,0.0021975527087749747
Narino,2020-08-28,2020-09-13,0.5311707781335574,0.3673610478308708,143.78893150690024,98.81970359372106,19.75701193396735,17.118033249049432,0.426644234195898,3.7471011235388687,23.875037540114803,15.984691887494124,135.94631499201168,87.60699139063814,19.710218830051865,17.369245893527378,0.4223371077117482,3.7426811799240514,24.3745326354655,16.81432175576496,121.67627430486735,103.41410464445639,20.015986121693395,16.92179193120272,0.41644364644087906,3.7702018732782783,24.342873862723547,17.23534261331218,279.7352464989119,4.101995139987028,4.18230250650445,monthly,44.96922791317918,0.008520707006779316
Narino,2020-09-13,2020-09-29,0.5485739076584796,0.3883261120778633,181.25236608512233,100.87240705373074,19.953464628589757,17.329415151597306,0.4249085256920899,3.7563587447592037,24.2221571261774,16.237237657124563,143.78893150690024,98.81970359372106,19.75701193396735,17.118033249049432,0.426644234195898,3.7471011235388687,23.875037540114803,15.984691887494124,135.94631499201168,87.60699139063814,19.710218830051865,17.369245893527378,0.4223371077117482,3.7426811799240514,24.3745326354655,16.81432175576496,325.0412975920226,3.8260783919292334,4.101995139987028,monthly,80.37995903139159,0.005135607514802576
Narino,2020-09-29,2020-10-15,0.3985153675692138,0.2977052975734496,141.33671119971774,103.48907237688402,19.833074726194283,16.922728922859186,0.4218468420485541,3.772252295521513,24.03539885831674,16.964692387091333,181.25236608512233,100.87240705373074,19.953464628589757,17.329415151597306,0.4249085256920899,3.7563587447592037,24.2221571261774,16.237237657124563,143.78893150690024,98.81970359372106,19.75701193396735,17.118033249049432,0.426644234195898,3.7471011235388687,23.875037540114803,15.984691887494124,322.5890772848401,3.8260783919292334,4.101995139987028,monthly,37.847638822833716,-0.006398521427788961
Narino,2020-10-15,2020-10-31,0.4437891715874424,0.3103821502788372,224.42846221096337,87.39627865141443,20.06767346704755,17.844875758785996,0.4290096443704507,3.7866202198794614,24.05414151741541,17.59253210912911,141.33671119971774,103.48907237688402,19.833074726194283,16.922728922859186,0.4218468420485541,3.772252295521513,24.03539885831674,16.964692387091333,181.25236608512233,100.87240705373074,19.953464628589757,17.329415151597306,0.4249085256920899,3.7563587447592037,24.2221571261774,16.237237657124563,365.7651734106811,3.729948115788022,3.8260783919292334,monthly,137.03218355954894,-0.004427613739333702
Narino,2020-10-31,2020-11-16,0.5771942332485483,0.3756529024871575,111.82635640874177,97.8762723789155,19.934057609791957,17.531071775833702,0.4196877387656586,3.7990856752992306,24.346707911281307,17.01063582410744,224.42846221096337,87.39627865141443,20.06767346704755,17.844875758785996,0.4290096443704507,3.7866202198794614,24.05414151741541,17.59253210912911,141.33671119971774,103.48907237688402,19.833074726194283,16.922728922859186,0.4218468420485541,3.772252295521513,24.03539885831674,16.964692387091333,336.25481861970513,3.729948115788022,3.8260783919292334,monthly,13.950084029826272,-0.01369683691130863
Narino,2020-11-16,2020-12-02,0.445116193093592,0.3051907415147684,206.65641946487844,80.88656802624942,19.771673974681647,17.789650747824474,0.42491632966701787,3.8037901477702216,23.38653735978672,17.170750138183987,111.82635640874177,97.8762723789155,19.934057609791957,17.531071775833702,0.4196877387656586,3.7990856752992306,24.346707911281307,17.01063582410744,224.42846221096337,87.39627865141443,20.06767346704755,17.844875758785996,0.4290096443704507,3.7866202198794614,24.05414151741541,17.59253210912911,318.4827758736202,3.5569103988905386,3.729948115788022,monthly,125.76985143862902,-0.009365076136319872
Narino,2020-12-02,2020-12-18,0.4362458064904804,0.2968211324056581,339.63544217738877,69.83012896165286,19.586877688195642,17.9707740810192,0.4407842418494239,3.8022421121313785,23.378999313725043,17.035778649544195,206.65641946487844,80.88656802624942,19.771673974681647,17.789650747824474,0.42491632966701787,3.8037901477702216,23.38653735978672,17.170750138183987,111.82635640874177,97.8762723789155,19.934057609791957,17.531071775833702,0.4196877387656586,3.7990856752992306,24.346707911281307,17.01063582410744,546.2918616422672,3.320018074677239,3.5569103988905386,monthly,269.8053132157359,0.005116252263981436
Narino,2020-12-18,2021-01-01,0.5108712661424446,0.3405763358748011,275.76713629329964,58.23177323663069,19.403190984688585,17.784612001227593,0.44049272030436054,3.834424483670769,23.482069052377906,16.755338358429007,339.63544217738877,69.83012896165286,19.586877688195642,17.9707740810192,0.4407842418494239,3.8022421121313785,23.378999313725043,17.035778649544195,206.65641946487844,80.88656802624942,19.771673974681647,17.789650747824474,0.42491632966701787,3.8037901477702216,23.38653735978672,17.170750138183987,615.4025784706885,3.320018074677239,3.5569103988905386,monthly,217.53536305666896,0.0041439814328509406
Narino,2021-01-01,2021-01-17,0.511812867784472,0.3467782324575373,333.8636743205409,71.3293065934195,19.356885577878806,17.672016253142935,0.44099248422768783,3.887553805785023,23.74256729687956,16.768535625402883,275.76713629329964,58.23177323663069,19.403190984688585,17.784612001227593,0.44049272030436054,3.834424483670769,23.482069052377906,16.755338358429007,339.63544217738877,69.83012896165286,19.586877688195642,17.9707740810192,0.4407842418494239,3.8022421121313785,23.378999313725043,17.035778649544195,609.6308106138406,3.361924677743796,3.320018074677239,monthly,262.5343677271214,0.006172805459738417
Narino,2021-01-17,2021-02-02,0.5944948948052421,0.3819583892028596,332.3542332980236,82.30725290192892,19.762707817631128,17.774678134974266,0.4377755118332878,3.9147544405558836,24.080264763244703,17.190901491731076,333.8636743205409,71.3293065934195,19.356885577878806,17.672016253142935,0.44099248422768783,3.887553805785023,23.74256729687956,16.768535625402883,275.76713629329964,58.23177323663069,19.403190984688585,17.784612001227593,0.44049272030436054,3.834424483670769,23.482069052377906,16.755338358429007,666.2179076185645,3.361924677743796,3.320018074677239,monthly,250.04698039609468,0.0027346881569370596
Narino,2021-02-02,2021-02-18,0.5037400505450027,0.3270760322003559,294.8582933416539,74.29334478805151,20.053346624013834,18.29548806439204,0.4392810584302969,3.921190197739384,23.924728029178304,17.254128927420783,332.3542332980236,82.30725290192892,19.762707817631128,17.774678134974266,0.4377755118332878,3.9147544405558836,24.080264763244703,17.190901491731076,333.8636743205409,71.3293065934195,19.356885577878806,17.672016253142935,0.44099248422768783,3.887553805785023,23.74256729687956,16.768535625402883,627.2125266396774,3.6748715506100287,3.361924677743796,monthly,220.5649485536024,0.004729203550631278
Narino,2021-02-18,2021-03-06,0.5434707351939045,0.3951701397420584,242.8257653114178,78.74365181942872,19.913396786404164,18.159752733747315,0.44127717324410065,3.9321609300360354,23.795630253144537,17.42378141356668,294.8582933416539,74.29334478805151,20.053346624013834,18.29548806439204,0.4392810584302969,3.921190197739384,23.924728029178304,17.254128927420783,332.3542332980236,82.30725290192892,19.762707817631128,17.774678134974266,0.4377755118332878,3.9147544405558836,24.080264763244703,17.190901491731076,537.6840586530717,3.6748715506100287,3.361924677743796,monthly,164.08211349198908,0.00678737074684993
Narino,2021-03-06,2021-03-22,0.6101648849908664,0.4161151272975927,274.56535142924224,77.71939027978492,19.742112902755892,17.90711617042176,0.43918775179382996,3.945706715149024,24.122592069052214,16.99781483982394,242.8257653114178,78.74365181942872,19.913396786404164,18.159752733747315,0.44127717324410065,3.9321609300360354,23.795630253144537,17.42378141356668,294.8582933416539,74.29334478805151,20.053346624013834,18.29548806439204,0.4392810584302969,3.921190197739384,23.924728029178304,17.254128927420783,517.39111674066,3.714473567323077,3.6748715506100287,monthly,196.8459611494573,0.00464724385962656
Narino,2021-03-22,2021-04-07,0.5351410954230196,0.3899149111565308,339.13192111508613,72.89172468865257,20.030975965521616,18.25235656049546,0.44015750915424673,3.959259961466831,24.312140247547635,17.13496528896616,274.56535142924224,77.71939027978492,19.742112902755892,17.90711617042176,0.43918775179382996,3.945706715149024,24.122592069052214,16.99781483982394,242.8257653114178,78.74365181942872,19.913396786404164,18.159752733747315,0.44127717324410065,3.9321609300360354,23.795630253144537,17.42378141356668,613.6972725443284,3.714473567323077,3.6748715506100287,monthly,266.24019642643356,0.005492912528269167
Narino,2021-04-07,2021-04-23,0.5909040850417343,0.3803837639734335,313.6076828597128,79.33564261786454,20.156139845520947,18.170386681457217,0.437901669569019,3.9648375521936647,24.224629683662624,17.60271394764781,339.13192111508613,72.89172468865257,20.030975965521616,18.25235656049546,0.44015750915424673,3.959259961466831,24.312140247547635,17.13496528896616,274.56535142924224,77.71939027978492,19.742112902755892,17.90711617042176,0.43918775179382996,3.945706715149024,24.122592069052214,16.99781483982394,652.7396039747989,3.71782707582312,3.714473567323077,monthly,234.27204024184823,0.0009344099281054508
Narino,2021-04-23,2021-05-09,0.5401179720444533,0.3858048454555955,363.6119261014105,73.90605719543613,19.82811208870589,18.117480754909735,0.44007767107530205,3.915169232210471,24.42783940006956,17.262914521212437,313.6076828597128,79.33564261786454,20.156139845520947,18.170386681457217,0.437901669569019,3.9648375521936647,24.224629683662624,17.60271394764781,339.13192111508613,72.89172468865257,20.030975965521616,18.25235656049546,0.44015750915424673,3.959259961466831,24.312140247547635,17.13496528896616,677.2196089611233,3.71782707582312,3.714473567323077,monthly,289.7058689059744,0.001522143416340771
Narino,2021-05-09,2021-05-25,0.4681142581017816,0.3322004286362838,290.5393529205759,82.09407068053238,20.311860163211012,18.39164931802781,0.4398280614965138,3.864877170695522,23.98526291931584,17.42394793356832,363.6119261014105,73.90605719543613,19.82811208870589,18.117480754909735,0.44007767107530205,3.915169232210471,24.42783940006956,17.262914521212437,313.6076828597128,79.33564261786454,20.156139845520947,18.170386681457217,0.437901669569019,3.9648375521936647,24.224629683662624,17.60271394764781,654.1512790219864,4.147363034309351,3.71782707582312,monthly,208.4452822400435,0.0020517804087888947
Narino,2021-05-25,2021-06-10,0.5320974822405553,0.3678149526440735,265.3763384269465,75.59158097568145,20.034262937436097,18.14514153842137,0.4392915794918435,3.8565337586716715,23.989222133452127,16.878190049405312,290.5393529205759,82.09407068053238,20.311860163211012,18.39164931802781,0.4398280614965138,3.864877170695522,23.98526291931584,17.42394793356832,363.6119261014105,73.90605719543613,19.82811208870589,18.117480754909735,0.44007767107530205,3.915169232210471,24.42783940006956,17.262914521212437,555.9156913475224,4.147363034309351,3.71782707582312,monthly,189.78475745126508,0.002575917376718695
Narino,2021-06-10,2021-06-26,0.6120804734184159,0.3867030000448994,252.8706146616499,69.31911561454153,19.498844478452497,17.62378369385362,0.43980492868541576,3.849991179355575,23.385660274622825,16.572719378064438,265.3763384269465,75.59158097568145,20.034262937436097,18.14514153842137,0.4392915794918435,3.8565337586716715,23.989222133452127,16.878190049405312,290.5393529205759,82.09407068053238,20.311860163211012,18.39164931802781,0.4398280614965138,3.864877170695522,23.98526291931584,17.42394793356832,518.2469530885965,3.723069528253031,4.147363034309351,monthly,183.5514990471084,0.00524161352474406
Narino,2021-06-26,2021-07-12,0.616628057445692,0.3894989368012865,191.55233186667022,91.38296613683623,19.6047245911574,16.989846465087027,0.4261699377885657,3.8335678067087073,23.577893194503368,16.395723895410985,252.8706146616499,69.31911561454153,19.498844478452497,17.62378369385362,0.43980492868541576,3.849991179355575,23.385660274622825,16.572719378064438,265.3763384269465,75.59158097568145,20.034262937436097,18.14514153842137,0.4392915794918435,3.8565337586716715,23.989222133452127,16.878190049405312,444.42294652832015,3.723069528253031,4.147363034309351,monthly,100.16936572983398,-0.004794992011908306
Narino,2021-07-12,2021-07-28,0.4472548076171657,0.305022241967979,184.38839395964226,77.9161035405012,19.765884818490235,17.44708995351988,0.4293035927479855,3.808871511415154,23.40204933079937,17.467234588062116,191.55233186667022,91.38296613683623,19.6047245911574,16.989846465087027,0.4261699377885657,3.8335678067087073,23.577893194503368,16.395723895410985,252.8706146616499,69.31911561454153,19.498844478452497,17.62378369385362,0.43980492868541576,3.849991179355575,23.385660274622825,16.572719378064438,375.9407258263125,4.348265124799079,3.723069528253031,monthly,106.47229041914106,0.0016995260365724185
Narino,2021-07-28,2021-08-13,0.5417850011618525,0.3541110113881593,126.33032908910063,99.61842303358492,19.827192506501806,16.85574396433844,0.4194787502080389,3.767584408106331,23.740275890786748,16.458004066279873,184.38839395964226,77.9161035405012,19.765884818490235,17.44708995351988,0.4293035927479855,3.808871511415154,23.40204933079937,17.467234588062116,191.55233186667022,91.38296613683623,19.6047245911574,16.989846465087027,0.4261699377885657,3.8335678067087073,23.577893194503368,16.395723895410985,310.7187230487429,4.348265124799079,3.723069528253031,monthly,26.711906055515712,-0.0025092805434440146
Narino,2021-08-13,2021-08-29,0.6266240866229722,0.3739859125440627,238.51410712705223,86.09641116234391,19.6833657122975,17.408293818111275,0.4310952387140018,3.7424652345149143,23.659800735520623,16.95917515449056,126.33032908910063,99.61842303358492,19.827192506501806,16.85574396433844,0.4194787502080389,3.767584408106331,23.740275890786748,16.458004066279873,184.38839395964226,77.9161035405012,19.765884818490235,17.44708995351988,0.4293035927479855,3.808871511415154,23.40204933079937,17.467234588062116,364.84443621615287,4.055696553200604,4.348265124799079,monthly,152.41769596470832,0.010955683711028563
Narino,2021-08-29,2021-09-14,0.4405827401368948,0.3343557097809904,222.39012391017508,83.23122308278855,19.653321418950274,17.377014530567607,0.433846999395361,3.7474485700227342,23.55661752616017,16.673738356747254,238.51410712705223,86.09641116234391,19.6833657122975,17.408293818111275,0.4310952387140018,3.7424652345149143,23.659800735520623,16.95917515449056,126.33032908910063,99.61842303358492,19.827192506501806,16.85574396433844,0.4194787502080389,3.767584408106331,23.740275890786748,16.458004066279873,460.9042310372273,4.055696553200604,4.348265124799079,monthly,139.15890082738653,0.015723472206242317
Narino,2021-09-14,2021-09-30,0.5983766871102802,0.4193093331856507,262.3404437260879,97.02902358386162,19.78801717870222,17.08402131845827,0.4282892278966083,3.7572765340463627,24.862038683107013,16.738362151529554,222.39012391017508,83.23122308278855,19.653321418950274,17.377014530567607,0.433846999395361,3.7474485700227342,23.55661752616017,16.673738356747254,238.51410712705223,86.09641116234391,19.6833657122975,17.408293818111275,0.4310952387140018,3.7424652345149143,23.659800735520623,16.95917515449056,484.730567636263,4.276523971777574,4.055696553200604,monthly,165.31142014222632,0.008516309719320936
Narino,2021-09-30,2021-10-16,0.5067890975835762,0.3565454597305148,190.47945639112527,91.80603782029326,19.985553688831242,17.74611666066745,0.43133479247686035,3.7732537075636343,24.79626603311401,17.24422847589491,262.3404437260879,97.02902358386162,19.78801717870222,17.08402131845827,0.4282892278966083,3.7572765340463627,24.862038683107013,16.738362151529554,222.39012391017508,83.23122308278855,19.653321418950274,17.377014530567607,0.433846999395361,3.7474485700227342,23.55661752616017,16.673738356747254,452.8199001172132,4.276523971777574,4.055696553200604,monthly,98.67341857083201,0.0030894290005172853
Narino,2021-10-16,2021-11-01,0.4914689771458117,0.3557885362004955,289.98211506938026,73.93532332680294,19.70216920962068,17.958999513196975,0.4385984578468547,3.7874000018336975,23.95471688883034,17.040411868099092,190.47945639112527,91.80603782029326,19.985553688831242,17.74611666066745,0.43133479247686035,3.7732537075636343,24.79626603311401,17.24422847589491,262.3404437260879,97.02902358386162,19.78801717870222,17.08402131845827,0.4282892278966083,3.7572765340463627,24.862038683107013,16.738362151529554,480.4615714605055,4.043048897621284,4.276523971777574,monthly,216.0467917425773,0.005161199737070299
Narino,2021-11-01,2021-11-17,0.4543070307893715,0.3116679721136756,215.33944648437273,75.06633959746253,19.59346929863397,17.886601040366315,0.4385562211661461,3.7998102803275504,23.6244271633274,17.063390189177518,289.98211506938026,73.93532332680294,19.70216920962068,17.958999513196975,0.4385984578468547,3.7874000018336975,23.95471688883034,17.040411868099092,190.47945639112527,91.80603782029326,19.985553688831242,17.74611666066745,0.43133479247686035,3.7732537075636343,24.79626603311401,17.24422847589491,505.321561553753,3.714982834724256,4.043048897621284,monthly,140.2731068869102,0.005171645489178867
Narino,2021-11-17,2021-12-03,0.3848678606946394,0.2765039980166091,227.469633944233,73.99057445035763,19.414539613904246,17.73188819082628,0.43877143972306526,3.8036513663600093,23.10259575703889,17.089969184669496,215.33944648437273,75.06633959746253,19.59346929863397,17.886601040366315,0.4385562211661461,3.7998102803275504,23.6244271633274,17.063390189177518,289.98211506938026,73.93532332680294,19.70216920962068,17.958999513196975,0.4385984578468547,3.7874000018336975,23.95471688883034,17.040411868099092,442.80908042860574,3.714982834724256,4.043048897621284,monthly,153.47905949387538,0.004490033919727521
Narino,2021-12-03,2021-12-19,0.3185237374576344,0.2258773038031591,267.19556305021376,66.31568919124979,19.632991836312478,18.099118701006404,0.4408883532663269,3.802785909511879,23.501225673151307,17.35877102290278,227.469633944233,73.99057445035763,19.414539613904246,17.73188819082628,0.43877143972306526,3.8036513663600093,23.10259575703889,17.089969184669496,215.33944648437273,75.06633959746253,19.59346929863397,17.886601040366315,0.4385562211661461,3.7998102803275504,23.6244271633274,17.063390189177518,494.6651969944468,3.4837304340966826,3.714982834724256,monthly,200.87987385896398,0.0052203636808844656
Narino,2021-12-19,2022-01-01,0.4488908638715409,0.3106080930041255,178.06423062502083,60.105443376410975,19.85183012812167,18.144450198489626,0.4370445120948962,3.8362023824866074,23.64513692429705,17.73373446955591,267.19556305021376,66.31568919124979,19.632991836312478,18.099118701006404,0.4408883532663269,3.802785909511879,23.501225673151307,17.35877102290278,227.469633944233,73.99057445035763,19.414539613904246,17.73188819082628,0.43877143972306526,3.8036513663600093,23.10259575703889,17.089969184669496,445.2597936752346,3.4837304340966826,3.714982834724256,monthly,117.95878724860985,0.0006957732233865976
Narino,2022-01-01,2022-01-17,0.6545447183153277,0.4314042407671091,191.5262155592184,78.96316709184217,19.442576641549277,17.54847207049764,0.4367084199874426,3.887553805785023,23.95775524330644,16.142928397176206,178.06423062502083,60.105443376410975,19.85183012812167,18.144450198489626,0.4370445120948962,3.8362023824866074,23.64513692429705,17.73373446955591,267.19556305021376,66.31568919124979,19.632991836312478,18.099118701006404,0.4408883532663269,3.802785909511879,23.501225673151307,17.35877102290278,369.5904461842392,3.696346968946511,3.4837304340966826,monthly,112.56304846737623,0.001888741219493173
Narino,2022-01-17,2022-02-02,0.5381484624260546,0.3901662651029589,283.3609617134504,71.59174464361197,19.476438108022293,17.78885062325904,0.4400932704998013,3.9147544405558836,24.068178476956778,17.002592194220746,191.5262155592184,78.96316709184217,19.442576641549277,17.54847207049764,0.4367084199874426,3.887553805785023,23.95775524330644,16.142928397176206,178.06423062502083,60.105443376410975,19.85183012812167,18.144450198489626,0.4370445120948962,3.8362023824866074,23.64513692429705,17.73373446955591,474.88717727266885,3.696346968946511,3.4837304340966826,monthly,211.76921706983845,0.005052446823450574
Narino,2022-02-02,2022-02-18,0.3754828901503057,0.2610235428019876,277.4344909203738,66.02083767165203,19.300651149748045,17.79163439354583,0.44199656589773695,3.921190197739384,23.293426280351174,16.584904225246976,283.3609617134504,71.59174464361197,19.476438108022293,17.78885062325904,0.4400932704998013,3.9147544405558836,24.068178476956778,17.002592194220746,191.5262155592184,78.96316709184217,19.442576641549277,17.54847207049764,0.4367084199874426,3.887553805785023,23.95775524330644,16.142928397176206,560.7954526338242,3.67754476870973,3.696346968946511,monthly,211.41365324872174,0.007444711018071315
Narino,2022-02-18,2022-03-06,0.5326467914821449,0.3524912849887769,310.6070888856735,63.318492843751606,19.370628014877823,17.942206497241607,0.44310962470072013,3.9321609300360354,24.256348852972543,17.18673059553763,277.4344909203738,66.02083767165203,19.300651149748045,17.79163439354583,0.44199656589773695,3.921190197739384,23.293426280351174,16.584904225246976,283.3609617134504,71.59174464361197,19.476438108022293,17.78885062325904,0.4400932704998013,3.9147544405558836,24.068178476956778,17.002592194220746,588.0415798060473,3.67754476870973,3.696346968946511,monthly,247.28859604192186,0.008619822203469407
Narino,2022-03-06,2022-03-22,0.6814444438635103,0.4805632862553844,172.69642796677203,83.41388001552923,19.914040618518385,17.940869632881835,0.4349459225525345,3.945706715149024,24.234337713196613,17.36482330618524,310.6070888856735,63.318492843751606,19.370628014877823,17.942206497241607,0.44310962470072013,3.9321609300360354,24.256348852972543,17.18673059553763,277.4344909203738,66.02083767165203,19.300651149748045,17.79163439354583,0.44199656589773695,3.921190197739384,23.293426280351174,16.584904225246976,483.3035168524455,3.7164919685924818,3.67754476870973,monthly,89.2825479512428,0.0004054146183311014
Narino,2022-03-22,2022-04-07,0.670688550789865,0.4710614806668576,259.3873239492391,77.43595133576787,20.11828493959512,18.24829181153715,0.43963731663800376,3.959259961466831,24.48523253620729,17.48727484849075,172.69642796677203,83.41388001552923,19.914040618518385,17.940869632881835,0.4349459225525345,3.945706715149024,24.234337713196613,17.36482330618524,310.6070888856735,63.318492843751606,19.370628014877823,17.942206497241607,0.44310962470072013,3.9321609300360354,24.256348852972543,17.18673059553763,432.0837519160111,3.7164919685924818,3.67754476870973,monthly,181.95137261347122,0.004972720012026199
Narino,2022-04-07,2022-04-23,0.5400179764360223,0.3708393947916259,354.6947608954863,68.57591075121786,19.925754936699583,18.281929394637586,0.44129151287120516,3.9648375521936647,23.783595481793903,17.26862755556246,259.3873239492391,77.43595133576787,20.11828493959512,18.24829181153715,0.43963731663800376,3.959259961466831,24.48523253620729,17.48727484849075,172.69642796677203,83.41388001552923,19.914040618518385,17.940869632881835,0.4349459225525345,3.945706715149024,24.234337713196613,17.36482330618524,614.0820848447254,3.785276158224357,3.7164919685924818,monthly,286.11885014426844,0.004324253230291619
Narino,2022-04-23,2022-05-09,0.6685390151044099,0.447708293285401,298.60681615669876,80.41492050252866,20.039376828843505,18.12786118690382,0.43956408748455467,3.915169232210471,24.399439998970763,17.21226446459394,354.6947608954863,68.57591075121786,19.925754936699583,18.281929394637586,0.44129151287120516,3.9648375521936647,23.783595481793903,17.26862755556246,259.3873239492391,77.43595133576787,20.11828493959512,18.24829181153715,0.43963731663800376,3.959259961466831,24.48523253620729,17.48727484849075,653.301577052185,3.785276158224357,3.7164919685924818,monthly,218.19189565417008,0.0010085598255933914
Narino,2022-05-09,2022-05-25,0.5353672560445908,0.3511241144420544,370.19418426733984,67.94771051558888,19.945743302395464,18.316171185031898,0.44097280066247424,3.864877170695522,23.945235195693247,17.59595562375372,298.60681615669876,80.41492050252866,20.039376828843505,18.12786118690382,0.43956408748455467,3.915169232210471,24.399439998970763,17.21226446459394,354.6947608954863,68.57591075121786,19.925754936699583,18.281929394637586,0.44129151287120516,3.9648375521936647,23.783595481793903,17.26862755556246,668.8010004240386,3.951803174879197,3.785276158224357,monthly,302.24647375175095,0.0031965195747493125
Narino,2022-05-25,2022-06-10,0.4717470416782827,0.3103487331039606,285.7603460909006,64.60915296018135,19.324470598583247,17.6608446889993,0.44088438255518336,3.8565337586716715,23.186486867614843,16.67210842398718,370.19418426733984,67.94771051558888,19.945743302395464,18.316171185031898,0.44097280066247424,3.864877170695522,23.945235195693247,17.59595562375372,298.60681615669876,80.41492050252866,20.039376828843505,18.12786118690382,0.43956408748455467,3.915169232210471,24.399439998970763,17.21226446459394,655.9545303582404,3.951803174879197,3.785276158224357,monthly,221.15119313071926,0.00416872044005856
Narino,2022-06-10,2022-06-26,0.6392019781202323,0.4021306045392475,301.48805761315145,73.25600104886254,19.151205286185657,17.228508081270604,0.4382171516104648,3.849991179355575,22.83372696034956,16.654875452443,285.7603460909006,64.60915296018135,19.324470598583247,17.6608446889993,0.44088438255518336,3.8565337586716715,23.186486867614843,16.67210842398718,370.19418426733984,67.94771051558888,19.945743302395464,18.316171185031898,0.44097280066247424,3.864877170695522,23.945235195693247,17.59595562375372,587.2484037040521,3.7300755587347423,3.951803174879197,monthly,228.2320565642889,0.003653836449793113
Narino,2022-06-26,2022-07-12,0.536875241365604,0.3587609552087287,166.15553287813609,85.58323470738307,19.432500782958094,17.01347718792803,0.4314427524015433,3.8335678067087073,23.494191187422423,16.191615026034828,301.48805761315145,73.25600104886254,19.151205286185657,17.228508081270604,0.4382171516104648,3.849991179355575,22.83372696034956,16.654875452443,285.7603460909006,64.60915296018135,19.324470598583247,17.6608446889993,0.44088438255518336,3.8565337586716715,23.186486867614843,16.67210842398718,467.64359049128757,3.7300755587347423,3.951803174879197,monthly,80.57229817075302,0.00047782260106926655
Narino,2022-07-12,2022-07-28,0.4641224998727876,0.3244498111389423,177.54458232272765,77.74584171111982,19.416921354436674,17.307473979586092,0.4321629152770191,3.808871511415154,23.371986846868964,16.70163252489373,166.15553287813609,85.58323470738307,19.432500782958094,17.01347718792803,0.4314427524015433,3.8335678067087073,23.494191187422423,16.191615026034828,301.48805761315145,73.25600104886254,19.151205286185657,17.228508081270604,0.4382171516104648,3.849991179355575,22.83372696034956,16.654875452443,343.7001152008637,3.1392310860314825,3.7300755587347423,monthly,99.79874061160783,0.004558848565606011
Narino,2022-07-28,2022-08-13,0.6237702267962033,0.3929136446005563,184.95289815557874,87.35401636524846,19.609491139912386,17.302680663442317,0.4345617017791847,3.767584408106331,23.72664982439629,16.49391010900782,177.54458232272765,77.74584171111982,19.416921354436674,17.307473979586092,0.4321629152770191,3.808871511415154,23.371986846868964,16.70163252489373,166.15553287813609,85.58323470738307,19.432500782958094,17.01347718792803,0.4314427524015433,3.8335678067087073,23.494191187422423,16.191615026034828,362.4974804783064,3.1392310860314825,3.7300755587347423,monthly,97.59888179033028,0.012573671027701794
Narino,2022-08-13,2022-08-29,0.6174396204245036,0.4128319007864291,158.62248620163638,100.13549965935206,19.50032937949701,16.578209894590536,0.4191703998128632,3.7424652345149143,24.225572871911886,16.059696033747123,184.95289815557874,87.35401636524846,19.609491139912386,17.302680663442317,0.4345617017791847,3.767584408106331,23.72664982439629,16.49391010900782,177.54458232272765,77.74584171111982,19.416921354436674,17.307473979586092,0.4321629152770191,3.808871511415154,23.371986846868964,16.70163252489373,343.5753843572151,4.337179817608393,3.1392310860314825,monthly,58.48698654228431,-0.0009691551901100381
Narino,2022-08-29,2022-09-14,0.5856025550782673,0.3875150090766097,181.72343574688432,100.63867218011848,19.71557343931783,16.7719297188603,0.4209679562000421,3.7474485700227342,24.145565804698848,16.71299524153989,158.62248620163638,100.13549965935206,19.50032937949701,16.578209894590536,0.4191703998128632,3.7424652345149143,24.225572871911886,16.059696033747123,184.95289815557874,87.35401636524846,19.609491139912386,17.302680663442317,0.4345617017791847,3.767584408106331,23.72664982439629,16.49391010900782,340.3459219485207,4.337179817608393,3.1392310860314825,monthly,81.08476356676584,0.002844429010923466
Narino,2022-09-14,2022-09-30,0.5385194721890224,0.3624510246560014,161.75539411093874,95.93034188820724,19.557740282603877,17.053144859198667,0.4229525451979538,3.7572765340463627,23.718990804262177,16.44909503358261,181.72343574688432,100.63867218011848,19.71557343931783,16.7719297188603,0.4209679562000421,3.7474485700227342,24.145565804698848,16.71299524153989,158.62248620163638,100.13549965935206,19.50032937949701,16.578209894590536,0.4191703998128632,3.7424652345149143,24.225572871911886,16.059696033747123,343.47882985782303,4.21128616871578,4.337179817608393,monthly,65.8250522227315,0.003179627020666431
Narino,2022-09-30,2022-10-16,0.4750566801681482,0.3316013546892086,172.24496343194062,93.9126732599163,19.64507596964139,17.219631200599295,0.4257750059736959,3.7732537075636343,23.69998891777188,16.708371520823952,161.75539411093874,95.93034188820724,19.557740282603877,17.053144859198667,0.4229525451979538,3.7572765340463627,23.718990804262177,16.44909503358261,181.72343574688432,100.63867218011848,19.71557343931783,16.7719297188603,0.4209679562000421,3.7474485700227342,24.145565804698848,16.71299524153989,334.0003575428793,4.21128616871578,4.337179817608393,monthly,78.33229017202432,-0.0024703575026471802
Narino,2022-10-16,2022-11-01,0.4221058825267089,0.2729401025638576,131.0544338385204,86.31833543584457,19.66888343972724,17.63508820661047,0.42646261257976525,3.7874000018336975,23.277085634552503,17.160906647518726,172.24496343194062,93.9126732599163,19.64507596964139,17.219631200599295,0.4257750059736959,3.7732537075636343,23.69998891777188,16.708371520823952,161.75539411093874,95.93034188820724,19.557740282603877,17.053144859198667,0.4229525451979538,3.7572765340463627,23.718990804262177,16.44909503358261,303.299397270461,4.131011836536465,4.21128616871578,monthly,44.73609840267582,-0.006974645530019141
Narino,2022-11-01,2022-11-17,0.3988279089262891,0.2806680736577911,147.84758525196838,86.68877395962951,19.591461407825232,17.398300068253505,0.4160478130076854,3.7998102803275504,23.95257641280216,16.36639833306063,131.0544338385204,86.31833543584457,19.66888343972724,17.63508820661047,0.42646261257976525,3.7874000018336975,23.277085634552503,17.160906647518726,172.24496343194062,93.9126732599163,19.64507596964139,17.219631200599295,0.4257750059736959,3.7732537075636343,23.69998891777188,16.708371520823952,278.9020190904888,3.715489806210328,4.131011836536465,monthly,61.15881129233887,-0.017336762669281858
Narino,2022-11-17,2022-12-03,0.3838375423686871,0.2621041768142443,183.2687207022992,83.85865149520302,19.47894654577943,17.463720388617578,0.42406990211521145,3.8036513663600093,23.452344959922936,17.07315150489201,147.84758525196838,86.68877395962951,19.591461407825232,17.398300068253505,0.4160478130076854,3.7998102803275504,23.95257641280216,16.36639833306063,131.0544338385204,86.31833543584457,19.66888343972724,17.63508820661047,0.42646261257976525,3.7874000018336975,23.277085634552503,17.160906647518726,331.11630595426755,3.715489806210328,4.131011836536465,monthly,99.41006920709617,-0.010211503688126289
Narino,2022-12-03,2022-12-19,0.5001676451681593,0.3433494499585514,226.48892151054892,82.5340166218814,19.193170512248077,17.199985960622854,0.4306975811370084,3.802785909511879,23.150785669857964,16.007084819040852,183.2687207022992,83.85865149520302,19.47894654577943,17.463720388617578,0.42406990211521145,3.8036513663600093,23.452344959922936,17.07315150489201,147.84758525196838,86.68877395962951,19.591461407825232,17.398300068253505,0.4160478130076854,3.7998102803275504,23.95257641280216,16.36639833306063,409.7576422128481,3.5869982250149244,3.715489806210328,monthly,143.9549048886675,-0.004970408448434049
Narino,2022-12-19,2023-01-01,0.6560534884905734,0.3986360517679891,199.87842056610643,64.33195086992748,19.467104919019327,17.445508106891957,0.4280132955432945,3.8362023824866074,23.41597793915005,16.729599409411776,226.48892151054892,82.5340166218814,19.193170512248077,17.199985960622854,0.4306975811370084,3.802785909511879,23.150785669857964,16.007084819040852,183.2687207022992,83.85865149520302,19.47894654577943,17.463720388617578,0.42406990211521145,3.8036513663600093,23.452344959922936,17.07315150489201,426.36734207665535,3.5869982250149244,3.715489806210328,monthly,135.54646969617895,-0.00833544332821512
Narino,2023-01-01,2023-01-17,0.5555731484527462,0.3399127569187062,311.1036312709102,67.41305030383667,19.10826169395392,17.492233860344626,0.4399654716010649,3.887553805785023,23.622129483062075,16.79368457878359,199.87842056610643,64.33195086992748,19.467104919019327,17.445508106891957,0.4280132955432945,3.8362023824866074,23.41597793915005,16.729599409411776,226.48892151054892,82.5340166218814,19.193170512248077,17.199985960622854,0.4306975811370084,3.802785909511879,23.150785669857964,16.007084819040852,510.9820518370167,3.5568234265919707,3.5869982250149244,monthly,243.69058096707357,0.005145792833115503
Narino,2023-01-17,2023-02-02,0.5571093012195647,0.3603407683021044,247.49909764877464,80.61932965605786,19.49629369399602,17.50796818826924,0.4340763445501777,3.9147544405558836,23.95286754722772,16.8205905128874,311.1036312709102,67.41305030383667,19.10826169395392,17.492233860344626,0.4399654716010649,3.887553805785023,23.622129483062075,16.79368457878359,199.87842056610643,64.33195086992748,19.467104919019327,17.445508106891957,0.4280132955432945,3.8362023824866074,23.41597793915005,16.729599409411776,558.6027289196849,3.5568234265919707,3.5869982250149244,monthly,166.87976799271678,-0.0009644791261730346
Narino,2023-02-02,2023-02-18,0.5985046609535204,0.4094675133498263,236.41068057770912,83.17065314048358,20.0101046447323,17.977064932917855,0.4334252960774504,3.921190197739384,23.88506679908796,16.878390146025865,247.49909764877464,80.61932965605786,19.49629369399602,17.50796818826924,0.4340763445501777,3.9147544405558836,23.95286754722772,16.8205905128874,311.1036312709102,67.41305030383667,19.10826169395392,17.492233860344626,0.4399654716010649,3.887553805785023,23.622129483062075,16.79368457878359,483.90977822648375,3.857792142819376,3.5568234265919707,monthly,153.24002743722554,-0.0011265588022152384
Narino,2023-02-18,2023-03-06,0.6545729880224591,0.4223562315237753,197.9542601395457,84.10022751410165,20.217671325265783,18.160375858804066,0.4344486693132501,3.9321609300360354,24.41994034110689,17.542647236410932,236.41068057770912,83.17065314048358,20.0101046447323,17.977064932917855,0.4334252960774504,3.921190197739384,23.88506679908796,16.878390146025865,247.49909764877464,80.61932965605786,19.49629369399602,17.50796818826924,0.4340763445501777,3.9147544405558836,23.95286754722772,16.8205905128874,434.36494071725485,3.857792142819376,3.5568234265919707,monthly,113.85403262544406,-4.113318400061905e-05
Narino,2023-03-06,2023-03-22,0.6857925074526026,0.39929300570581,244.70966067063796,75.98247380490722,19.67563221070364,17.848655583860026,0.4375015894315109,3.945706715149024,24.21125758612545,16.77044484010938,197.9542601395457,84.10022751410165,20.217671325265783,18.160375858804066,0.4344486693132501,3.9321609300360354,24.41994034110689,17.542647236410932,236.41068057770912,83.17065314048358,20.0101046447323,17.977064932917855,0.4334252960774504,3.921190197739384,23.88506679908796,16.878390146025865,442.66392081018364,3.860700543108249,3.857792142819376,monthly,168.72718686573074,0.002961081497307505
Narino,2023-03-22,2023-04-07,0.6281525829202587,0.3952264290812437,293.02424264671106,77.86911782646158,20.076278497893462,18.21326202828137,0.4385586837144904,3.959259961466831,24.814632618718296,16.90423234776924,244.70966067063796,75.98247380490722,19.67563221070364,17.848655583860026,0.4375015894315109,3.945706715149024,24.21125758612545,16.77044484010938,197.9542601395457,84.10022751410165,20.217671325265783,18.160375858804066,0.4344486693132501,3.9321609300360354,24.41994034110689,17.542647236410932,537.733903317349,3.860700543108249,3.857792142819376,monthly,215.15512482024948,0.0038940870885128542
Narino,2023-04-07,2023-04-23,0.6702093130327188,0.4312388390191796,295.87930535340246,78.93869494692991,20.271800272960558,18.368971584725095,0.43884201462001077,3.9648375521936647,24.671729934212888,17.542115205510214,293.02424264671106,77.86911782646158,20.076278497893462,18.21326202828137,0.4385586837144904,3.959259961466831,24.814632618718296,16.90423234776924,244.70966067063796,75.98247380490722,19.67563221070364,17.848655583860026,0.4375015894315109,3.945706715149024,24.21125758612545,16.77044484010938,588.9035480001135,4.056949207790864,3.860700543108249,monthly,216.94061040647256,0.0018747549790972262
Narino,2023-04-23,2023-05-09,0.697766353208327,0.4407864869985214,290.29656633140723,90.94353992064438,20.681126074174333,18.412066665219683,0.43166389164403396,3.915169232210471,25.42560900447709,17.06191739237665,295.87930535340246,78.93869494692991,20.271800272960558,18.368971584725095,0.43884201462001077,3.9648375521936647,24.671729934212888,17.542115205510214,293.02424264671106,77.86911782646158,20.076278497893462,18.21326202828137,0.4385586837144904,3.959259961466831,24.814632618718296,16.90423234776924,586.1758716848096,4.056949207790864,3.860700543108249,monthly,199.35302641076285,-0.006891636014927316
Narino,2023-05-09,2023-05-25,0.6913028727447829,0.4609462365362072,365.6474286621468,69.45305133100612,20.747440245489507,18.980825220097117,0.4386829232765933,3.864877170695522,25.776506151061493,17.91198359507196,290.29656633140723,90.94353992064438,20.681126074174333,18.412066665219683,0.43166389164403396,3.915169232210471,25.42560900447709,17.06191739237665,295.87930535340246,78.93869494692991,20.271800272960558,18.368971584725095,0.43884201462001077,3.9648375521936647,24.671729934212888,17.542115205510214,655.943994993554,3.976750942903538,4.056949207790864,monthly,296.1943773311407,0.0009066421888683784
Narino,2023-05-25,2023-06-10,0.632198136598132,0.4105218535800417,312.2725570573397,72.75477299136838,20.352877790246374,18.442703609885356,0.43853207433300134,3.8565337586716715,24.53713350191603,18.049708045177315,365.6474286621468,69.45305133100612,20.747440245489507,18.980825220097117,0.4386829232765933,3.864877170695522,25.776506151061493,17.91198359507196,290.29656633140723,90.94353992064438,20.681126074174333,18.412066665219683,0.43166389164403396,3.915169232210471,25.42560900447709,17.06191739237665,677.9199857194865,3.976750942903538,4.056949207790864,monthly,239.51778406597134,0.0018164122178765396
Narino,2023-06-10,2023-06-26,0.6745988399948956,0.4496461630215658,148.31868679844126,91.1344376551381,20.503572368272383,17.872885864802004,0.4246804858335293,3.849991179355575,25.01135072871136,17.223531524054025,312.2725570573397,72.75477299136838,20.352877790246374,18.442703609885356,0.43853207433300134,3.8565337586716715,24.53713350191603,18.049708045177315,365.6474286621468,69.45305133100612,20.747440245489507,18.980825220097117,0.4386829232765933,3.864877170695522,25.776506151061493,17.91198359507196,460.591243855781,4.299429685572576,3.976750942903538,monthly,57.18424914330316,-0.009882829327142406
Narino,2023-06-26,2023-07-12,0.6205878907334286,0.4028091393098342,178.22137547018824,84.86152218421081,20.449492792653857,18.011913265334304,0.4289605113909275,3.8335678067087073,24.515281146252605,17.69857688775701,148.31868679844126,91.1344376551381,20.503572368272383,17.872885864802004,0.4246804858335293,3.849991179355575,25.01135072871136,17.223531524054025,312.2725570573397,72.75477299136838,20.352877790246374,18.442703609885356,0.43853207433300134,3.8565337586716715,24.53713350191603,18.049708045177315,326.5400622686295,4.299429685572576,3.976750942903538,monthly,93.35985328597742,-0.0020044184095465156
Narino,2023-07-12,2023-07-28,0.7089273859749166,0.4071976076324018,240.13719094507366,91.22032199783365,20.642667115802375,17.877040579165257,0.423706410578786,3.808871511415154,24.902355890725964,17.799636555532473,178.22137547018824,84.86152218421081,20.449492792653857,18.011913265334304,0.4289605113909275,3.8335678067087073,24.515281146252605,17.69857688775701,148.31868679844126,91.1344376551381,20.503572368272383,17.872885864802004,0.4246804858335293,3.849991179355575,25.01135072871136,17.223531524054025,418.35856641526186,4.218710320092345,4.299429685572576,monthly,148.91686894724,-0.003897656132627103
Narino,2023-07-28,2023-08-13,0.5681934083900678,0.3684986521568542,206.74406304661417,91.12379228775154,20.58825794555126,17.601838419296676,0.4152435425155553,3.767584408106331,24.727736300892875,17.61571135526693,240.13719094507366,91.22032199783365,20.642667115802375,17.877040579165257,0.423706410578786,3.808871511415154,24.902355890725964,17.799636555532473,178.22137547018824,84.86152218421081,20.449492792653857,18.011913265334304,0.4289605113909275,3.8335678067087073,24.515281146252605,17.69857688775701,446.8812539916878,4.218710320092345,4.299429685572576,monthly,115.62027075886263,-0.006744488235927604
Narino,2023-08-13,2023-08-29,0.6842015652582892,0.4226471036076454,217.7830199903937,95.49747268052276,20.434878294415284,17.690759499133463,0.42374245011894757,3.7424652345149143,25.588481241738226,17.08776474436199,206.74406304661417,91.12379228775154,20.58825794555126,17.601838419296676,0.4152435425155553,3.767584408106331,24.727736300892875,17.61571135526693,240.13719094507366,91.22032199783365,20.642667115802375,17.877040579165257,0.423706410578786,3.808871511415154,24.902355890725964,17.799636555532473,424.52708303700786,4.193699301597101,4.218710320092345,monthly,122.28554730987095,0.003602895115974336
Narino,2023-08-29,2023-09-14,0.5773400189876061,0.3924819096479323,219.6300771282327,106.66458592428727,20.812582018816514,17.66813778548626,0.41618211534587846,3.7474485700227342,26.103944351169705,17.520861289376608,217.7830199903937,95.49747268052276,20.434878294415284,17.690759499133463,0.42374245011894757,3.7424652345149143,25.588481241738226,17.08776474436199,206.74406304661417,91.12379228775154,20.58825794555126,17.601838419296676,0.4152435425155553,3.767584408106331,24.727736300892875,17.61571135526693,437.4130971186264,4.193699301597101,4.218710320092345,monthly,112.96549120394543,-0.0019414118432402039
Narino,2023-09-14,2023-09-30,0.5848048161237702,0.4181579453078675,226.58791081615726,102.90925929169644,20.761358257464487,17.830407020983188,0.42006180324477954,3.7572765340463627,25.057680646484872,17.4035521970096,219.6300771282327,106.66458592428727,20.812582018816514,17.66813778548626,0.41618211534587846,3.7474485700227342,26.103944351169705,17.520861289376608,217.7830199903937,95.49747268052276,20.434878294415284,17.690759499133463,0.42374245011894757,3.7424652345149143,25.588481241738226,17.08776474436199,446.21798794438996,4.225626030963613,4.193699301597101,monthly,123.67865152446082,0.000288885067492195
Narino,2023-09-30,2023-10-16,0.5623092331328707,0.3626224836531871,215.67800588626045,94.82906183282931,20.99332626262836,18.448957374541678,0.4242637342843602,3.7732537075636343,25.390914788743647,18.328072420078865,226.58791081615726,102.90925929169644,20.761358257464487,17.830407020983188,0.42006180324477954,3.7572765340463627,25.057680646484872,17.4035521970096,219.6300771282327,106.66458592428727,20.812582018816514,17.66813778548626,0.41618211534587846,3.7474485700227342,26.103944351169705,17.520861289376608,442.2659167024177,4.225626030963613,4.193699301597101,monthly,120.84894405343114,-0.003981629191982861
Narino,2023-10-16,2023-11-01,0.5223732994535758,0.3400380213451413,269.3376911422073,84.07308786769265,20.444736380717288,18.161862932982274,0.4282330774837251,3.7874000018336975,24.88464350875178,17.637844892141107,215.67800588626045,94.82906183282931,20.99332626262836,18.448957374541678,0.4242637342843602,3.7732537075636343,25.390914788743647,18.328072420078865,226.58791081615726,102.90925929169644,20.761358257464487,17.830407020983188,0.42006180324477954,3.7572765340463627,25.057680646484872,17.4035521970096,485.01569702846774,4.048243816018755,4.225626030963613,monthly,185.26460327451463,-0.005204180626059318
Narino,2023-11-01,2023-11-17,0.5392948890777717,0.3724852357062883,227.08707461110006,73.28011421716519,20.598613645174147,18.786883175438177,0.4386877447729863,3.7998102803275504,24.809707850190776,18.120932721781774,269.3376911422073,84.07308786769265,20.444736380717288,18.161862932982274,0.4282330774837251,3.7874000018336975,24.88464350875178,17.637844892141107,215.67800588626045,94.82906183282931,20.99332626262836,18.448957374541678,0.4242637342843602,3.7732537075636343,25.390914788743647,18.328072420078865,496.4247657533074,4.155246020196052,4.048243816018755,monthly,153.80696039393487,0.0053031690960190225
Narino,2023-11-17,2023-12-03,0.6354334256660032,0.4289732385176881,205.240641328407,83.57692526207109,20.464745191211076,18.402879560787948,0.4359315070737739,3.8036513663600093,24.463260543960136,17.879784833067887,227.08707461110006,73.28011421716519,20.598613645174147,18.786883175438177,0.4386877447729863,3.7998102803275504,24.809707850190776,18.120932721781774,269.3376911422073,84.07308786769265,20.444736380717288,18.161862932982274,0.4282330774837251,3.7874000018336975,24.88464350875178,17.637844892141107,432.3277159395071,4.155246020196052,4.048243816018755,monthly,121.66371606633592,0.0016501012704361884
Narino,2023-12-03,2023-12-19,0.4974458322362766,0.3134931417953288,308.3690630948464,75.53182494038326,20.710754198566732,18.755465705683367,0.4327553980219876,3.802785909511879,24.362267452853352,18.326914562044177,205.240641328407,83.57692526207109,20.464745191211076,18.402879560787948,0.4359315070737739,3.8036513663600093,24.463260543960136,17.879784833067887,227.08707461110006,73.28011421716519,20.598613645174147,18.786883175438177,0.4386877447729863,3.7998102803275504,24.809707850190776,18.120932721781774,513.6097044232534,3.86777927553518,4.155246020196052,monthly,232.83723815446314,-0.0029125915634548583
Narino,2023-12-19,2024-01-01,0.6643697122658891,0.4642992853550879,308.78963122092955,47.10489865881648,20.35318457429571,18.95416073869588,0.44218505036815653,3.8362023824866074,25.14938047256705,18.06798513491977,308.3690630948464,75.53182494038326,20.710754198566732,18.755465705683367,0.4327553980219876,3.802785909511879,24.362267452853352,18.326914562044177,205.240641328407,83.57692526207109,20.464745191211076,18.402879560787948,0.4359315070737739,3.8036513663600093,24.463260543960136,17.879784833067887,617.158694315776,3.86777927553518,4.155246020196052,monthly,261.6847325621131,0.005836311496646929
Narino,2024-01-01,2024-01-17,0.7144206445704246,0.418938677638234,179.24772639166383,92.63158332836952,20.68651826192314,18.425811704506142,0.430775247885513,3.887553805785023,25.00454716158689,17.98274188260576,308.78963122092955,47.10489865881648,20.35318457429571,18.95416073869588,0.44218505036815653,3.8362023824866074,25.14938047256705,18.06798513491977,308.3690630948464,75.53182494038326,20.710754198566732,18.755465705683367,0.4327553980219876,3.802785909511879,24.362267452853352,18.326914562044177,488.0373576125934,3.8667799186245553,3.86777927553518,monthly,86.61614306329432,-0.0040444308824363895
Narino,2024-01-17,2024-02-02,0.7073363586317996,0.4769521548208715,291.8591718618263,95.22017692269165,21.279262142484427,18.871875480413003,0.4216134668587359,3.9147544405558836,25.34781221078244,18.595501344721733,179.24772639166383,92.63158332836952,20.68651826192314,18.425811704506142,0.430775247885513,3.887553805785023,25.00454716158689,17.98274188260576,308.78963122092955,47.10489865881648,20.35318457429571,18.95416073869588,0.44218505036815653,3.8362023824866074,25.14938047256705,18.06798513491977,471.10689825349016,3.8667799186245553,3.86777927553518,monthly,196.63899493913468,-0.01342735681761481
Narino,2024-02-02,2024-02-18,0.5925818377754428,0.4303509361045751,220.85000106178455,86.01843168859216,21.207851819968027,19.10693154538221,0.4339689548874433,3.921184583867375,25.31163943483245,17.96230234879143,291.8591718618263,95.22017692269165,21.279262142484427,18.871875480413003,0.4216134668587359,3.9147544405558836,25.34781221078244,18.595501344721733,179.24772639166383,92.63158332836952,20.68651826192314,18.425811704506142,0.430775247885513,3.887553805785023,25.00454716158689,17.98274188260576,512.7091729236108,3.601613637156309,3.8667799186245553,monthly,134.8315693731924,-0.0005828999922223299
Narino,2024-02-18,2024-03-05,0.6878763713755588,0.4814396204631585,230.06574497999833,86.71892314255459,20.845525671463022,18.805096653423647,0.43292704580756325,3.931856259851253,25.10623002646851,18.005150817360605,220.85000106178455,86.01843168859216,21.207851819968027,19.10693154538221,0.4339689548874433,3.921184583867375,25.31163943483245,17.96230234879143,291.8591718618263,95.22017692269165,21.279262142484427,18.871875480413003,0.4216134668587359,3.9147544405558836,25.34781221078244,18.595501344721733,450.9157460417829,3.601613637156309,3.8667799186245553,monthly,143.34682183744374,-0.0015627566896874723
Narino,2024-03-05,2024-03-21,0.6968266697207934,0.4612495105977044,185.46456015955894,99.79749731195798,21.596573319236484,19.100311451942776,0.4243301616484082,3.9449619425082534,26.073817401117225,18.747391413880244,230.06574497999833,86.71892314255459,20.845525671463022,18.805096653423647,0.43292704580756325,3.931856259851253,25.10623002646851,18.005150817360605,220.85000106178455,86.01843168859216,21.207851819968027,19.10693154538221,0.4339689548874433,3.921184583867375,25.31163943483245,17.96230234879143,415.5303051395573,4.035582733545796,3.601613637156309,monthly,85.66706284760096,-0.010210346285795202
Narino,2024-03-21,2024-04-06,0.5443923355625753,0.3487699228474953,184.34865646392836,86.1155632615442,20.979767118819424,18.925183861880257,0.4312360826149759,3.9584127493105665,25.487156463858767,18.379142515676584,185.46456015955894,99.79749731195798,21.596573319236484,19.100311451942776,0.4243301616484082,3.9449619425082534,26.073817401117225,18.747391413880244,230.06574497999833,86.71892314255459,20.845525671463022,18.805096653423647,0.43292704580756325,3.931856259851253,25.10623002646851,18.005150817360605,369.8132166234873,4.035582733545796,3.601613637156309,monthly,98.23309320238417,-0.0034285140110016377
Narino,2024-04-06,2024-04-22,0.6719608544957062,0.4777097403910473,275.25814208661944,94.60104511947469,21.222001214627433,18.918141335952782,0.4278581178619161,3.9659936973730434,25.83484313736508,18.44490949822234,184.34865646392836,86.1155632615442,20.979767118819424,18.925183861880257,0.4312360826149759,3.9584127493105665,25.487156463858767,18.379142515676584,185.46456015955894,99.79749731195798,21.596573319236484,19.100311451942776,0.4243301616484082,3.9449619425082534,26.073817401117225,18.747391413880244,459.6067985505478,3.808120701371623,4.035582733545796,monthly,180.65709696714475,-0.009109141778997465
Narino,2024-04-22,2024-05-08,0.5577107440204493,0.3773100420000927,311.81888563980306,67.52132150957812,20.869331939229106,19.22868406420916,0.44108480198897126,3.918927703918968,25.0599030239728,18.602097616645864,275.25814208661944,94.60104511947469,21.222001214627433,18.918141335952782,0.4278581178619161,3.9659936973730434,25.83484313736508,18.44490949822234,184.34865646392836,86.1155632615442,20.979767118819424,18.925183861880257,0.4312360826149759,3.9584127493105665,25.487156463858767,18.379142515676584,587.0770277264226,3.808120701371623,4.035582733545796,monthly,244.29756413022494,0.0025292743300099896
Narino,2024-05-08,2024-05-24,0.5434725504060061,0.3901411620543066,288.45284078468785,73.22897398815076,20.92044397525818,19.051132395587395,0.4388896709994708,3.866658758981104,25.35418381513604,18.086424917875703,311.81888563980306,67.52132150957812,20.869331939229106,19.22868406420916,0.44108480198897126,3.918927703918968,25.0599030239728,18.602097616645864,275.25814208661944,94.60104511947469,21.222001214627433,18.918141335952782,0.4278581178619161,3.9659936973730434,25.83484313736508,18.44490949822234,600.2717264244909,3.97980282296248,3.808120701371623,monthly,215.2238667965371,0.0011133899117458657
Narino,2024-05-24,2024-06-09,0.6916241103718462,0.4027750609152583,221.53669252568466,76.85945809317924,20.73904925344892,18.63087982637989,0.43393759684577116,3.8567618662959755,25.164806275508173,17.880095880181905,288.45284078468785,73.22897398815076,20.92044397525818,19.051132395587395,0.4388896709994708,3.866658758981104,25.35418381513604,18.086424917875703,311.81888563980306,67.52132150957812,20.869331939229106,19.22868406420916,0.44108480198897126,3.918927703918968,25.0599030239728,18.602097616645864,509.9895333103725,3.97980282296248,3.808120701371623,monthly,144.67723443250543,-0.0027780652693536467
Narino,2024-06-09,2024-06-25,0.5741057411427283,0.3712975566623794,258.07840141299147,71.63564411950448,20.211336746414975,18.23675901432832,0.43731134605126,3.850747486449711,24.89087349633965,17.575982383610615,221.53669252568466,76.85945809317924,20.73904925344892,18.63087982637989,0.43393759684577116,3.8567618662959755,25.164806275508173,17.880095880181905,288.45284078468785,73.22897398815076,20.92044397525818,19.051132395587395,0.4388896709994708,3.866658758981104,25.35418381513604,18.086424917875703,479.6150939386761,3.925061092101153,3.97980282296248,monthly,186.44275729348698,0.002748030890588282
Narino,2024-06-25,2024-07-11,0.6398140726776594,0.3990982961527946,205.18980979706595,76.44963312010213,20.040903816690673,17.776728536189836,0.43408333639857777,3.8346451643641264,24.269415788384062,17.144226186649814,258.07840141299147,71.63564411950448,20.211336746414975,18.23675901432832,0.43731134605126,3.850747486449711,24.89087349633965,17.575982383610615,221.53669252568466,76.85945809317924,20.73904925344892,18.63087982637989,0.43393759684577116,3.8567618662959755,25.164806275508173,17.880095880181905,463.2682112100574,3.925061092101153,3.97980282296248,monthly,128.7401766769638,0.003118406598103751
Narino,2024-07-11,2024-07-27,0.4716919751160959,0.3368082250192503,119.81939812662799,99.03256935061168,20.301076240829104,17.249400121888872,0.415778596256529,3.8111001221720424,24.079371095837946,17.34653615000041,205.18980979706595,76.44963312010213,20.040903816690673,17.776728536189836,0.43408333639857777,3.8346451643641264,24.269415788384062,17.144226186649814,258.07840141299147,71.63564411950448,20.211336746414975,18.23675901432832,0.43731134605126,3.850747486449711,24.89087349633965,17.575982383610615,325.0092079236939,4.049195288313671,3.925061092101153,monthly,20.786828776016307,-0.01182547045488408
Narino,2024-07-27,2024-08-12,0.6858461645871312,0.4306156772902615,118.84367377829389,99.26144508563561,20.269186101723946,17.350895072213802,0.40417059194779936,3.7702018732782783,24.45736440660695,17.43665576065371,119.81939812662799,99.03256935061168,20.301076240829104,17.249400121888872,0.415778596256529,3.8111001221720424,24.079371095837946,17.34653615000041,205.18980979706595,76.44963312010213,20.040903816690673,17.776728536189836,0.43408333639857777,3.8346451643641264,24.269415788384062,17.144226186649814,238.66307190492188,4.049195288313671,3.925061092101153,monthly,19.582228692658276,-0.017817438803683527
Narino,2024-08-12,2024-08-28,0.6985778145808875,0.4964082064640452,116.38558811539771,110.11700947442162,20.241717140682113,16.90224247010997,0.4081240334525681,3.7426811799240514,24.71122597685913,17.15222877277797,118.84367377829389,99.26144508563561,20.269186101723946,17.350895072213802,0.40417059194779936,3.7702018732782783,24.45736440660695,17.43665576065371,119.81939812662799,99.03256935061168,20.301076240829104,17.249400121888872,0.415778596256529,3.8111001221720424,24.079371095837946,17.34653615000041,235.2292618936916,4.01445970107961,4.049195288313671,monthly,6.268578640976088,-0.01201552155040514
Narino,2024-08-28,2024-09-13,0.6501165677721739,0.4474702811686147,92.41315905270329,129.61481512537466,20.60135528519283,16.55010580750239,0.3821505679308752,3.7471011235388687,25.069814436192217,16.852770987976342,116.38558811539771,110.11700947442162,20.241717140682113,16.90224247010997,0.4081240334525681,3.7426811799240514,24.71122597685913,17.15222877277797,118.84367377829389,99.26144508563561,20.269186101723946,17.350895072213802,0.40417059194779936,3.7702018732782783,24.45736440660695,17.43665576065371,208.798747168101,4.01445970107961,4.049195288313671,monthly,-37.20165607267137,-0.03597295925824345
Narino,2024-09-13,2024-09-29,0.4879963450318019,0.3127504354449603,103.15287411216138,124.25369808507921,20.845259086897073,17.13004493807286,0.3610155099548342,3.7563587447592037,25.314013267745683,17.627992264751256,92.41315905270329,129.61481512537466,20.60135528519283,16.55010580750239,0.3821505679308752,3.7471011235388687,25.069814436192217,16.852770987976342,116.38558811539771,110.11700947442162,20.241717140682113,16.90224247010997,0.4081240334525681,3.7426811799240514,24.71122597685913,17.15222877277797,195.56603316486468,3.470620466607717,4.01445970107961,monthly,-21.100823972917823,-0.05875740822245312
Narino,2024-09-29,2024-10-15,0.509023330863465,0.3184381137757347,221.9292622687198,95.54867489522277,20.248278740120682,17.86076791104903,0.423345208707872,3.772252295521513,24.32829891010115,17.397685939025553,103.15287411216138,124.25369808507921,20.845259086897073,17.13004493807286,0.3610155099548342,3.7563587447592037,25.314013267745683,17.627992264751256,92.41315905270329,129.61481512537466,20.60135528519283,16.55010580750239,0.3821505679308752,3.7471011235388687,25.069814436192217,16.852770987976342,325.0821363808812,3.470620466607717,4.01445970107961,monthly,126.38058737349704,-0.0049001547684710545
Narino,2024-10-15,2024-10-31,0.4959382536217852,0.2954625567501776,185.1383045949867,100.86556389849521,20.599632157519896,18.007060579213594,0.42180603849061504,3.7866202198794614,25.0430333063629,17.322978640164024,221.9292622687198,95.54867489522277,20.248278740120682,17.86076791104903,0.423345208707872,3.772252295521513,24.32829891010115,17.397685939025553,103.15287411216138,124.25369808507921,20.845259086897073,17.13004493807286,0.3610155099548342,3.7563587447592037,25.314013267745683,17.627992264751256,407.0675668637065,4.509021429555518,3.470620466607717,monthly,84.27274069649148,-0.011631219619169353
Narino,2024-10-31,2024-11-16,0.5651671881344382,0.3462475017676228,63.36517594976464,114.92305151621736,20.181799290401717,17.08380418163882,0.3918388681469156,3.7990856752992306,24.47916492566818,16.53204236852943,185.1383045949867,100.86556389849521,20.599632157519896,18.007060579213594,0.42180603849061504,3.7866202198794614,25.0430333063629,17.322978640164024,221.9292622687198,95.54867489522277,20.248278740120682,17.86076791104903,0.423345208707872,3.772252295521513,24.32829891010115,17.397685939025553,248.50348054475134,4.509021429555518,3.470620466607717,monthly,-51.557875566452715,-0.041545707530051657
Narino,2024-11-16,2024-12-02,0.4654246783276584,0.3128862763616228,144.39832191836308,84.54731826163801,19.946785029646833,17.718329999679632,0.41458832207528334,3.8037901477702216,24.26211838749684,17.417083208576987,63.36517594976464,114.92305151621736,20.181799290401717,17.08380418163882,0.3918388681469156,3.7990856752992306,24.47916492566818,16.53204236852943,185.1383045949867,100.86556389849521,20.599632157519896,18.007060579213594,0.42180603849061504,3.7866202198794614,25.0430333063629,17.322978640164024,207.76349786812773,3.7305791368710217,4.509021429555518,monthly,59.85100365672507,-0.019693083728054395
Narino,2024-12-02,2024-12-18,0.4366185060897777,0.2967441153980715,161.7313453322311,84.25920171054479,20.207463030666425,18.143817920508415,0.42301849737153496,3.8022421121313785,24.07260230095476,17.979876648520566,144.39832191836308,84.54731826163801,19.946785029646833,17.718329999679632,0.41458832207528334,3.8037901477702216,24.26211838749684,17.417083208576987,63.36517594976464,114.92305151621736,20.181799290401717,17.08380418163882,0.3918388681469156,3.7990856752992306,24.47916492566818,16.53204236852943,306.12966725059414,3.238488474100055,3.7305791368710217,monthly,77.4721436216863,-0.012649492213907487
Narino,2024-12-18,2025-01-01,0.4085383156652358,0.294507671890462,220.40754453846145,60.45921000678885,19.87018586989013,18.226288814546724,0.439372994536257,3.834424483670769,23.53515289713668,17.616839633976017,161.7313453322311,84.25920171054479,20.207463030666425,18.143817920508415,0.42301849737153496,3.8022421121313785,24.07260230095476,17.979876648520566,144.39832191836308,84.54731826163801,19.946785029646833,17.718329999679632,0.41458832207528334,3.8037901477702216,24.26211838749684,17.417083208576987,382.13888987069254,3.238488474100055,3.7305791368710217,monthly,159.9483345316726,0.0030242556647473995
Narino,2025-01-01,2025-01-17,0.6062409695038905,0.3878453822955101,240.59828891952438,76.45371507857392,19.848707871801352,18.064275511907802,0.4386946962621374,3.887553805785023,24.08157213116316,17.436319876116126,220.40754453846145,60.45921000678885,19.87018586989013,18.226288814546724,0.439372994536257,3.834424483670769,23.53515289713668,17.616839633976017,161.7313453322311,84.25920171054479,20.207463030666425,18.143817920508415,0.42301849737153496,3.8022421121313785,24.07260230095476,17.979876648520566,461.00583345798583,3.893573725721153,3.238488474100055,monthly,164.14457384095044,0.0038750174941880045
Narino,2025-01-17,2025-02-02,0.750879995835258,0.466783706151781,254.645260022341,91.5894925050907,20.009302474821666,17.700548978831513,0.43280394485793094,3.9147544405558836,24.290946581184443,17.006082982897205,240.59828891952438,76.45371507857392,19.848707871801352,18.064275511907802,0.4386946962621374,3.887553805785023,24.08157213116316,17.436319876116126,220.40754453846145,60.45921000678885,19.87018586989013,18.226288814546724,0.439372994536257,3.834424483670769,23.53515289713668,17.616839633976017,495.24354894186536,3.893573725721153,3.238488474100055,monthly,163.0557675172503,-0.002236878818419774
Narino,2025-02-02,2025-02-18,0.4616198381558464,0.3379328227251588,486.21849440598817,57.986816842279694,19.57635907977113,18.252570971244587,0.44259234685528664,3.921190197739384,23.67144575351486,17.130022361165313,254.645260022341,91.5894925050907,20.009302474821666,17.700548978831513,0.43280394485793094,3.9147544405558836,24.290946581184443,17.006082982897205,240.59828891952438,76.45371507857392,19.848707871801352,18.064275511907802,0.4386946962621374,3.887553805785023,24.08157213116316,17.436319876116126,740.8637544283292,3.693809820707002,3.893573725721153,monthly,428.23167756370844,0.008040491975621011
Narino,2025-02-18,2025-03-06,0.6261438136167933,0.3460753570659574,297.18959726635967,64.35301725270062,19.97888690654179,18.437586003777415,0.44225994464164825,3.9321609300360354,24.39339468079549,17.540220775630164,486.21849440598817,57.986816842279694,19.57635907977113,18.252570971244587,0.44259234685528664,3.921190197739384,23.67144575351486,17.130022361165313,254.645260022341,91.5894925050907,20.009302474821666,17.700548978831513,0.43280394485793094,3.9147544405558836,24.290946581184443,17.006082982897205,783.4080916723478,3.693809820707002,3.893573725721153,monthly,232.83658001365905,0.007770142144397529
Narino,2025-03-06,2025-03-22,0.7114792714320249,0.452649760577363,226.8587003590562,79.3892735690362,20.267567875612542,18.356020874912538,0.43691296176478844,3.945706715149024,24.60921008904373,17.42471805927326,297.18959726635967,64.35301725270062,19.97888690654179,18.437586003777415,0.44225994464164825,3.9321609300360354,24.39339468079549,17.540220775630164,486.21849440598817,57.986816842279694,19.57635907977113,18.252570971244587,0.44259234685528664,3.921190197739384,23.67144575351486,17.130022361165313,524.0482976254159,3.575210401306648,3.693809820707002,monthly,147.46942679002,0.0023724538305850418
Narino,2025-03-22,2025-04-07,0.6535285009061549,0.4792719149351848,259.806232447128,79.20624188588081,20.601853863739077,18.61733885936816,0.43834299905946805,3.959259961466831,24.934726686932887,18.19828291221105,226.8587003590562,79.3892735690362,20.267567875612542,18.356020874912538,0.43691296176478844,3.945706715149024,24.60921008904373,17.42471805927326,297.18959726635967,64.35301725270062,19.97888690654179,18.437586003777415,0.44225994464164825,3.9321609300360354,24.39339468079549,17.540220775630164,486.6649328061842,3.575210401306648,3.693809820707002,monthly,180.5999905612472,0.003678402433490491
Narino,2025-04-07,2025-04-23,0.6922145839350402,0.3994648331544546,368.4733729452761,83.34174311977623,20.638559129533647,18.577686060125515,0.4362146176935822,3.9648375521936647,25.239892665938164,17.625556853492895,259.806232447128,79.20624188588081,20.601853863739077,18.61733885936816,0.43834299905946805,3.959259961466831,24.934726686932887,18.19828291221105,226.8587003590562,79.3892735690362,20.267567875612542,18.356020874912538,0.43691296176478844,3.945706715149024,24.60921008904373,17.42471805927326,628.2796053924042,3.658385648213721,3.575210401306648,monthly,285.1316298254999,-0.0007526419473313228
Narino,2025-04-23,2025-05-09,0.6114914019024736,0.4403979171974744,309.6325678366706,65.89788336836483,20.137999315508715,18.51023844385961,0.44055983258072895,3.915169232210471,24.127810139070814,17.523309469176294,368.4733729452761,83.34174311977623,20.638559129533647,18.577686060125515,0.4362146176935822,3.9648375521936647,25.239892665938164,17.625556853492895,259.806232447128,79.20624188588081,20.601853863739077,18.61733885936816,0.43834299905946805,3.959259961466831,24.934726686932887,18.19828291221105,678.1059407819466,3.658385648213721,3.575210401306648,monthly,243.73468446830577,0.0020043049217676745
Narino,2025-05-09,2025-05-25,0.5874004415403036,0.3436980559412848,231.51752947105308,80.89992627863586,20.506491438616965,18.411605288252147,0.43627565755283004,3.864877170695522,24.46872725658472,17.758630518650026,309.6325678366706,65.89788336836483,20.137999315508715,18.51023844385961,0.44055983258072895,3.915169232210471,24.127810139070814,17.523309469176294,368.4733729452761,83.34174311977623,20.638559129533647,18.577686060125515,0.4362146176935822,3.9648375521936647,25.239892665938164,17.625556853492895,541.1500973077236,4.104168840245139,3.658385648213721,monthly,150.61760319241722,-0.0015006235348948849
Narino,2025-05-25,2025-06-10,0.5493845400947178,0.3609068686491299,225.7255604030994,78.15269800043686,20.32583170565963,18.26360400911046,0.43710653706490776,3.8565337586716715,24.351687681472267,17.77458663871591,231.51752947105308,80.89992627863586,20.506491438616965,18.411605288252147,0.43627565755283004,3.864877170695522,24.46872725658472,17.758630518650026,309.6325678366706,65.89788336836483,20.137999315508715,18.51023844385961,0.44055983258072895,3.915169232210471,24.127810139070814,17.523309469176294,457.2430898741525,4.104168840245139,3.658385648213721,monthly,147.57286240266254,0.00039087494978296
Narino,2025-06-10,2025-06-26,0.6367050427382027,0.4064158181907273,242.6957998145811,73.38218031493452,20.014571042919492,17.97752612482277,0.4361534612714071,3.849991179355575,24.39671896597083,17.151393425531538,225.7255604030994,78.15269800043686,20.32583170565963,18.26360400911046,0.43710653706490776,3.8565337586716715,24.351687681472267,17.77458663871591,231.51752947105308,80.89992627863586,20.506491438616965,18.411605288252147,0.43627565755283004,3.864877170695522,24.46872725658472,17.758630518650026,468.4213602176805,3.600184890162491,4.104168840245139,monthly,169.3136194996466,0.0015901461107353798
Narino,2025-06-26,2025-07-12,0.5778051912806792,0.3929668590956069,200.59605287771166,79.73351598572377,19.731063750918928,17.4215771777872,0.4346430889871909,3.8335678067087073,23.67173889891503,16.886719426292935,242.6957998145811,73.38218031493452,20.014571042919492,17.97752612482277,0.4361534612714071,3.849991179355575,24.39671896597083,17.151393425531538,225.7255604030994,78.15269800043686,20.32583170565963,18.26360400911046,0.43710653706490776,3.8565337586716715,24.351687681472267,17.77458663871591,443.29185269229276,3.600184890162491,4.104168840245139,monthly,120.86253689198789,0.0036781591867168784
Narino,2025-07-12,2025-07-28,0.5311451039652394,0.3569237654005041,158.7389905211507,87.13592777793784,20.10717964200235,17.426503189281675,0.4237879028702954,3.808871511415154,24.41523614290536,17.02798577774127,200.59605287771166,79.73351598572377,19.731063750918928,17.4215771777872,0.4346430889871909,3.8335678067087073,23.67173889891503,16.886719426292935,242.6957998145811,73.38218031493452,20.014571042919492,17.97752612482277,0.4361534612714071,3.849991179355575,24.39671896597083,17.151393425531538,359.33504339886235,3.953218635919428,3.600184890162491,monthly,71.60306274321286,-0.0038161638411177146
Narino,2025-07-28,2025-08-13,0.6232014630326688,0.4079121699287965,168.25908733060206,92.29446770452813,19.90231090143019,17.118842604111467,0.4182666729416594,3.767584408106331,23.855364606019453,16.626275916412144,158.7389905211507,87.13592777793784,20.10717964200235,17.426503189281675,0.4237879028702954,3.808871511415154,24.41523614290536,17.02798577774127,200.59605287771166,79.73351598572377,19.731063750918928,17.4215771777872,0.4346430889871909,3.8335678067087073,23.67173889891503,16.886719426292935,326.9980778517528,3.953218635919428,3.600184890162491,monthly,75.96461962607393,-0.0037213578098234668
Narino,2025-08-13,2025-08-29,0.5703261822004474,0.3403438555693289,170.27929625300058,86.66317534329215,19.777822326431362,17.330413085766104,0.4319508984980117,3.7424652345149143,23.667162814950128,17.107780880871395,168.25908733060206,92.29446770452813,19.90231090143019,17.118842604111467,0.4182666729416594,3.767584408106331,23.855364606019453,16.626275916412144,158.7389905211507,87.13592777793784,20.10717964200235,17.426503189281675,0.4237879028702954,3.808871511415154,24.41523614290536,17.02798577774127,338.53838358360264,3.604911983664766,3.953218635919428,monthly,83.61612090970843,0.011811343495038484
Narino,2025-08-29,2025-09-14,0.386605546733683,0.2793909289765848,135.56774486648996,99.43064533290448,19.91983908303356,17.08492079138594,0.4230777172234677,3.7474485700227342,24.16405869991626,17.08621761679589,170.27929625300058,86.66317534329215,19.777822326431362,17.330413085766104,0.4319508984980117,3.7424652345149143,23.667162814950128,17.107780880871395,168.25908733060206,92.29446770452813,19.90231090143019,17.118842604111467,0.4182666729416594,3.767584408106331,23.855364606019453,16.626275916412144,305.84704111949054,3.604911983664766,3.953218635919428,monthly,36.137099533585484,0.004954190034349049
Narino,2025-09-14,2025-09-30,0.6448472601094762,0.4427342192779422,227.19508534027966,92.4953132316426,19.92570601488822,17.448057536093472,0.4278142433022007,3.7572765340463627,23.99120971604596,17.12138121956997,135.56774486648996,99.43064533290448,19.91983908303356,17.08492079138594,0.4230777172234677,3.7474485700227342,24.16405869991626,17.08621761679589,170.27929625300058,86.66317534329215,19.777822326431362,17.330413085766104,0.4319508984980117,3.7424652345149143,23.667162814950128,17.107780880871395,362.76283020676965,3.491631809661707,3.604911983664766,monthly,134.69977210863706,0.008041325124913346
Narino,2025-09-30,2025-10-16,0.4953180728381788,0.3296062823124596,216.17193593243192,77.95271428054369,19.563023620018935,17.58698956506161,0.43525043726970053,3.7732537075636343,23.69805431296991,16.8304699763475,227.19508534027966,92.4953132316426,19.92570601488822,17.448057536093472,0.4278142433022007,3.7572765340463627,23.99120971604596,17.12138121956997,135.56774486648996,99.43064533290448,19.91983908303356,17.08492079138594,0.4230777172234677,3.7474485700227342,24.16405869991626,17.08621761679589,443.36702127271155,3.491631809661707,3.604911983664766,monthly,138.21922165188823,0.007005073793357464
Narino,2025-10-16,2025-11-01,0.5658001423305937,0.3366551764956522,272.1304331720416,77.0102926946529,19.801170971160616,17.95784893145709,0.4384714292672577,3.7874000018336975,23.75963626977423,17.34120829950651,216.17193593243192,77.95271428054369,19.563023620018935,17.58698956506161,0.43525043726970053,3.7732537075636343,23.69805431296991,16.8304699763475,227.19508534027966,92.4953132316426,19.92570601488822,17.448057536093472,0.4278142433022007,3.7572765340463627,23.99120971604596,17.12138121956997,488.30236910447354,3.8425151796806114,3.491631809661707,monthly,195.1201404773887,0.005034171157473288
Narino,2025-11-01,2025-11-17,0.5014328593940688,0.309927789352779,255.51252493562566,71.42174881985935,19.77607233473396,18.12832449182781,0.4399865259819821,3.7998102803275504,24.015211241983284,17.508802814395295,272.1304331720416,77.0102926946529,19.801170971160616,17.95784893145709,0.4384714292672577,3.7874000018336975,23.75963626977423,17.34120829950651,216.17193593243192,77.95271428054369,19.563023620018935,17.58698956506161,0.43525043726970053,3.7732537075636343,23.69805431296991,16.8304699763475,527.6429581076673,3.6075506588898856,3.8425151796806114,monthly,184.09077611576632,0.00660195030501487
Narino,2025-11-17,2025-12-03,0.5214242985641466,0.3292163949143801,243.7098003710491,72.82342058185256,19.83356680306136,18.157232420590216,0.44046970018923803,3.8036513663600093,23.44227195850617,17.46338216496587,255.51252493562566,71.42174881985935,19.77607233473396,18.12832449182781,0.4399865259819821,3.7998102803275504,24.015211241983284,17.508802814395295,272.1304331720416,77.0102926946529,19.801170971160616,17.95784893145709,0.4384714292672577,3.7874000018336975,23.75963626977423,17.34120829950651,499.22232530667475,3.6075506588898856,3.8425151796806114,monthly,170.88637978919655,0.006188294385900295
Narino,2025-12-03,2025-12-19,0.63161345444182,0.3661892325170234,72.78554164624074,104.71061633083079,20.04367148111881,17.321889938400176,0.4060584307413331,3.802785909511879,24.63453856254338,16.596121552392635,243.7098003710491,72.82342058185256,19.83356680306136,18.157232420590216,0.44046970018923803,3.8036513663600093,23.44227195850617,17.46338216496587,255.51252493562566,71.42174881985935,19.77607233473396,18.12832449182781,0.4399865259819821,3.7998102803275504,24.015211241983284,17.508802814395295,316.4953420172899,4.033719067736019,3.6075506588898856,monthly,-31.925074684590044,-0.029609558844109374
Narino,2025-12-19,2026-01-01,0.5245350762642378,0.3130564780341422,142.67684349130857,60.90889488622187,19.72436929959468,17.87652141322082,0.42961385371245825,3.8362023824866074,23.55371430849519,17.11233816583672,72.78554164624074,104.71061633083079,20.04367148111881,17.321889938400176,0.4060584307413331,3.802785909511879,24.63453856254338,16.596121552392635,243.7098003710491,72.82342058185256,19.83356680306136,18.157232420590216,0.44046970018923803,3.8036513663600093,23.44227195850617,17.46338216496587,215.46238513754932,4.033719067736019,3.6075506588898856,monthly,81.7679486050867,-0.006734885159051351
Narino,2026-01-01,2026-01-17,0.4734850024615399,0.2753633724923978,348.97801869905845,65.49194636361862,19.51399334934836,18.009640629854665,0.4412706623821852,3.887553805785023,23.426081818311005,17.48607200535418,142.67684349130857,60.90889488622187,19.72436929959468,17.87652141322082,0.42961385371245825,3.8362023824866074,23.55371430849519,17.11233816583672,72.78554164624074,104.71061633083079,20.04367148111881,17.321889938400176,0.4060584307413331,3.802785909511879,24.63453856254338,16.596121552392635,491.654862190367,3.2235109404618822,4.033719067736019,monthly,283.4860723354398,0.006450983614235795
Narino,2026-01-17,2026-02-02,0.6485671349839427,0.3518846050384143,347.705436357972,63.88055379654643,19.800338613012592,18.284855938857714,0.4409290961090677,3.9147544405558836,23.827101085392208,17.258282277514592,348.97801869905845,65.49194636361862,19.51399334934836,18.009640629854665,0.4412706623821852,3.887553805785023,23.426081818311005,17.48607200535418,142.67684349130857,60.90889488622187,19.72436929959468,17.87652141322082,0.42961385371245825,3.8362023824866074,23.55371430849519,17.11233816583672,696.6834550570304,3.2235109404618822,4.033719067736019,monthly,283.82488256142557,0.005888272432717001
Narino,2026-02-02,2026-02-18,0.6098096201443529,0.3338251014966184,223.39062866882216,75.14173500088435,19.78900002005402,17.963253155124193,0.4380522612543817,3.921190197739384,24.24702188596316,16.93671122717599,347.705436357972,63.88055379654643,19.800338613012592,18.284855938857714,0.4409290961090677,3.9147544405558836,23.827101085392208,17.258282277514592,348.97801869905845,65.49194636361862,19.51399334934836,18.009640629854665,0.4412706623821852,3.887553805785023,23.426081818311005,17.48607200535418,571.0960650267941,3.143255571962368,3.2235109404618822,monthly,148.2488936679378,0.0035004063747160474
Narino,2026-02-18,2026-03-06,0.6646007521878012,0.4390831890522329,246.54916058994166,82.5082805580615,20.317753284262807,18.270333189701468,0.4353102201828881,3.9321609300360354,25.266440107355145,17.705585138640753,223.39062866882216,75.14173500088435,19.78900002005402,17.963253155124193,0.4380522612543817,3.921190197739384,24.24702188596316,16.93671122717599,347.705436357972,63.88055379654643,19.800338613012592,18.284855938857714,0.4409290961090677,3.9147544405558836,23.827101085392208,17.258282277514592,469.9397892587638,3.143255571962368,3.2235109404618822,monthly,164.04088003188016,0.0008204176856373979
Narino,2026-03-06,2026-03-22,0.7896728257350589,0.4752443325174588,173.72937132948562,95.79648229151849,20.601353231145925,18.375781130195502,0.4281873055503552,3.945706715149024,25.63599307375676,17.441593639870824,246.54916058994166,82.5082805580615,20.317753284262807,18.270333189701468,0.4353102201828881,3.9321609300360354,25.266440107355145,17.705585138640753,223.39062866882216,75.14173500088435,19.78900002005402,17.963253155124193,0.4380522612543817,3.921190197739384,24.24702188596316,16.93671122717599,420.2785319194273,3.8404125940015112,3.143255571962368,monthly,77.93288903796713,-0.006353202383848178
Narino,2026-03-22,2026-04-07,0.734023742335332,0.4800171694336609,119.43418972800676,93.77302384744887,20.62878835070343,18.32911582290036,0.4153023128978064,3.959259961466831,25.076412388132685,17.82008263852763,173.72937132948562,95.79648229151849,20.601353231145925,18.375781130195502,0.4281873055503552,3.945706715149024,25.63599307375676,17.441593639870824,246.54916058994166,82.5082805580615,20.317753284262807,18.270333189701468,0.4353102201828881,3.9321609300360354,25.266440107355145,17.705585138640753,293.16356105749236,3.8404125940015112,3.143255571962368,monthly,25.66116588055789,-0.01936228372817117
Narino,2026-04-07,2026-04-23,0.7261183972622908,0.4608425953844718,212.86827100217508,89.12012460746963,20.756424930271663,18.57286493707585,0.4313638720257277,3.9648375521936647,25.320181414497767,18.02171636628869,119.43418972800676,93.77302384744887,20.62878835070343,18.32911582290036,0.4153023128978064,3.959259961466831,25.076412388132685,17.82008263852763,173.72937132948562,95.79648229151849,20.601353231145925,18.375781130195502,0.4281873055503552,3.945706715149024,25.63599307375676,17.441593639870824,332.30246073018185,4.1517367162284815,3.8404125940015112,monthly,123.74814639470544,-0.005603387615185862
Narino,2026-04-23,2026-05-09,0.7371693707061068,0.4164339426974836,202.6214977900374,85.64247389735085,20.61475477999403,18.540573415085486,0.43412180426563707,3.915169232210471,24.37623592678901,18.127008567587204,212.86827100217508,89.12012460746963,20.756424930271663,18.57286493707585,0.4313638720257277,3.9648375521936647,25.320181414497767,18.02171636628869,119.43418972800676,93.77302384744887,20.62878835070343,18.32911582290036,0.4153023128978064,3.959259961466831,25.076412388132685,17.82008263852763,415.4897687922125,4.1517367162284815,3.8404125940015112,monthly,116.97902389268656,-0.004433723393324207
Narino,2026-05-09,2026-05-25,0.617261188175703,0.4229039668669639,220.0175158759323,83.86618768464072,21.018825329524383,18.7972805169538,0.43443022549027177,3.864877170695522,24.73034908777428,18.5795182596162,202.6214977900374,85.64247389735085,20.61475477999403,18.540573415085486,0.43412180426563707,3.915169232210471,24.37623592678901,18.127008567587204,212.86827100217508,89.12012460746963,20.756424930271663,18.57286493707585,0.4313638720257277,3.9648375521936647,25.320181414497767,18.02171636628869,422.63901366596974,4.114852904429436,4.1517367162284815,monthly,136.15132819129158,-0.003346055597453157
Narino,2026-05-25,2026-06-10,0.6396718854765306,0.4135120133989022,178.63110281504544,78.0722008811062,20.75551031649981,18.57690357570683,0.4336944444227574,3.8565337586716715,25.100042799070405,17.743669725565425,220.0175158759323,83.86618768464072,21.018825329524383,18.7972805169538,0.43443022549027177,3.864877170695522,24.73034908777428,18.5795182596162,202.6214977900374,85.64247389735085,20.61475477999403,18.540573415085486,0.43412180426563707,3.915169232210471,24.37623592678901,18.127008567587204,398.64861869097774,4.114852904429436,4.1517367162284815,monthly,100.55890193393924,-0.003021217692367406
Narino,2026-06-10,2026-06-26,0.7594435417161315,0.4967565988774444,213.2113874109168,83.02729578326344,20.50451607042567,18.14480421985816,0.4324674917011518,3.849991179355575,25.222648137406537,17.592586208575593,178.63110281504544,78.0722008811062,20.75551031649981,18.57690357570683,0.4336944444227574,3.8565337586716715,25.100042799070405,17.743669725565425,220.0175158759323,83.86618768464072,21.018825329524383,18.7972805169538,0.43443022549027177,3.864877170695522,24.73034908777428,18.5795182596162,391.84249022596225,3.60719905976175,4.114852904429436,monthly,130.18409162765337,-0.0020958234595199188
Narino,2026-06-26,2026-07-12,0.5925050704698083,0.3346422973878677,240.3663856434233,83.62566205110063,20.928105567875814,18.475769487815597,0.43022095115025577,3.8335678067087073,24.753239395380547,18.44474621421512,213.2113874109168,83.02729578326344,20.50451607042567,18.14480421985816,0.4324674917011518,3.849991179355575,25.222648137406537,17.592586208575593,178.63110281504544,78.0722008811062,20.75551031649981,18.57690357570683,0.4336944444227574,3.8565337586716715,25.100042799070405,17.743669725565425,453.5777730543401,3.60719905976175,4.114852904429436,monthly,156.7407235923227,-0.0007439786502182466
Narino,2026-07-12,2026-07-28,0.6770424462725101,0.384967393649451,162.6167750302332,87.2594118114582,20.639030152579902,18.005109154850118,0.42668219261004986,3.808871511415154,25.12360299166035,17.615766208805194,240.3663856434233,83.62566205110063,20.928105567875814,18.475769487815597,0.43022095115025577,3.8335678067087073,24.753239395380547,18.44474621421512,213.2113874109168,83.02729578326344,20.50451607042567,18.14480421985816,0.4324674917011518,3.849991179355575,25.222648137406537,17.592586208575593,402.9831606736565,3.7134042811410377,3.60719905976175,monthly,75.35736321877502,-0.0009218741013632403
